P0;0;1024;2
P0;1024;1024;2
P0;2048;795;2
P1;3072;1024;4
P1;4096;222;4
P2;5120;1024;7
P2;6144;1024;7
P2;7168;924;7
P3;8192;1024;9
P3;9216;76;9
P4;10240;482;10
P5;11264;1024;12
P5;12288;374;12
P6;13312;1024;14
P6;14336;456;14
P7;15360;109;15
P8;16384;1024;18
P8;17408;1024;18
P8;18432;595;18
P9;19456;1024;21
P9;20480;1024;21
P9;21504;660;21
P10;22528;1024;23
P10;23552;595;23
P11;24576;1024;25
P11;25600;536;25
P12;26624;1024;28
P12;27648;1024;28
P12;28672;243;28
P13;29696;1024;31
P13;30720;1024;31
P13;31744;1023;31
P14;32768;1024;35
P14;33792;1024;35
P14;34816;1024;35
P14;35840;108;35
P15;36864;1024;39
P15;37888;1024;39
P15;38912;1024;39
P15;39936;225;39
P16;40960;1024;41
P16;41984;577;41
P17;43008;1024;44
P17;44032;1024;44
P17;45056;229;44
P18;46080;1024;46
P18;47104;674;46
P19;48128;1024;48
P19;49152;303;48
P20;50176;1024;51
P20;51200;1024;51
P20;52224;502;51
P21;53248;984;52
P22;54272;617;53
P23;55296;1024;56
P23;56320;1024;56
P23;57344;577;56
P24;58368;796;57
P25;59392;1024;59
P25;60416;159;59
P26;61440;1024;62
P26;62464;1024;62
P26;63488;598;62
P27;64512;284;63
P28;65536;825;64
P29;66560;416;65
P30;67584;1024;67
P30;68608;135;67
P31;69632;1024;69
P31;70656;904;69
P32;71680;708;70
P33;72704;578;71
P34;73728;1024;73
P34;74752;126;73
P35;75776;1024;75
P35;76800;372;75
P36;77824;1024;78
P36;78848;1024;78
P36;79872;442;78
P37;80896;1024;80
P37;81920;869;80
P38;82944;1024;82
P38;83968;329;82
P39;84992;293;83
P40;86016;1024;86
P40;87040;1024;86
P40;88064;372;86
P41;89088;685;87
P42;90112;1024;89
P42;91136;775;89
P43;92160;580;90
P44;93184;1024;92
P44;94208;753;92
P45;95232;907;93
P46;96256;1024;96
P46;97280;1024;96
P46;98304;272;96
P47;99328;105;97
P48;100352;998;98
P49;101376;1024;100
P49;102400;712;100
P50;103424;1024;104
P50;104448;1024;104
P50;105472;1024;104
P50;106496;1;104
P51;107520;459;105
P52;108544;29;106
P53;109568;254;107
P54;110592;956;108
P55;111616;195;109
P56;112640;1024;112
P56;113664;1024;112
P56;114688;62;112
P57;115712;1024;114
P57;116736;558;114
P58;117760;1024;117
P58;118784;1024;117
P58;119808;699;117
P59;120832;144;118
P60;121856;1024;120
P60;122880;862;120
P61;123904;1024;123
P61;124928;1024;123
P61;125952;827;123
P62;126976;1024;125
P62;128000;579;125
M13;129024;1024;0
M13;130048;1024;0
M13;131072;1024;0
M13;132096;1024;0
M13;133120;1024;0
M13;134144;1024;0
M13;135168;1024;0
M13;136192;560;0
P63;137216;1024;136
P63;138240;1024;136
P63;139264;3;136
P64;140288;369;137
P65;141312;1024;140
P65;142336;1024;140
P65;143360;563;140
P66;144384;1024;142
P66;145408;378;142
P67;146432;1024;145
P67;147456;1024;145
P67;148480;183;145
M20;149504;1024;0
M20;150528;1024;0
M20;151552;1024;0
M20;152576;1024;0
M20;153600;1024;0
M20;154624;1024;0
M20;155648;552;0
P68;156672;1024;154
P68;157696;771;154
P69;158720;1024;156
P69;159744;652;156
P70;160768;1024;159
P70;161792;1024;159
P70;162816;49;159
P71;163840;288;160
P72;164864;270;161
P73;165888;931;162
P74;166912;46;163
P75;167936;905;164
P76;168960;1024;167
P76;169984;1024;167
P76;171008;114;167
P77;172032;15;168
P78;173056;716;169
P79;174080;1024;172
P79;175104;1024;172
P79;176128;773;172
P80;177152;1024;174
P80;178176;807;174
P81;179200;1024;177
P81;180224;1024;177
P81;181248;260;177
P82;182272;1024;180
P82;183296;1024;180
P82;184320;196;180
P83;185344;1024;182
P83;186368;1009;182
P84;187392;402;183
P85;188416;619;184
P86;189440;1024;186
P86;190464;696;186
P87;191488;403;187
P88;192512;1024;190
P88;193536;1024;190
P88;194560;472;190
P89;195584;857;191
P90;196608;1024;194
P90;197632;1024;194
P90;198656;122;194
P91;199680;770;195
P92;200704;1024;197
P92;201728;988;197
P93;202752;1024;199
P93;203776;65;199
P94;204800;1024;201
P94;205824;332;201
P95;206848;1024;204
P95;207872;1024;204
P95;208896;298;204
P96;209920;1024;206
P96;210944;935;206
P97;211968;1024;209
P97;212992;1024;209
P97;214016;489;209
P98;215040;177;210
P99;216064;1024;212
P99;217088;958;212
P100;218112;1;213
P101;219136;1024;215
P101;220160;197;215
P102;221184;1024;218
P102;222208;1024;218
P102;223232;86;218
P103;224256;1024;221
P103;225280;1024;221
P103;226304;346;221
P105;227328;159;222
P107;228352;184;223
M24;229376;1024;0
M24;230400;1024;0
M24;231424;1024;0
M24;232448;1024;0
M24;233472;435;0
P104;234496;1024;231
P104;235520;1024;231
P104;236544;447;231
P106;237568;1024;233
P106;238592;910;233
P108;239616;13;234
P109;240640;923;235
P110;241664;1024;237
P110;242688;857;237
P111;243712;752;238
P112;244736;1024;241
P112;245760;1024;241
P112;246784;543;241
P113;247808;1024;243
P113;248832;141;243
P114;249856;1024;246
P114;250880;1024;246
P114;251904;228;246
P115;252928;480;247
P116;253952;1024;250
P116;254976;1024;250
P116;256000;219;250
P117;257024;1024;252
P117;258048;442;252
P118;259072;1024;255
P118;260096;1024;255
P118;261120;422;255
P119;262144;736;256
P120;263168;883;257
P121;264192;1024;260
P121;265216;1024;260
P121;266240;306;260
P122;267264;813;261
P123;268288;1024;264
P123;269312;1024;264
P123;270336;121;264
P124;271360;1024;266
P124;272384;142;266
P125;273408;1024;268
P125;274432;33;268
P126;275456;1024;270
P126;276480;872;270
P127;277504;1024;273
P127;278528;1024;273
P127;279552;184;273
P128;280576;510;274
P129;281600;1024;276
P129;282624;608;276
P130;283648;1024;279
P130;284672;1024;279
P130;285696;159;279
P131;286720;1024;282
P131;287744;1024;282
P131;288768;436;282
P132;289792;1024;284
P132;290816;394;284
P133;291840;345;285
P134;292864;1024;287
P134;293888;607;287
P135;294912;21;288
P136;295936;1024;291
P136;296960;1024;291
P136;297984;153;291
P137;299008;636;292
P138;300032;404;293
P139;301056;1024;296
P139;302080;1024;296
P139;303104;284;296
P140;304128;188;297
P141;305152;1024;300
P141;306176;1024;300
P141;307200;195;300
P142;308224;1024;303
P142;309248;1024;303
P142;310272;440;303
M30;311296;1024;0
M30;312320;1024;0
M30;313344;884;0
P143;314368;190;307
P145;315392;1024;309
P145;316416;925;309
M21;317440;1024;0
M21;318464;395;0
P144;319488;1024;314
P144;320512;1024;314
P144;321536;511;314
P146;322560;1024;317
P146;323584;1024;317
P146;324608;393;317
P147;325632;1024;319
P147;326656;615;319
P148;327680;1024;321
P148;328704;617;321
P149;329728;1024;324
P149;330752;1024;324
P149;331776;125;324
P150;332800;898;325
P151;333824;386;326
P152;334848;1024;328
P152;335872;58;328
P153;336896;1024;330
P153;337920;226;330
P154;338944;322;331
P155;339968;330;332
P156;340992;1024;335
P156;342016;1024;335
P156;343040;335;335
P157;344064;1024;337
P157;345088;22;337
P158;346112;1024;339
P158;347136;216;339
P159;348160;862;340
P160;349184;1024;343
P160;350208;1024;343
P160;351232;78;343
P162;352256;958;344
P168;353280;407;345
M14;354304;1024;0
M14;355328;1024;0
M14;356352;1024;0
M14;357376;1024;0
M14;358400;1024;0
M14;359424;1024;0
M14;360448;1024;0
M14;361472;1024;0
M14;362496;1024;0
M14;363520;1024;0
M14;364544;563;0
P161;365568;1024;359
P161;366592;1024;359
P161;367616;113;359
P163;368640;1024;361
P163;369664;202;361
P164;370688;1024;363
P164;371712;785;363
P165;372736;1024;365
P165;373760;769;365
P166;374784;1024;367
P166;375808;948;367
P167;376832;1024;369
P167;377856;136;369
P169;378880;1024;372
P169;379904;1024;372
P169;380928;347;372
P170;381952;711;373
P171;382976;1024;375
P171;384000;794;375
P172;385024;901;376
P173;386048;609;377
P174;387072;811;378
P175;388096;1024;380
P175;389120;733;380
P176;390144;1024;382
P176;391168;26;382
M28;392192;1024;0
M28;393216;1024;0
M28;394240;1024;0
M28;395264;1024;0
M28;396288;1024;0
M28;397312;1024;0
M28;398336;713;0
P177;399360;1024;391
P177;400384;488;391
P178;401408;1024;393
P178;402432;768;393
P179;403456;1024;395
P179;404480;268;395
P180;405504;1024;397
P180;406528;767;397
P181;407552;1024;399
P181;408576;104;399
P182;409600;1024;401
P182;410624;834;401
P183;411648;257;402
P184;412672;1024;404
P184;413696;464;404
P185;414720;1024;406
P185;415744;133;406
P186;416768;517;407
P187;417792;130;408
P188;418816;988;409
P189;419840;1024;411
P189;420864;714;411
P191;421888;92;412
M48;422912;1024;0
M48;423936;1024;0
M48;424960;375;0
P190;425984;1024;417
P190;427008;854;417
P192;428032;1024;419
P192;429056;81;419
P193;430080;1024;421
P193;431104;52;421
P194;432128;777;422
P195;433152;606;423
P196;434176;1024;426
P196;435200;1024;426
P196;436224;147;426
P197;437248;356;427
P198;438272;384;428
P199;439296;1024;430
P199;440320;74;430
P200;441344;1024;432
P200;442368;967;432
P201;443392;141;433
P202;444416;911;434
P203;445440;126;435
P204;446464;554;436
P205;447488;279;437
P206;448512;1024;439
P206;449536;777;439
P207;450560;496;440
P208;451584;1024;443
P208;452608;1024;443
P208;453632;167;443
P209;454656;1024;445
P209;455680;922;445
P210;456704;1024;447
P210;457728;308;447
P211;458752;1024;449
P211;459776;461;449
P212;460800;735;450
P213;461824;1024;452
P213;462848;386;452
P214;463872;45;453
P215;464896;1024;456
P215;465920;1024;456
P215;466944;60;456
P216;467968;1024;458
P216;468992;355;458
P217;470016;678;459
P218;471040;564;460
P219;472064;247;461
P220;473088;1024;463
P220;474112;219;463
P221;475136;1024;465
P221;476160;182;465
P222;477184;1024;468
P222;478208;1024;468
P222;479232;25;468
P223;480256;731;469
P224;481280;120;470
P225;482304;1024;472
P225;483328;128;472
P226;484352;1024;474
P226;485376;875;474
P227;486400;859;475
P228;487424;382;476
P229;488448;1024;478
P229;489472;448;478
P230;490496;1024;480
P230;491520;266;480
P231;492544;55;481
P232;493568;140;482
P233;494592;1024;484
P233;495616;880;484
P234;496640;892;485
P235;497664;832;486
P236;498688;115;487
P237;499712;833;488
P238;500736;792;489
P239;501760;1024;491
P239;502784;759;491
P240;503808;941;492
P241;504832;1024;494
P241;505856;844;494
P242;506880;452;495
P243;507904;794;496
P244;508928;1024;498
P244;509952;756;498
P245;510976;935;499
P246;512000;815;500
P247;513024;1024;502
P247;514048;316;502
P248;515072;1024;504
P248;516096;604;504
P249;517120;1024;506
P249;518144;742;506
L;519168;0;0
L;520192;0;0
L;521216;0;0
L;522240;0;0
L;523264;0;0
L;524288;0;0
L;525312;0;0
L;526336;0;0
L;527360;0;0
L;528384;0;0
L;529408;0;0
L;530432;0;0
L;531456;0;0
L;532480;0;0
L;533504;0;0
L;534528;0;0
L;535552;0;0
L;536576;0;0
L;537600;0;0
L;538624;0;0
L;539648;0;0
L;540672;0;0
L;541696;0;0
L;542720;0;0
M45;543744;1024;0
M45;544768;721;0
L;545792;0;0
L;546816;0;0
L;547840;0;0
L;548864;0;0
L;549888;0;0
L;550912;0;0
L;551936;0;0
L;552960;0;0
L;553984;0;0
L;555008;0;0
L;556032;0;0
L;557056;0;0
L;558080;0;0
L;559104;0;0
L;560128;0;0
L;561152;0;0
L;562176;0;0
L;563200;0;0
L;564224;0;0
L;565248;0;0
L;566272;0;0
L;567296;0;0
L;568320;0;0
L;569344;0;0
L;570368;0;0
L;571392;0;0
L;572416;0;0
L;573440;0;0
L;574464;0;0
L;575488;0;0
L;576512;0;0
L;577536;0;0
L;578560;0;0
L;579584;0;0
L;580608;0;0
L;581632;0;0
L;582656;0;0
L;583680;0;0
L;584704;0;0
L;585728;0;0
L;586752;0;0
L;587776;0;0
L;588800;0;0
L;589824;0;0
L;590848;0;0
L;591872;0;0
L;592896;0;0
L;593920;0;0
L;594944;0;0
L;595968;0;0
L;596992;0;0
L;598016;0;0
L;599040;0;0
L;600064;0;0
L;601088;0;0
L;602112;0;0
L;603136;0;0
L;604160;0;0
L;605184;0;0
L;606208;0;0
L;607232;0;0
L;608256;0;0
L;609280;0;0
L;610304;0;0
L;611328;0;0
L;612352;0;0
L;613376;0;0
L;614400;0;0
L;615424;0;0
L;616448;0;0
L;617472;0;0
L;618496;0;0
L;619520;0;0
L;620544;0;0
L;621568;0;0
L;622592;0;0
L;623616;0;0
L;624640;0;0
L;625664;0;0
L;626688;0;0
L;627712;0;0
L;628736;0;0
L;629760;0;0
L;630784;0;0
L;631808;0;0
L;632832;0;0
L;633856;0;0
L;634880;0;0
L;635904;0;0
L;636928;0;0
L;637952;0;0
M11;638976;1024;0
M11;640000;1024;0
M11;641024;1024;0
M11;642048;1024;0
M11;643072;1024;0
M11;644096;1024;0
M11;645120;817;0
L;646144;0;0
L;647168;0;0
L;648192;0;0
L;649216;0;0
L;650240;0;0
L;651264;0;0
L;652288;0;0
L;653312;0;0
L;654336;0;0
L;655360;0;0
L;656384;0;0
L;657408;0;0
L;658432;0;0
L;659456;0;0
L;660480;0;0
L;661504;0;0
L;662528;0;0
L;663552;0;0
L;664576;0;0
M37;665600;1024;0
M37;666624;1024;0
M37;667648;1024;0
M37;668672;1024;0
M37;669696;1024;0
M37;670720;1024;0
M37;671744;245;0
L;672768;0;0
L;673792;0;0
L;674816;0;0
L;675840;0;0
L;676864;0;0
L;677888;0;0
L;678912;0;0
L;679936;0;0
L;680960;0;0
L;681984;0;0
L;683008;0;0
L;684032;0;0
L;685056;0;0
L;686080;0;0
L;687104;0;0
L;688128;0;0
L;689152;0;0
L;690176;0;0
L;691200;0;0
L;692224;0;0
L;693248;0;0
L;694272;0;0
L;695296;0;0
L;696320;0;0
L;697344;0;0
L;698368;0;0
L;699392;0;0
L;700416;0;0
M36;701440;1024;0
M36;702464;1024;0
M36;703488;762;0
L;704512;0;0
L;705536;0;0
L;706560;0;0
L;707584;0;0
L;708608;0;0
L;709632;0;0
L;710656;0;0
L;711680;0;0
L;712704;0;0
L;713728;0;0
L;714752;0;0
L;715776;0;0
L;716800;0;0
L;717824;0;0
L;718848;0;0
L;719872;0;0
L;720896;0;0
L;721920;0;0
L;722944;0;0
M1;723968;1024;0
M1;724992;1024;0
M1;726016;1024;0
M1;727040;1024;0
M1;728064;1024;0
M1;729088;1024;0
M1;730112;1024;0
M1;731136;1024;0
M1;732160;987;0
L;733184;0;0
L;734208;0;0
L;735232;0;0
L;736256;0;0
L;737280;0;0
L;738304;0;0
L;739328;0;0
L;740352;0;0
L;741376;0;0
L;742400;0;0
L;743424;0;0
L;744448;0;0
L;745472;0;0
L;746496;0;0
L;747520;0;0
L;748544;0;0
L;749568;0;0
L;750592;0;0
L;751616;0;0
L;752640;0;0
L;753664;0;0
L;754688;0;0
L;755712;0;0
L;756736;0;0
L;757760;0;0
L;758784;0;0
L;759808;0;0
L;760832;0;0
L;761856;0;0
L;762880;0;0
L;763904;0;0
L;764928;0;0
L;765952;0;0
L;766976;0;0
L;768000;0;0
L;769024;0;0
L;770048;0;0
L;771072;0;0
L;772096;0;0
L;773120;0;0
L;774144;0;0
L;775168;0;0
L;776192;0;0
L;777216;0;0
L;778240;0;0
L;779264;0;0
L;780288;0;0
L;781312;0;0
M26;782336;1024;0
M26;783360;1024;0
M26;784384;1024;0
M26;785408;575;0
L;786432;0;0
L;787456;0;0
L;788480;0;0
L;789504;0;0
L;790528;0;0
L;791552;0;0
L;792576;0;0
L;793600;0;0
L;794624;0;0
L;795648;0;0
L;796672;0;0
L;797696;0;0
L;798720;0;0
L;799744;0;0
L;800768;0;0
L;801792;0;0
L;802816;0;0
L;803840;0;0
L;804864;0;0
L;805888;0;0
L;806912;0;0
L;807936;0;0
L;808960;0;0
L;809984;0;0
L;811008;0;0
L;812032;0;0
L;813056;0;0
L;814080;0;0
L;815104;0;0
L;816128;0;0
M41;817152;1024;0
M41;818176;1024;0
M41;819200;1024;0
M41;820224;407;0
L;821248;0;0
L;822272;0;0
L;823296;0;0
L;824320;0;0
L;825344;0;0
L;826368;0;0
L;827392;0;0
L;828416;0;0
L;829440;0;0
L;830464;0;0
L;831488;0;0
L;832512;0;0
L;833536;0;0
L;834560;0;0
L;835584;0;0
L;836608;0;0
L;837632;0;0
L;838656;0;0
L;839680;0;0
L;840704;0;0
L;841728;0;0
L;842752;0;0
L;843776;0;0
L;844800;0;0
L;845824;0;0
L;846848;0;0
L;847872;0;0
L;848896;0;0
L;849920;0;0
L;850944;0;0
L;851968;0;0
L;852992;0;0
L;854016;0;0
L;855040;0;0
L;856064;0;0
L;857088;0;0
L;858112;0;0
L;859136;0;0
L;860160;0;0
L;861184;0;0
L;862208;0;0
L;863232;0;0
L;864256;0;0
L;865280;0;0
L;866304;0;0
L;867328;0;0
L;868352;0;0
L;869376;0;0
L;870400;0;0
L;871424;0;0
L;872448;0;0
L;873472;0;0
L;874496;0;0
L;875520;0;0
L;876544;0;0
L;877568;0;0
L;878592;0;0
L;879616;0;0
L;880640;0;0
L;881664;0;0
L;882688;0;0
L;883712;0;0
L;884736;0;0
L;885760;0;0
L;886784;0;0
L;887808;0;0
L;888832;0;0
L;889856;0;0
L;890880;0;0
L;891904;0;0
L;892928;0;0
L;893952;0;0
L;894976;0;0
L;896000;0;0
L;897024;0;0
L;898048;0;0
L;899072;0;0
L;900096;0;0
L;901120;0;0
L;902144;0;0
L;903168;0;0
L;904192;0;0
L;905216;0;0
L;906240;0;0
L;907264;0;0
L;908288;0;0
L;909312;0;0
L;910336;0;0
L;911360;0;0
L;912384;0;0
L;913408;0;0
L;914432;0;0
L;915456;0;0
L;916480;0;0
L;917504;0;0
L;918528;0;0
L;919552;0;0
L;920576;0;0
L;921600;0;0
L;922624;0;0
L;923648;0;0
L;924672;0;0
L;925696;0;0
L;926720;0;0
L;927744;0;0
L;928768;0;0
L;929792;0;0
L;930816;0;0
L;931840;0;0
L;932864;0;0
L;933888;0;0
L;934912;0;0
L;935936;0;0
L;936960;0;0
L;937984;0;0
L;939008;0;0
L;940032;0;0
L;941056;0;0
L;942080;0;0
L;943104;0;0
L;944128;0;0
L;945152;0;0
L;946176;0;0
L;947200;0;0
L;948224;0;0
L;949248;0;0
L;950272;0;0
L;951296;0;0
L;952320;0;0
L;953344;0;0
L;954368;0;0
L;955392;0;0
L;956416;0;0
L;957440;0;0
L;958464;0;0
L;959488;0;0
L;960512;0;0
L;961536;0;0
L;962560;0;0
L;963584;0;0
L;964608;0;0
L;965632;0;0
L;966656;0;0
L;967680;0;0
L;968704;0;0
L;969728;0;0
L;970752;0;0
L;971776;0;0
L;972800;0;0
L;973824;0;0
L;974848;0;0
L;975872;0;0
L;976896;0;0
L;977920;0;0
L;978944;0;0
L;979968;0;0
L;980992;0;0
L;982016;0;0
L;983040;0;0
L;984064;0;0
L;985088;0;0
L;986112;0;0
L;987136;0;0
L;988160;0;0
L;989184;0;0
L;990208;0;0
L;991232;0;0
L;992256;0;0
L;993280;0;0
L;994304;0;0
L;995328;0;0
L;996352;0;0
L;997376;0;0
L;998400;0;0
L;999424;0;0
L;1000448;0;0
L;1001472;0;0
L;1002496;0;0
L;1003520;0;0
L;1004544;0;0
L;1005568;0;0
L;1006592;0;0
L;1007616;0;0
L;1008640;0;0
L;1009664;0;0
L;1010688;0;0
L;1011712;0;0
L;1012736;0;0
L;1013760;0;0
L;1014784;0;0
L;1015808;0;0
L;1016832;0;0
L;1017856;0;0
L;1018880;0;0
L;1019904;0;0
L;1020928;0;0
L;1021952;0;0
L;1022976;0;0
L;1024000;0;0
L;1025024;0;0
L;1026048;0;0
M43;1027072;1024;0
M43;1028096;1024;0
M43;1029120;1024;0
M43;1030144;1024;0
M43;1031168;1024;0
M43;1032192;1024;0
M43;1033216;1024;0
M43;1034240;171;0
L;1035264;0;0
L;1036288;0;0
L;1037312;0;0
L;1038336;0;0
L;1039360;0;0
L;1040384;0;0
L;1041408;0;0
L;1042432;0;0
L;1043456;0;0
L;1044480;0;0
L;1045504;0;0
L;1046528;0;0
L;1047552;0;0
L;1048576;0;0
L;1049600;0;0
M42;1050624;1024;0
M42;1051648;1024;0
M42;1052672;1024;0
M42;1053696;1024;0
M42;1054720;1024;0
M42;1055744;683;0
L;1056768;0;0
L;1057792;0;0
L;1058816;0;0
L;1059840;0;0
L;1060864;0;0
L;1061888;0;0
L;1062912;0;0
L;1063936;0;0
L;1064960;0;0
L;1065984;0;0
L;1067008;0;0
L;1068032;0;0
L;1069056;0;0
L;1070080;0;0
L;1071104;0;0
L;1072128;0;0
L;1073152;0;0
L;1074176;0;0
L;1075200;0;0
L;1076224;0;0
L;1077248;0;0
L;1078272;0;0
L;1079296;0;0
L;1080320;0;0
L;1081344;0;0
L;1082368;0;0
L;1083392;0;0
L;1084416;0;0
L;1085440;0;0
L;1086464;0;0
L;1087488;0;0
L;1088512;0;0
L;1089536;0;0
L;1090560;0;0
L;1091584;0;0
L;1092608;0;0
L;1093632;0;0
L;1094656;0;0
L;1095680;0;0
L;1096704;0;0
L;1097728;0;0
L;1098752;0;0
L;1099776;0;0
L;1100800;0;0
L;1101824;0;0
L;1102848;0;0
L;1103872;0;0
L;1104896;0;0
L;1105920;0;0
L;1106944;0;0
L;1107968;0;0
L;1108992;0;0
L;1110016;0;0
L;1111040;0;0
M8;1112064;1024;0
M8;1113088;1024;0
M8;1114112;1024;0
M8;1115136;1024;0
M8;1116160;1024;0
M8;1117184;1024;0
M8;1118208;1024;0
M8;1119232;451;0
L;1120256;0;0
L;1121280;0;0
L;1122304;0;0
L;1123328;0;0
L;1124352;0;0
L;1125376;0;0
L;1126400;0;0
L;1127424;0;0
L;1128448;0;0
L;1129472;0;0
L;1130496;0;0
L;1131520;0;0
L;1132544;0;0
L;1133568;0;0
L;1134592;0;0
L;1135616;0;0
L;1136640;0;0
L;1137664;0;0
L;1138688;0;0
L;1139712;0;0
L;1140736;0;0
L;1141760;0;0
L;1142784;0;0
L;1143808;0;0
L;1144832;0;0
L;1145856;0;0
L;1146880;0;0
L;1147904;0;0
L;1148928;0;0
L;1149952;0;0
L;1150976;0;0
L;1152000;0;0
L;1153024;0;0
L;1154048;0;0
L;1155072;0;0
L;1156096;0;0
L;1157120;0;0
L;1158144;0;0
L;1159168;0;0
L;1160192;0;0
L;1161216;0;0
L;1162240;0;0
L;1163264;0;0
L;1164288;0;0
L;1165312;0;0
L;1166336;0;0
L;1167360;0;0
L;1168384;0;0
L;1169408;0;0
L;1170432;0;0
L;1171456;0;0
M44;1172480;1024;0
M44;1173504;467;0
L;1174528;0;0
L;1175552;0;0
M17;1176576;1024;0
M17;1177600;1024;0
M17;1178624;1024;0
M17;1179648;1024;0
M17;1180672;1024;0
M17;1181696;1024;0
M17;1182720;1024;0
M17;1183744;1024;0
M17;1184768;1024;0
M17;1185792;338;0
L;1186816;0;0
L;1187840;0;0
L;1188864;0;0
L;1189888;0;0
L;1190912;0;0
L;1191936;0;0
L;1192960;0;0
L;1193984;0;0
L;1195008;0;0
L;1196032;0;0
L;1197056;0;0
L;1198080;0;0
L;1199104;0;0
L;1200128;0;0
L;1201152;0;0
L;1202176;0;0
L;1203200;0;0
L;1204224;0;0
L;1205248;0;0
L;1206272;0;0
M35;1207296;1024;0
M35;1208320;1024;0
M35;1209344;1024;0
M35;1210368;674;0
L;1211392;0;0
L;1212416;0;0
L;1213440;0;0
L;1214464;0;0
L;1215488;0;0
L;1216512;0;0
L;1217536;0;0
L;1218560;0;0
L;1219584;0;0
L;1220608;0;0
L;1221632;0;0
L;1222656;0;0
L;1223680;0;0
L;1224704;0;0
L;1225728;0;0
L;1226752;0;0
L;1227776;0;0
L;1228800;0;0
L;1229824;0;0
L;1230848;0;0
L;1231872;0;0
L;1232896;0;0
L;1233920;0;0
L;1234944;0;0
L;1235968;0;0
L;1236992;0;0
L;1238016;0;0
L;1239040;0;0
L;1240064;0;0
L;1241088;0;0
L;1242112;0;0
L;1243136;0;0
L;1244160;0;0
L;1245184;0;0
L;1246208;0;0
L;1247232;0;0
L;1248256;0;0
L;1249280;0;0
L;1250304;0;0
L;1251328;0;0
L;1252352;0;0
L;1253376;0;0
L;1254400;0;0
L;1255424;0;0
L;1256448;0;0
L;1257472;0;0
L;1258496;0;0
L;1259520;0;0
L;1260544;0;0
L;1261568;0;0
L;1262592;0;0
L;1263616;0;0
L;1264640;0;0
L;1265664;0;0
L;1266688;0;0
L;1267712;0;0
L;1268736;0;0
L;1269760;0;0
L;1270784;0;0
L;1271808;0;0
L;1272832;0;0
L;1273856;0;0
L;1274880;0;0
L;1275904;0;0
L;1276928;0;0
L;1277952;0;0
L;1278976;0;0
L;1280000;0;0
L;1281024;0;0
L;1282048;0;0
L;1283072;0;0
L;1284096;0;0
L;1285120;0;0
L;1286144;0;0
L;1287168;0;0
L;1288192;0;0
L;1289216;0;0
L;1290240;0;0
L;1291264;0;0
L;1292288;0;0
L;1293312;0;0
L;1294336;0;0
L;1295360;0;0
L;1296384;0;0
L;1297408;0;0
L;1298432;0;0
L;1299456;0;0
L;1300480;0;0
L;1301504;0;0
L;1302528;0;0
L;1303552;0;0
L;1304576;0;0
L;1305600;0;0
L;1306624;0;0
L;1307648;0;0
L;1308672;0;0
L;1309696;0;0
L;1310720;0;0
L;1311744;0;0
L;1312768;0;0
L;1313792;0;0
L;1314816;0;0
M3;1315840;1024;0
M3;1316864;1024;0
M3;1317888;1024;0
M3;1318912;1024;0
M3;1319936;1024;0
M3;1320960;1024;0
M3;1321984;1024;0
M3;1323008;942;0
L;1324032;0;0
L;1325056;0;0
L;1326080;0;0
L;1327104;0;0
L;1328128;0;0
L;1329152;0;0
L;1330176;0;0
L;1331200;0;0
L;1332224;0;0
L;1333248;0;0
L;1334272;0;0
L;1335296;0;0
L;1336320;0;0
L;1337344;0;0
L;1338368;0;0
L;1339392;0;0
L;1340416;0;0
L;1341440;0;0
L;1342464;0;0
L;1343488;0;0
L;1344512;0;0
M5;1345536;1024;0
M5;1346560;1024;0
M5;1347584;1024;0
M5;1348608;1024;0
M5;1349632;1024;0
M5;1350656;1024;0
M5;1351680;1024;0
M5;1352704;1024;0
M5;1353728;1024;0
M5;1354752;395;0
L;1355776;0;0
L;1356800;0;0
L;1357824;0;0
L;1358848;0;0
L;1359872;0;0
L;1360896;0;0
L;1361920;0;0
L;1362944;0;0
L;1363968;0;0
L;1364992;0;0
L;1366016;0;0
L;1367040;0;0
L;1368064;0;0
L;1369088;0;0
M29;1370112;1024;0
M29;1371136;1024;0
M29;1372160;1024;0
M29;1373184;1024;0
M29;1374208;1024;0
M29;1375232;1024;0
M29;1376256;826;0
L;1377280;0;0
L;1378304;0;0
L;1379328;0;0
L;1380352;0;0
L;1381376;0;0
L;1382400;0;0
L;1383424;0;0
L;1384448;0;0
L;1385472;0;0
L;1386496;0;0
L;1387520;0;0
L;1388544;0;0
L;1389568;0;0
L;1390592;0;0
L;1391616;0;0
L;1392640;0;0
L;1393664;0;0
L;1394688;0;0
L;1395712;0;0
L;1396736;0;0
L;1397760;0;0
L;1398784;0;0
L;1399808;0;0
M22;1400832;1024;0
M22;1401856;1024;0
M22;1402880;1024;0
M22;1403904;1024;0
M22;1404928;1024;0
M22;1405952;1024;0
M22;1406976;1024;0
M22;1408000;913;0
L;1409024;0;0
L;1410048;0;0
L;1411072;0;0
L;1412096;0;0
L;1413120;0;0
L;1414144;0;0
L;1415168;0;0
L;1416192;0;0
L;1417216;0;0
L;1418240;0;0
L;1419264;0;0
L;1420288;0;0
L;1421312;0;0
L;1422336;0;0
L;1423360;0;0
L;1424384;0;0
L;1425408;0;0
L;1426432;0;0
L;1427456;0;0
L;1428480;0;0
L;1429504;0;0
L;1430528;0;0
L;1431552;0;0
L;1432576;0;0
L;1433600;0;0
L;1434624;0;0
L;1435648;0;0
M47;1436672;1024;0
M47;1437696;88;0
L;1438720;0;0
L;1439744;0;0
L;1440768;0;0
L;1441792;0;0
L;1442816;0;0
L;1443840;0;0
L;1444864;0;0
L;1445888;0;0
L;1446912;0;0
L;1447936;0;0
L;1448960;0;0
L;1449984;0;0
L;1451008;0;0
L;1452032;0;0
L;1453056;0;0
L;1454080;0;0
L;1455104;0;0
L;1456128;0;0
L;1457152;0;0
L;1458176;0;0
L;1459200;0;0
L;1460224;0;0
L;1461248;0;0
L;1462272;0;0
L;1463296;0;0
L;1464320;0;0
L;1465344;0;0
L;1466368;0;0
L;1467392;0;0
L;1468416;0;0
L;1469440;0;0
L;1470464;0;0
L;1471488;0;0
L;1472512;0;0
L;1473536;0;0
L;1474560;0;0
L;1475584;0;0
L;1476608;0;0
L;1477632;0;0
L;1478656;0;0
L;1479680;0;0
L;1480704;0;0
M49;1481728;1024;0
M49;1482752;1024;0
M49;1483776;1024;0
M49;1484800;1024;0
M49;1485824;1024;0
M49;1486848;1024;0
M49;1487872;1024;0
M49;1488896;114;0
L;1489920;0;0
L;1490944;0;0
L;1491968;0;0
L;1492992;0;0
L;1494016;0;0
L;1495040;0;0
L;1496064;0;0
L;1497088;0;0
L;1498112;0;0
L;1499136;0;0
L;1500160;0;0
L;1501184;0;0
L;1502208;0;0
L;1503232;0;0
L;1504256;0;0
L;1505280;0;0
L;1506304;0;0
L;1507328;0;0
L;1508352;0;0
L;1509376;0;0
L;1510400;0;0
L;1511424;0;0
L;1512448;0;0
L;1513472;0;0
L;1514496;0;0
L;1515520;0;0
L;1516544;0;0
L;1517568;0;0
L;1518592;0;0
L;1519616;0;0
L;1520640;0;0
L;1521664;0;0
L;1522688;0;0
L;1523712;0;0
L;1524736;0;0
L;1525760;0;0
L;1526784;0;0
L;1527808;0;0
L;1528832;0;0
L;1529856;0;0
L;1530880;0;0
L;1531904;0;0
L;1532928;0;0
L;1533952;0;0
L;1534976;0;0
L;1536000;0;0
L;1537024;0;0
L;1538048;0;0
L;1539072;0;0
L;1540096;0;0
L;1541120;0;0
L;1542144;0;0
L;1543168;0;0
L;1544192;0;0
L;1545216;0;0
L;1546240;0;0
L;1547264;0;0
L;1548288;0;0
L;1549312;0;0
L;1550336;0;0
L;1551360;0;0
L;1552384;0;0
L;1553408;0;0
L;1554432;0;0
L;1555456;0;0
L;1556480;0;0
L;1557504;0;0
L;1558528;0;0
L;1559552;0;0
L;1560576;0;0
L;1561600;0;0
L;1562624;0;0
L;1563648;0;0
L;1564672;0;0
M34;1565696;1024;0
M34;1566720;1024;0
M34;1567744;1024;0
M34;1568768;1024;0
M34;1569792;268;0
L;1570816;0;0
L;1571840;0;0
L;1572864;0;0
L;1573888;0;0
L;1574912;0;0
L;1575936;0;0
L;1576960;0;0
L;1577984;0;0
L;1579008;0;0
L;1580032;0;0
L;1581056;0;0
L;1582080;0;0
L;1583104;0;0
L;1584128;0;0
L;1585152;0;0
L;1586176;0;0
L;1587200;0;0
L;1588224;0;0
M9;1589248;1024;0
M9;1590272;1024;0
M9;1591296;1024;0
M9;1592320;1024;0
M9;1593344;293;0
L;1594368;0;0
L;1595392;0;0
L;1596416;0;0
M2;1597440;1024;0
M2;1598464;1024;0
M2;1599488;278;0
L;1600512;0;0
L;1601536;0;0
L;1602560;0;0
L;1603584;0;0
L;1604608;0;0
L;1605632;0;0
L;1606656;0;0
L;1607680;0;0
L;1608704;0;0
L;1609728;0;0
L;1610752;0;0
L;1611776;0;0
L;1612800;0;0
L;1613824;0;0
L;1614848;0;0
L;1615872;0;0
L;1616896;0;0
L;1617920;0;0
L;1618944;0;0
L;1619968;0;0
L;1620992;0;0
L;1622016;0;0
L;1623040;0;0
L;1624064;0;0
L;1625088;0;0
L;1626112;0;0
L;1627136;0;0
L;1628160;0;0
L;1629184;0;0
L;1630208;0;0
L;1631232;0;0
L;1632256;0;0
L;1633280;0;0
L;1634304;0;0
L;1635328;0;0
L;1636352;0;0
L;1637376;0;0
L;1638400;0;0
L;1639424;0;0
L;1640448;0;0
L;1641472;0;0
L;1642496;0;0
L;1643520;0;0
L;1644544;0;0
L;1645568;0;0
L;1646592;0;0
L;1647616;0;0
L;1648640;0;0
L;1649664;0;0
L;1650688;0;0
L;1651712;0;0
L;1652736;0;0
L;1653760;0;0
L;1654784;0;0
L;1655808;0;0
L;1656832;0;0
L;1657856;0;0
L;1658880;0;0
L;1659904;0;0
L;1660928;0;0
L;1661952;0;0
L;1662976;0;0
L;1664000;0;0
L;1665024;0;0
M16;1666048;1024;0
M16;1667072;305;0
L;1668096;0;0
M0;1669120;1024;0
M0;1670144;1024;0
M0;1671168;1024;0
M0;1672192;1024;0
M0;1673216;1024;0
M0;1674240;1024;0
M0;1675264;1024;0
M0;1676288;1024;0
M0;1677312;261;0
L;1678336;0;0
L;1679360;0;0
L;1680384;0;0
L;1681408;0;0
L;1682432;0;0
L;1683456;0;0
L;1684480;0;0
L;1685504;0;0
L;1686528;0;0
L;1687552;0;0
L;1688576;0;0
L;1689600;0;0
L;1690624;0;0
L;1691648;0;0
L;1692672;0;0
L;1693696;0;0
L;1694720;0;0
L;1695744;0;0
L;1696768;0;0
L;1697792;0;0
L;1698816;0;0
L;1699840;0;0
L;1700864;0;0
L;1701888;0;0
L;1702912;0;0
L;1703936;0;0
L;1704960;0;0
L;1705984;0;0
L;1707008;0;0
L;1708032;0;0
L;1709056;0;0
L;1710080;0;0
L;1711104;0;0
L;1712128;0;0
L;1713152;0;0
L;1714176;0;0
L;1715200;0;0
L;1716224;0;0
L;1717248;0;0
L;1718272;0;0
L;1719296;0;0
L;1720320;0;0
L;1721344;0;0
L;1722368;0;0
L;1723392;0;0
L;1724416;0;0
L;1725440;0;0
L;1726464;0;0
L;1727488;0;0
L;1728512;0;0
L;1729536;0;0
L;1730560;0;0
L;1731584;0;0
L;1732608;0;0
L;1733632;0;0
L;1734656;0;0
L;1735680;0;0
L;1736704;0;0
L;1737728;0;0
L;1738752;0;0
L;1739776;0;0
L;1740800;0;0
L;1741824;0;0
L;1742848;0;0
L;1743872;0;0
L;1744896;0;0
L;1745920;0;0
L;1746944;0;0
L;1747968;0;0
L;1748992;0;0
L;1750016;0;0
L;1751040;0;0
L;1752064;0;0
L;1753088;0;0
L;1754112;0;0
L;1755136;0;0
L;1756160;0;0
L;1757184;0;0
L;1758208;0;0
L;1759232;0;0
L;1760256;0;0
L;1761280;0;0
L;1762304;0;0
L;1763328;0;0
L;1764352;0;0
L;1765376;0;0
L;1766400;0;0
L;1767424;0;0
L;1768448;0;0
L;1769472;0;0
L;1770496;0;0
L;1771520;0;0
L;1772544;0;0
L;1773568;0;0
L;1774592;0;0
L;1775616;0;0
L;1776640;0;0
L;1777664;0;0
L;1778688;0;0
L;1779712;0;0
L;1780736;0;0
L;1781760;0;0
L;1782784;0;0
L;1783808;0;0
L;1784832;0;0
L;1785856;0;0
L;1786880;0;0
L;1787904;0;0
M40;1788928;1024;0
M40;1789952;1024;0
M40;1790976;1024;0
M40;1792000;1024;0
M40;1793024;1024;0
M40;1794048;760;0
L;1795072;0;0
L;1796096;0;0
L;1797120;0;0
L;1798144;0;0
L;1799168;0;0
L;1800192;0;0
L;1801216;0;0
L;1802240;0;0
L;1803264;0;0
L;1804288;0;0
L;1805312;0;0
L;1806336;0;0
L;1807360;0;0
L;1808384;0;0
L;1809408;0;0
L;1810432;0;0
L;1811456;0;0
L;1812480;0;0
L;1813504;0;0
L;1814528;0;0
L;1815552;0;0
M7;1816576;1024;0
M7;1817600;1024;0
M7;1818624;1024;0
M7;1819648;1024;0
M7;1820672;1024;0
M7;1821696;750;0
L;1822720;0;0
L;1823744;0;0
L;1824768;0;0
L;1825792;0;0
L;1826816;0;0
L;1827840;0;0
L;1828864;0;0
L;1829888;0;0
L;1830912;0;0
L;1831936;0;0
L;1832960;0;0
L;1833984;0;0
L;1835008;0;0
L;1836032;0;0
L;1837056;0;0
L;1838080;0;0
L;1839104;0;0
L;1840128;0;0
L;1841152;0;0
L;1842176;0;0
L;1843200;0;0
L;1844224;0;0
L;1845248;0;0
L;1846272;0;0
L;1847296;0;0
L;1848320;0;0
L;1849344;0;0
L;1850368;0;0
L;1851392;0;0
M27;1852416;1024;0
M27;1853440;1024;0
M27;1854464;1024;0
M27;1855488;1024;0
M27;1856512;1024;0
M27;1857536;1024;0
M27;1858560;1024;0
M27;1859584;571;0
L;1860608;0;0
L;1861632;0;0
L;1862656;0;0
L;1863680;0;0
L;1864704;0;0
L;1865728;0;0
L;1866752;0;0
L;1867776;0;0
L;1868800;0;0
L;1869824;0;0
L;1870848;0;0
M10;1871872;1024;0
M10;1872896;1024;0
M10;1873920;187;0
L;1874944;0;0
L;1875968;0;0
L;1876992;0;0
L;1878016;0;0
L;1879040;0;0
L;1880064;0;0
L;1881088;0;0
L;1882112;0;0
L;1883136;0;0
L;1884160;0;0
L;1885184;0;0
L;1886208;0;0
L;1887232;0;0
L;1888256;0;0
L;1889280;0;0
L;1890304;0;0
L;1891328;0;0
L;1892352;0;0
L;1893376;0;0
L;1894400;0;0
L;1895424;0;0
L;1896448;0;0
L;1897472;0;0
L;1898496;0;0
L;1899520;0;0
L;1900544;0;0
L;1901568;0;0
L;1902592;0;0
L;1903616;0;0
L;1904640;0;0
L;1905664;0;0
L;1906688;0;0
L;1907712;0;0
L;1908736;0;0
L;1909760;0;0
L;1910784;0;0
L;1911808;0;0
L;1912832;0;0
L;1913856;0;0
L;1914880;0;0
L;1915904;0;0
L;1916928;0;0
L;1917952;0;0
L;1918976;0;0
L;1920000;0;0
L;1921024;0;0
L;1922048;0;0
L;1923072;0;0
L;1924096;0;0
L;1925120;0;0
L;1926144;0;0
L;1927168;0;0
M46;1928192;501;0
L;1929216;0;0
L;1930240;0;0
L;1931264;0;0
L;1932288;0;0
L;1933312;0;0
L;1934336;0;0
L;1935360;0;0
L;1936384;0;0
L;1937408;0;0
L;1938432;0;0
L;1939456;0;0
L;1940480;0;0
L;1941504;0;0
L;1942528;0;0
L;1943552;0;0
L;1944576;0;0
L;1945600;0;0
L;1946624;0;0
L;1947648;0;0
L;1948672;0;0
L;1949696;0;0
L;1950720;0;0
L;1951744;0;0
L;1952768;0;0
M32;1953792;1024;0
M32;1954816;1024;0
M32;1955840;1024;0
M32;1956864;886;0
L;1957888;0;0
L;1958912;0;0
L;1959936;0;0
L;1960960;0;0
L;1961984;0;0
M15;1963008;1024;0
M15;1964032;1024;0
M15;1965056;747;0
L;1966080;0;0
L;1967104;0;0
L;1968128;0;0
L;1969152;0;0
L;1970176;0;0
L;1971200;0;0
L;1972224;0;0
L;1973248;0;0
L;1974272;0;0
L;1975296;0;0
L;1976320;0;0
L;1977344;0;0
L;1978368;0;0
L;1979392;0;0
L;1980416;0;0
L;1981440;0;0
L;1982464;0;0
L;1983488;0;0
L;1984512;0;0
M6;1985536;1024;0
M6;1986560;1024;0
M6;1987584;1024;0
M6;1988608;1024;0
M6;1989632;1024;0
M6;1990656;1024;0
M6;1991680;1024;0
M6;1992704;1024;0
M6;1993728;1024;0
M6;1994752;1024;0
M6;1995776;786;0
L;1996800;0;0
L;1997824;0;0
L;1998848;0;0
L;1999872;0;0
L;2000896;0;0
L;2001920;0;0
L;2002944;0;0
L;2003968;0;0
L;2004992;0;0
L;2006016;0;0
L;2007040;0;0
L;2008064;0;0
L;2009088;0;0
L;2010112;0;0
L;2011136;0;0
L;2012160;0;0
L;2013184;0;0
L;2014208;0;0
L;2015232;0;0
L;2016256;0;0
L;2017280;0;0
L;2018304;0;0
L;2019328;0;0
L;2020352;0;0
L;2021376;0;0
M31;2022400;1024;0
M31;2023424;1024;0
M31;2024448;1024;0
M31;2025472;1024;0
M31;2026496;630;0
L;2027520;0;0
L;2028544;0;0
L;2029568;0;0
L;2030592;0;0
L;2031616;0;0
L;2032640;0;0
L;2033664;0;0
L;2034688;0;0
L;2035712;0;0
L;2036736;0;0
L;2037760;0;0
L;2038784;0;0
L;2039808;0;0
L;2040832;0;0
L;2041856;0;0
L;2042880;0;0
L;2043904;0;0
L;2044928;0;0
L;2045952;0;0
L;2046976;0;0
L;2048000;0;0
L;2049024;0;0
M18;2050048;1024;0
M18;2051072;1024;0
M18;2052096;1024;0
M18;2053120;1024;0
M18;2054144;1024;0
M18;2055168;1024;0
M18;2056192;1024;0
M18;2057216;674;0
L;2058240;0;0
L;2059264;0;0
L;2060288;0;0
L;2061312;0;0
L;2062336;0;0
L;2063360;0;0
L;2064384;0;0
L;2065408;0;0
L;2066432;0;0
L;2067456;0;0
L;2068480;0;0
L;2069504;0;0
L;2070528;0;0
L;2071552;0;0
L;2072576;0;0
L;2073600;0;0
L;2074624;0;0
L;2075648;0;0
L;2076672;0;0
L;2077696;0;0
L;2078720;0;0
L;2079744;0;0
L;2080768;0;0
L;2081792;0;0
L;2082816;0;0
L;2083840;0;0
L;2084864;0;0
L;2085888;0;0
L;2086912;0;0
L;2087936;0;0
L;2088960;0;0
L;2089984;0;0
L;2091008;0;0
L;2092032;0;0
L;2093056;0;0
L;2094080;0;0
L;2095104;0;0
L;2096128;0;0
L;2097152;0;0
L;2098176;0;0
L;2099200;0;0
L;2100224;0;0
L;2101248;0;0
L;2102272;0;0
L;2103296;0;0
L;2104320;0;0
L;2105344;0;0
M33;2106368;1024;0
M33;2107392;1024;0
M33;2108416;1024;0
M33;2109440;1024;0
M33;2110464;244;0
L;2111488;0;0
L;2112512;0;0
L;2113536;0;0
L;2114560;0;0
L;2115584;0;0
L;2116608;0;0
M4;2117632;1024;0
M4;2118656;1024;0
M4;2119680;1024;0
M4;2120704;1024;0
M4;2121728;1024;0
M4;2122752;1024;0
M4;2123776;1024;0
M4;2124800;317;0
L;2125824;0;0
L;2126848;0;0
L;2127872;0;0
L;2128896;0;0
L;2129920;0;0
L;2130944;0;0
L;2131968;0;0
L;2132992;0;0
L;2134016;0;0
L;2135040;0;0
L;2136064;0;0
L;2137088;0;0
L;2138112;0;0
L;2139136;0;0
L;2140160;0;0
L;2141184;0;0
L;2142208;0;0
L;2143232;0;0
L;2144256;0;0
L;2145280;0;0
L;2146304;0;0
L;2147328;0;0
L;2148352;0;0
L;2149376;0;0
L;2150400;0;0
L;2151424;0;0
L;2152448;0;0
L;2153472;0;0
L;2154496;0;0
L;2155520;0;0
L;2156544;0;0
L;2157568;0;0
L;2158592;0;0
L;2159616;0;0
L;2160640;0;0
L;2161664;0;0
L;2162688;0;0
L;2163712;0;0
L;2164736;0;0
L;2165760;0;0
L;2166784;0;0
L;2167808;0;0
L;2168832;0;0
L;2169856;0;0
M12;2170880;1024;0
M12;2171904;1024;0
M12;2172928;1024;0
M12;2173952;1024;0
M12;2174976;1024;0
M12;2176000;1024;0
M12;2177024;1024;0
M12;2178048;1024;0
M12;2179072;107;0
L;2180096;0;0
L;2181120;0;0
L;2182144;0;0
L;2183168;0;0
L;2184192;0;0
L;2185216;0;0
L;2186240;0;0
L;2187264;0;0
L;2188288;0;0
L;2189312;0;0
L;2190336;0;0
L;2191360;0;0
L;2192384;0;0
L;2193408;0;0
L;2194432;0;0
L;2195456;0;0
L;2196480;0;0
L;2197504;0;0
L;2198528;0;0
L;2199552;0;0
L;2200576;0;0
L;2201600;0;0
L;2202624;0;0
L;2203648;0;0
L;2204672;0;0
L;2205696;0;0
L;2206720;0;0
L;2207744;0;0
L;2208768;0;0
L;2209792;0;0
L;2210816;0;0
L;2211840;0;0
L;2212864;0;0
L;2213888;0;0
L;2214912;0;0
L;2215936;0;0
L;2216960;0;0
L;2217984;0;0
L;2219008;0;0
L;2220032;0;0
L;2221056;0;0
L;2222080;0;0
L;2223104;0;0
L;2224128;0;0
L;2225152;0;0
L;2226176;0;0
L;2227200;0;0
L;2228224;0;0
L;2229248;0;0
L;2230272;0;0
L;2231296;0;0
L;2232320;0;0
L;2233344;0;0
L;2234368;0;0
L;2235392;0;0
L;2236416;0;0
L;2237440;0;0
L;2238464;0;0
L;2239488;0;0
L;2240512;0;0
L;2241536;0;0
L;2242560;0;0
L;2243584;0;0
L;2244608;0;0
L;2245632;0;0
L;2246656;0;0
L;2247680;0;0
L;2248704;0;0
L;2249728;0;0
L;2250752;0;0
L;2251776;0;0
L;2252800;0;0
L;2253824;0;0
L;2254848;0;0
L;2255872;0;0
L;2256896;0;0
M39;2257920;685;0
L;2258944;0;0
L;2259968;0;0
L;2260992;0;0
L;2262016;0;0
L;2263040;0;0
L;2264064;0;0
L;2265088;0;0
L;2266112;0;0
L;2267136;0;0
L;2268160;0;0
L;2269184;0;0
L;2270208;0;0
L;2271232;0;0
L;2272256;0;0
L;2273280;0;0
L;2274304;0;0
L;2275328;0;0
L;2276352;0;0
L;2277376;0;0
L;2278400;0;0
L;2279424;0;0
L;2280448;0;0
L;2281472;0;0
L;2282496;0;0
L;2283520;0;0
L;2284544;0;0
L;2285568;0;0
L;2286592;0;0
L;2287616;0;0
L;2288640;0;0
L;2289664;0;0
L;2290688;0;0
L;2291712;0;0
L;2292736;0;0
L;2293760;0;0
L;2294784;0;0
L;2295808;0;0
L;2296832;0;0
L;2297856;0;0
L;2298880;0;0
L;2299904;0;0
L;2300928;0;0
L;2301952;0;0
L;2302976;0;0
L;2304000;0;0
L;2305024;0;0
L;2306048;0;0
L;2307072;0;0
L;2308096;0;0
L;2309120;0;0
L;2310144;0;0
L;2311168;0;0
L;2312192;0;0
L;2313216;0;0
L;2314240;0;0
L;2315264;0;0
L;2316288;0;0
L;2317312;0;0
L;2318336;0;0
L;2319360;0;0
L;2320384;0;0
L;2321408;0;0
L;2322432;0;0
L;2323456;0;0
L;2324480;0;0
L;2325504;0;0
L;2326528;0;0
L;2327552;0;0
L;2328576;0;0
L;2329600;0;0
L;2330624;0;0
L;2331648;0;0
L;2332672;0;0
L;2333696;0;0
L;2334720;0;0
L;2335744;0;0
L;2336768;0;0
L;2337792;0;0
L;2338816;0;0
L;2339840;0;0
L;2340864;0;0
L;2341888;0;0
L;2342912;0;0
L;2343936;0;0
L;2344960;0;0
L;2345984;0;0
L;2347008;0;0
M38;2348032;1024;0
M38;2349056;1024;0
M38;2350080;341;0
L;2351104;0;0
L;2352128;0;0
L;2353152;0;0
L;2354176;0;0
L;2355200;0;0
L;2356224;0;0
L;2357248;0;0
L;2358272;0;0
L;2359296;0;0
L;2360320;0;0
L;2361344;0;0
L;2362368;0;0
L;2363392;0;0
L;2364416;0;0
L;2365440;0;0
L;2366464;0;0
L;2367488;0;0
L;2368512;0;0
L;2369536;0;0
L;2370560;0;0
L;2371584;0;0
L;2372608;0;0
L;2373632;0;0
L;2374656;0;0
L;2375680;0;0
L;2376704;0;0
L;2377728;0;0
L;2378752;0;0
L;2379776;0;0
L;2380800;0;0
L;2381824;0;0
L;2382848;0;0
L;2383872;0;0
L;2384896;0;0
L;2385920;0;0
L;2386944;0;0
L;2387968;0;0
L;2388992;0;0
L;2390016;0;0
L;2391040;0;0
L;2392064;0;0
L;2393088;0;0
L;2394112;0;0
L;2395136;0;0
L;2396160;0;0
L;2397184;0;0
L;2398208;0;0
L;2399232;0;0
L;2400256;0;0
L;2401280;0;0
L;2402304;0;0
L;2403328;0;0
L;2404352;0;0
L;2405376;0;0
L;2406400;0;0
L;2407424;0;0
L;2408448;0;0
L;2409472;0;0
L;2410496;0;0
L;2411520;0;0
L;2412544;0;0
L;2413568;0;0
L;2414592;0;0
L;2415616;0;0
L;2416640;0;0
L;2417664;0;0
L;2418688;0;0
L;2419712;0;0
L;2420736;0;0
L;2421760;0;0
L;2422784;0;0
L;2423808;0;0
L;2424832;0;0
L;2425856;0;0
L;2426880;0;0
L;2427904;0;0
L;2428928;0;0
L;2429952;0;0
M25;2430976;89;0
L;2432000;0;0
L;2433024;0;0
L;2434048;0;0
L;2435072;0;0
L;2436096;0;0
L;2437120;0;0
L;2438144;0;0
L;2439168;0;0
L;2440192;0;0
L;2441216;0;0
L;2442240;0;0
L;2443264;0;0
L;2444288;0;0
L;2445312;0;0
L;2446336;0;0
L;2447360;0;0
L;2448384;0;0
L;2449408;0;0
L;2450432;0;0
L;2451456;0;0
L;2452480;0;0
L;2453504;0;0
L;2454528;0;0
L;2455552;0;0
L;2456576;0;0
L;2457600;0;0
L;2458624;0;0
L;2459648;0;0
L;2460672;0;0
L;2461696;0;0
L;2462720;0;0
L;2463744;0;0
L;2464768;0;0
L;2465792;0;0
L;2466816;0;0
L;2467840;0;0
L;2468864;0;0
L;2469888;0;0
L;2470912;0;0
L;2471936;0;0
L;2472960;0;0
L;2473984;0;0
L;2475008;0;0
L;2476032;0;0
L;2477056;0;0
L;2478080;0;0
L;2479104;0;0
L;2480128;0;0
L;2481152;0;0
L;2482176;0;0
L;2483200;0;0
L;2484224;0;0
L;2485248;0;0
L;2486272;0;0
L;2487296;0;0
L;2488320;0;0
L;2489344;0;0
L;2490368;0;0
L;2491392;0;0
L;2492416;0;0
L;2493440;0;0
L;2494464;0;0
L;2495488;0;0
L;2496512;0;0
L;2497536;0;0
L;2498560;0;0
L;2499584;0;0
L;2500608;0;0
L;2501632;0;0
L;2502656;0;0
L;2503680;0;0
M19;2504704;1024;0
M19;2505728;1024;0
M19;2506752;1024;0
M19;2507776;1024;0
M19;2508800;1024;0
M19;2509824;1024;0
M19;2510848;286;0
L;2511872;0;0
L;2512896;0;0
L;2513920;0;0
L;2514944;0;0
L;2515968;0;0
L;2516992;0;0
L;2518016;0;0
L;2519040;0;0
L;2520064;0;0
L;2521088;0;0
L;2522112;0;0
L;2523136;0;0
L;2524160;0;0
L;2525184;0;0
L;2526208;0;0
L;2527232;0;0
L;2528256;0;0
L;2529280;0;0
L;2530304;0;0
L;2531328;0;0
L;2532352;0;0
L;2533376;0;0
L;2534400;0;0
L;2535424;0;0
L;2536448;0;0
L;2537472;0;0
L;2538496;0;0
L;2539520;0;0
L;2540544;0;0
L;2541568;0;0
L;2542592;0;0
L;2543616;0;0
M23;2544640;1024;0
M23;2545664;1024;0
M23;2546688;1024;0
M23;2547712;1024;0
M23;2548736;1024;0
M23;2549760;1024;0
M23;2550784;1024;0
M23;2551808;644;0
L;2552832;0;0
L;2553856;0;0
L;2554880;0;0
L;2555904;0;0
L;2556928;0;0
L;2557952;0;0
L;2558976;0;0
