L;0;0;0
L;1024;0;0
L;2048;0;0
L;3072;0;0
L;4096;0;0
L;5120;0;0
L;6144;0;0
L;7168;0;0
L;8192;0;0
L;9216;0;0
L;10240;0;0
L;11264;0;0
L;12288;0;0
L;13312;0;0
L;14336;0;0
L;15360;0;0
L;16384;0;0
L;17408;0;0
L;18432;0;0
L;19456;0;0
L;20480;0;0
L;21504;0;0
L;22528;0;0
L;23552;0;0
L;24576;0;0
L;25600;0;0
L;26624;0;0
L;27648;0;0
L;28672;0;0
L;29696;0;0
L;30720;0;0
L;31744;0;0
L;32768;0;0
L;33792;0;0
L;34816;0;0
L;35840;0;0
L;36864;0;0
L;37888;0;0
L;38912;0;0
L;39936;0;0
L;40960;0;0
L;41984;0;0
L;43008;0;0
L;44032;0;0
L;45056;0;0
L;46080;0;0
L;47104;0;0
L;48128;0;0
L;49152;0;0
L;50176;0;0
L;51200;0;0
L;52224;0;0
L;53248;0;0
L;54272;0;0
L;55296;0;0
L;56320;0;0
L;57344;0;0
L;58368;0;0
L;59392;0;0
L;60416;0;0
L;61440;0;0
L;62464;0;0
L;63488;0;0
L;64512;0;0
L;65536;0;0
L;66560;0;0
L;67584;0;0
L;68608;0;0
L;69632;0;0
L;70656;0;0
L;71680;0;0
L;72704;0;0
L;73728;0;0
L;74752;0;0
L;75776;0;0
L;76800;0;0
L;77824;0;0
L;78848;0;0
L;79872;0;0
L;80896;0;0
L;81920;0;0
L;82944;0;0
L;83968;0;0
L;84992;0;0
L;86016;0;0
L;87040;0;0
L;88064;0;0
L;89088;0;0
L;90112;0;0
L;91136;0;0
L;92160;0;0
L;93184;0;0
L;94208;0;0
L;95232;0;0
L;96256;0;0
L;97280;0;0
L;98304;0;0
L;99328;0;0
L;100352;0;0
L;101376;0;0
L;102400;0;0
L;103424;0;0
L;104448;0;0
L;105472;0;0
L;106496;0;0
L;107520;0;0
L;108544;0;0
L;109568;0;0
L;110592;0;0
L;111616;0;0
L;112640;0;0
L;113664;0;0
L;114688;0;0
L;115712;0;0
L;116736;0;0
L;117760;0;0
L;118784;0;0
L;119808;0;0
L;120832;0;0
L;121856;0;0
L;122880;0;0
L;123904;0;0
L;124928;0;0
L;125952;0;0
L;126976;0;0
L;128000;0;0
M13;129024;1024;0
M13;130048;1024;0
M13;131072;1024;0
M13;132096;1024;0
M13;133120;1024;0
M13;134144;1024;0
M13;135168;1024;0
M13;136192;560;0
P13;137216;1024;0
P13;138240;1024;0
P13;139264;1023;0
P14;140288;1024;0
P14;141312;1024;0
P14;142336;1024;0
P14;143360;108;0
P15;144384;1024;0
P15;145408;1024;0
P15;146432;1024;0
P15;147456;225;0
P21;148480;984;0
M20;149504;1024;0
M20;150528;1024;0
M20;151552;1024;0
M20;152576;1024;0
M20;153600;1024;0
M20;154624;1024;0
M20;155648;552;0
L;156672;0;0
L;157696;0;0
L;158720;0;0
L;159744;0;0
L;160768;0;0
L;161792;0;0
L;162816;0;0
L;163840;0;0
L;164864;0;0
L;165888;0;0
L;166912;0;0
L;167936;0;0
L;168960;0;0
L;169984;0;0
L;171008;0;0
L;172032;0;0
L;173056;0;0
L;174080;0;0
L;175104;0;0
L;176128;0;0
L;177152;0;0
L;178176;0;0
L;179200;0;0
L;180224;0;0
L;181248;0;0
L;182272;0;0
L;183296;0;0
L;184320;0;0
L;185344;0;0
L;186368;0;0
L;187392;0;0
L;188416;0;0
L;189440;0;0
L;190464;0;0
L;191488;0;0
L;192512;0;0
L;193536;0;0
L;194560;0;0
L;195584;0;0
L;196608;0;0
L;197632;0;0
L;198656;0;0
L;199680;0;0
L;200704;0;0
L;201728;0;0
L;202752;0;0
L;203776;0;0
L;204800;0;0
L;205824;0;0
L;206848;0;0
L;207872;0;0
L;208896;0;0
L;209920;0;0
L;210944;0;0
L;211968;0;0
L;212992;0;0
L;214016;0;0
L;215040;0;0
L;216064;0;0
L;217088;0;0
L;218112;0;0
L;219136;0;0
L;220160;0;0
L;221184;0;0
L;222208;0;0
L;223232;0;0
L;224256;0;0
L;225280;0;0
L;226304;0;0
L;227328;0;0
L;228352;0;0
M24;229376;1024;0
M24;230400;1024;0
M24;231424;1024;0
M24;232448;1024;0
M24;233472;435;0
L;234496;0;0
L;235520;0;0
L;236544;0;0
L;237568;0;0
L;238592;0;0
L;239616;0;0
L;240640;0;0
L;241664;0;0
L;242688;0;0
L;243712;0;0
L;244736;0;0
L;245760;0;0
L;246784;0;0
L;247808;0;0
L;248832;0;0
L;249856;0;0
L;250880;0;0
L;251904;0;0
L;252928;0;0
L;253952;0;0
L;254976;0;0
L;256000;0;0
L;257024;0;0
L;258048;0;0
L;259072;0;0
L;260096;0;0
L;261120;0;0
L;262144;0;0
L;263168;0;0
L;264192;0;0
L;265216;0;0
L;266240;0;0
L;267264;0;0
L;268288;0;0
L;269312;0;0
L;270336;0;0
L;271360;0;0
L;272384;0;0
L;273408;0;0
L;274432;0;0
L;275456;0;0
L;276480;0;0
L;277504;0;0
L;278528;0;0
L;279552;0;0
L;280576;0;0
L;281600;0;0
L;282624;0;0
L;283648;0;0
L;284672;0;0
L;285696;0;0
L;286720;0;0
L;287744;0;0
L;288768;0;0
L;289792;0;0
L;290816;0;0
L;291840;0;0
L;292864;0;0
L;293888;0;0
L;294912;0;0
L;295936;0;0
L;296960;0;0
L;297984;0;0
L;299008;0;0
L;300032;0;0
L;301056;0;0
L;302080;0;0
L;303104;0;0
L;304128;0;0
L;305152;0;0
L;306176;0;0
L;307200;0;0
L;308224;0;0
L;309248;0;0
L;310272;0;0
M30;311296;1024;0
M30;312320;1024;0
M30;313344;884;0
P0;314368;1024;0
P0;315392;1024;0
P0;316416;795;0
M21;317440;1024;0
M21;318464;395;0
L;319488;0;0
L;320512;0;0
L;321536;0;0
L;322560;0;0
L;323584;0;0
L;324608;0;0
L;325632;0;0
L;326656;0;0
L;327680;0;0
L;328704;0;0
L;329728;0;0
L;330752;0;0
L;331776;0;0
L;332800;0;0
L;333824;0;0
L;334848;0;0
L;335872;0;0
L;336896;0;0
L;337920;0;0
L;338944;0;0
L;339968;0;0
L;340992;0;0
L;342016;0;0
L;343040;0;0
L;344064;0;0
L;345088;0;0
L;346112;0;0
L;347136;0;0
L;348160;0;0
L;349184;0;0
L;350208;0;0
L;351232;0;0
L;352256;0;0
L;353280;0;0
M14;354304;1024;0
M14;355328;1024;0
M14;356352;1024;0
M14;357376;1024;0
M14;358400;1024;0
M14;359424;1024;0
M14;360448;1024;0
M14;361472;1024;0
M14;362496;1024;0
M14;363520;1024;0
M14;364544;563;0
P164;365568;1024;0
P164;366592;785;0
P165;367616;1024;0
P165;368640;769;0
P166;369664;1024;0
P166;370688;948;0
P167;371712;1024;0
P167;372736;136;0
P169;373760;1024;0
P169;374784;1024;0
P169;375808;347;0
P170;376832;711;0
P171;377856;1024;0
P171;378880;794;0
P172;379904;901;0
P173;380928;609;0
P174;381952;811;0
P175;382976;1024;0
P175;384000;733;0
P176;385024;1024;0
P176;386048;26;0
P177;387072;1024;0
P177;388096;488;0
P178;389120;1024;0
P178;390144;768;0
P183;391168;257;0
M28;392192;1024;0
M28;393216;1024;0
M28;394240;1024;0
M28;395264;1024;0
M28;396288;1024;0
M28;397312;1024;0
M28;398336;713;0
P117;399360;1024;0
P117;400384;442;0
P118;401408;1024;0
P118;402432;1024;0
P118;403456;422;0
P119;404480;736;0
P120;405504;883;0
P121;406528;1024;0
P121;407552;1024;0
P121;408576;306;0
P122;409600;813;0
P123;410624;1024;0
P123;411648;1024;0
P123;412672;121;0
P124;413696;1024;0
P124;414720;142;0
P125;415744;1024;0
P125;416768;33;0
P126;417792;1024;0
P126;418816;872;0
P127;419840;1024;0
P127;420864;1024;0
P127;421888;184;0
M48;422912;1024;0
M48;423936;1024;0
M48;424960;375;0
L;425984;0;0
L;427008;0;0
L;428032;0;0
L;429056;0;0
L;430080;0;0
L;431104;0;0
L;432128;0;0
L;433152;0;0
L;434176;0;0
L;435200;0;0
L;436224;0;0
L;437248;0;0
L;438272;0;0
L;439296;0;0
L;440320;0;0
L;441344;0;0
L;442368;0;0
L;443392;0;0
L;444416;0;0
L;445440;0;0
L;446464;0;0
L;447488;0;0
L;448512;0;0
L;449536;0;0
L;450560;0;0
L;451584;0;0
L;452608;0;0
L;453632;0;0
L;454656;0;0
L;455680;0;0
L;456704;0;0
L;457728;0;0
L;458752;0;0
L;459776;0;0
L;460800;0;0
L;461824;0;0
L;462848;0;0
L;463872;0;0
L;464896;0;0
L;465920;0;0
L;466944;0;0
L;467968;0;0
L;468992;0;0
L;470016;0;0
L;471040;0;0
L;472064;0;0
L;473088;0;0
L;474112;0;0
L;475136;0;0
L;476160;0;0
L;477184;0;0
L;478208;0;0
L;479232;0;0
L;480256;0;0
L;481280;0;0
L;482304;0;0
L;483328;0;0
L;484352;0;0
L;485376;0;0
L;486400;0;0
L;487424;0;0
L;488448;0;0
L;489472;0;0
L;490496;0;0
L;491520;0;0
L;492544;0;0
L;493568;0;0
L;494592;0;0
L;495616;0;0
L;496640;0;0
L;497664;0;0
L;498688;0;0
L;499712;0;0
L;500736;0;0
L;501760;0;0
L;502784;0;0
L;503808;0;0
L;504832;0;0
L;505856;0;0
L;506880;0;0
L;507904;0;0
L;508928;0;0
L;509952;0;0
L;510976;0;0
L;512000;0;0
L;513024;0;0
L;514048;0;0
L;515072;0;0
L;516096;0;0
L;517120;0;0
L;518144;0;0
L;519168;0;0
L;520192;0;0
L;521216;0;0
L;522240;0;0
L;523264;0;0
L;524288;0;0
L;525312;0;0
L;526336;0;0
L;527360;0;0
L;528384;0;0
L;529408;0;0
L;530432;0;0
L;531456;0;0
L;532480;0;0
L;533504;0;0
L;534528;0;0
L;535552;0;0
L;536576;0;0
L;537600;0;0
L;538624;0;0
L;539648;0;0
L;540672;0;0
L;541696;0;0
L;542720;0;0
M45;543744;1024;0
M45;544768;721;0
L;545792;0;0
L;546816;0;0
L;547840;0;0
L;548864;0;0
L;549888;0;0
L;550912;0;0
L;551936;0;0
L;552960;0;0
L;553984;0;0
L;555008;0;0
L;556032;0;0
L;557056;0;0
L;558080;0;0
L;559104;0;0
L;560128;0;0
L;561152;0;0
L;562176;0;0
L;563200;0;0
L;564224;0;0
L;565248;0;0
L;566272;0;0
L;567296;0;0
L;568320;0;0
L;569344;0;0
L;570368;0;0
L;571392;0;0
L;572416;0;0
L;573440;0;0
L;574464;0;0
L;575488;0;0
L;576512;0;0
L;577536;0;0
L;578560;0;0
L;579584;0;0
L;580608;0;0
L;581632;0;0
L;582656;0;0
L;583680;0;0
L;584704;0;0
L;585728;0;0
L;586752;0;0
L;587776;0;0
L;588800;0;0
L;589824;0;0
L;590848;0;0
L;591872;0;0
L;592896;0;0
L;593920;0;0
L;594944;0;0
L;595968;0;0
L;596992;0;0
L;598016;0;0
L;599040;0;0
L;600064;0;0
L;601088;0;0
L;602112;0;0
L;603136;0;0
L;604160;0;0
L;605184;0;0
L;606208;0;0
L;607232;0;0
L;608256;0;0
L;609280;0;0
L;610304;0;0
L;611328;0;0
L;612352;0;0
L;613376;0;0
L;614400;0;0
L;615424;0;0
L;616448;0;0
L;617472;0;0
L;618496;0;0
L;619520;0;0
L;620544;0;0
L;621568;0;0
L;622592;0;0
L;623616;0;0
L;624640;0;0
L;625664;0;0
L;626688;0;0
L;627712;0;0
L;628736;0;0
L;629760;0;0
L;630784;0;0
L;631808;0;0
L;632832;0;0
L;633856;0;0
L;634880;0;0
L;635904;0;0
L;636928;0;0
L;637952;0;0
M11;638976;1024;0
M11;640000;1024;0
M11;641024;1024;0
M11;642048;1024;0
M11;643072;1024;0
M11;644096;1024;0
M11;645120;817;0
P43;646144;580;0
P44;647168;1024;0
P44;648192;753;0
P45;649216;907;0
P46;650240;1024;0
P46;651264;1024;0
P46;652288;272;0
P47;653312;105;0
P48;654336;998;0
P49;655360;1024;0
P49;656384;712;0
P50;657408;1024;0
P50;658432;1024;0
P50;659456;1024;0
P50;660480;1;0
P51;661504;459;0
P52;662528;29;0
P53;663552;254;0
P54;664576;956;0
M37;665600;1024;0
M37;666624;1024;0
M37;667648;1024;0
M37;668672;1024;0
M37;669696;1024;0
M37;670720;1024;0
M37;671744;245;0
P196;672768;1024;0
P196;673792;1024;0
P196;674816;147;0
P198;675840;384;0
P199;676864;1024;0
P199;677888;74;0
P200;678912;1024;0
P200;679936;967;0
P201;680960;141;0
P202;681984;911;0
P203;683008;126;0
P204;684032;554;0
P205;685056;279;0
P206;686080;1024;0
P206;687104;777;0
P207;688128;496;0
P208;689152;1024;0
P208;690176;1024;0
P208;691200;167;0
P209;692224;1024;0
P209;693248;922;0
P210;694272;1024;0
P210;695296;308;0
P211;696320;1024;0
P211;697344;461;0
P212;698368;735;0
P213;699392;1024;0
P213;700416;386;0
M36;701440;1024;0
M36;702464;1024;0
M36;703488;762;0
P55;704512;195;0
P56;705536;1024;0
P56;706560;1024;0
P56;707584;62;0
P57;708608;1024;0
P57;709632;558;0
P58;710656;1024;0
P58;711680;1024;0
P58;712704;699;0
P59;713728;144;0
P60;714752;1024;0
P60;715776;862;0
P61;716800;1024;0
P61;717824;1024;0
P61;718848;827;0
P62;719872;1024;0
P62;720896;579;0
P64;721920;369;0
P71;722944;288;0
M1;723968;1024;0
M1;724992;1024;0
M1;726016;1024;0
M1;727040;1024;0
M1;728064;1024;0
M1;729088;1024;0
M1;730112;1024;0
M1;731136;1024;0
M1;732160;987;0
L;733184;0;0
L;734208;0;0
L;735232;0;0
L;736256;0;0
L;737280;0;0
L;738304;0;0
L;739328;0;0
L;740352;0;0
L;741376;0;0
L;742400;0;0
L;743424;0;0
L;744448;0;0
L;745472;0;0
L;746496;0;0
L;747520;0;0
L;748544;0;0
L;749568;0;0
L;750592;0;0
L;751616;0;0
L;752640;0;0
L;753664;0;0
L;754688;0;0
L;755712;0;0
L;756736;0;0
L;757760;0;0
L;758784;0;0
L;759808;0;0
L;760832;0;0
L;761856;0;0
L;762880;0;0
L;763904;0;0
L;764928;0;0
L;765952;0;0
L;766976;0;0
L;768000;0;0
L;769024;0;0
L;770048;0;0
L;771072;0;0
L;772096;0;0
L;773120;0;0
L;774144;0;0
L;775168;0;0
L;776192;0;0
L;777216;0;0
L;778240;0;0
L;779264;0;0
L;780288;0;0
L;781312;0;0
M26;782336;1024;0
M26;783360;1024;0
M26;784384;1024;0
M26;785408;575;0
P232;786432;140;0
P233;787456;1024;0
P233;788480;880;0
P234;789504;892;0
P235;790528;832;0
P236;791552;115;0
P237;792576;833;0
P238;793600;792;0
P239;794624;1024;0
P239;795648;759;0
P240;796672;941;0
P241;797696;1024;0
P241;798720;844;0
P242;799744;452;0
P243;800768;794;0
P244;801792;1024;0
P244;802816;756;0
P245;803840;935;0
P246;804864;815;0
P247;805888;1024;0
P247;806912;316;0
P248;807936;1024;0
P248;808960;604;0
P249;809984;1024;0
P249;811008;742;0
L;812032;0;0
L;813056;0;0
L;814080;0;0
L;815104;0;0
L;816128;0;0
M41;817152;1024;0
M41;818176;1024;0
M41;819200;1024;0
M41;820224;407;0
L;821248;0;0
L;822272;0;0
L;823296;0;0
L;824320;0;0
L;825344;0;0
L;826368;0;0
L;827392;0;0
L;828416;0;0
L;829440;0;0
L;830464;0;0
L;831488;0;0
L;832512;0;0
L;833536;0;0
L;834560;0;0
L;835584;0;0
L;836608;0;0
L;837632;0;0
L;838656;0;0
L;839680;0;0
L;840704;0;0
L;841728;0;0
L;842752;0;0
L;843776;0;0
L;844800;0;0
L;845824;0;0
L;846848;0;0
L;847872;0;0
L;848896;0;0
L;849920;0;0
L;850944;0;0
L;851968;0;0
L;852992;0;0
L;854016;0;0
L;855040;0;0
L;856064;0;0
L;857088;0;0
L;858112;0;0
L;859136;0;0
L;860160;0;0
L;861184;0;0
L;862208;0;0
L;863232;0;0
L;864256;0;0
L;865280;0;0
L;866304;0;0
L;867328;0;0
L;868352;0;0
L;869376;0;0
L;870400;0;0
L;871424;0;0
L;872448;0;0
L;873472;0;0
L;874496;0;0
L;875520;0;0
L;876544;0;0
L;877568;0;0
L;878592;0;0
L;879616;0;0
L;880640;0;0
L;881664;0;0
L;882688;0;0
L;883712;0;0
L;884736;0;0
L;885760;0;0
L;886784;0;0
L;887808;0;0
L;888832;0;0
L;889856;0;0
L;890880;0;0
L;891904;0;0
L;892928;0;0
L;893952;0;0
L;894976;0;0
L;896000;0;0
L;897024;0;0
L;898048;0;0
L;899072;0;0
L;900096;0;0
L;901120;0;0
L;902144;0;0
L;903168;0;0
L;904192;0;0
L;905216;0;0
L;906240;0;0
L;907264;0;0
L;908288;0;0
L;909312;0;0
L;910336;0;0
L;911360;0;0
L;912384;0;0
L;913408;0;0
L;914432;0;0
L;915456;0;0
L;916480;0;0
L;917504;0;0
L;918528;0;0
L;919552;0;0
L;920576;0;0
L;921600;0;0
L;922624;0;0
L;923648;0;0
L;924672;0;0
L;925696;0;0
L;926720;0;0
L;927744;0;0
L;928768;0;0
L;929792;0;0
L;930816;0;0
L;931840;0;0
L;932864;0;0
L;933888;0;0
L;934912;0;0
L;935936;0;0
L;936960;0;0
L;937984;0;0
L;939008;0;0
L;940032;0;0
L;941056;0;0
L;942080;0;0
L;943104;0;0
L;944128;0;0
L;945152;0;0
L;946176;0;0
L;947200;0;0
L;948224;0;0
L;949248;0;0
L;950272;0;0
L;951296;0;0
L;952320;0;0
L;953344;0;0
L;954368;0;0
L;955392;0;0
L;956416;0;0
L;957440;0;0
L;958464;0;0
L;959488;0;0
L;960512;0;0
L;961536;0;0
L;962560;0;0
L;963584;0;0
L;964608;0;0
L;965632;0;0
L;966656;0;0
L;967680;0;0
L;968704;0;0
L;969728;0;0
L;970752;0;0
L;971776;0;0
L;972800;0;0
L;973824;0;0
L;974848;0;0
L;975872;0;0
L;976896;0;0
L;977920;0;0
L;978944;0;0
L;979968;0;0
L;980992;0;0
L;982016;0;0
L;983040;0;0
L;984064;0;0
L;985088;0;0
L;986112;0;0
L;987136;0;0
L;988160;0;0
L;989184;0;0
L;990208;0;0
L;991232;0;0
L;992256;0;0
L;993280;0;0
L;994304;0;0
L;995328;0;0
L;996352;0;0
L;997376;0;0
L;998400;0;0
L;999424;0;0
L;1000448;0;0
L;1001472;0;0
L;1002496;0;0
L;1003520;0;0
L;1004544;0;0
L;1005568;0;0
L;1006592;0;0
L;1007616;0;0
L;1008640;0;0
L;1009664;0;0
L;1010688;0;0
L;1011712;0;0
L;1012736;0;0
L;1013760;0;0
L;1014784;0;0
L;1015808;0;0
L;1016832;0;0
L;1017856;0;0
L;1018880;0;0
L;1019904;0;0
L;1020928;0;0
L;1021952;0;0
L;1022976;0;0
L;1024000;0;0
L;1025024;0;0
L;1026048;0;0
M43;1027072;1024;0
M43;1028096;1024;0
M43;1029120;1024;0
M43;1030144;1024;0
M43;1031168;1024;0
M43;1032192;1024;0
M43;1033216;1024;0
M43;1034240;171;0
P23;1035264;1024;0
P23;1036288;1024;0
P23;1037312;577;0
P26;1038336;1024;0
P26;1039360;1024;0
P26;1040384;598;0
P27;1041408;284;0
P28;1042432;825;0
P29;1043456;416;0
P30;1044480;1024;0
P30;1045504;135;0
P31;1046528;1024;0
P31;1047552;904;0
P32;1048576;708;0
P33;1049600;578;0
M42;1050624;1024;0
M42;1051648;1024;0
M42;1052672;1024;0
M42;1053696;1024;0
M42;1054720;1024;0
M42;1055744;683;0
L;1056768;0;0
L;1057792;0;0
L;1058816;0;0
L;1059840;0;0
L;1060864;0;0
L;1061888;0;0
L;1062912;0;0
L;1063936;0;0
L;1064960;0;0
L;1065984;0;0
L;1067008;0;0
L;1068032;0;0
L;1069056;0;0
L;1070080;0;0
L;1071104;0;0
L;1072128;0;0
L;1073152;0;0
L;1074176;0;0
L;1075200;0;0
L;1076224;0;0
L;1077248;0;0
L;1078272;0;0
L;1079296;0;0
L;1080320;0;0
L;1081344;0;0
L;1082368;0;0
L;1083392;0;0
L;1084416;0;0
L;1085440;0;0
L;1086464;0;0
L;1087488;0;0
L;1088512;0;0
L;1089536;0;0
L;1090560;0;0
L;1091584;0;0
L;1092608;0;0
L;1093632;0;0
L;1094656;0;0
L;1095680;0;0
L;1096704;0;0
L;1097728;0;0
L;1098752;0;0
L;1099776;0;0
L;1100800;0;0
L;1101824;0;0
L;1102848;0;0
L;1103872;0;0
L;1104896;0;0
L;1105920;0;0
L;1106944;0;0
L;1107968;0;0
L;1108992;0;0
L;1110016;0;0
L;1111040;0;0
M8;1112064;1024;0
M8;1113088;1024;0
M8;1114112;1024;0
M8;1115136;1024;0
M8;1116160;1024;0
M8;1117184;1024;0
M8;1118208;1024;0
M8;1119232;451;0
L;1120256;0;0
L;1121280;0;0
L;1122304;0;0
L;1123328;0;0
L;1124352;0;0
L;1125376;0;0
L;1126400;0;0
L;1127424;0;0
L;1128448;0;0
L;1129472;0;0
L;1130496;0;0
L;1131520;0;0
L;1132544;0;0
L;1133568;0;0
L;1134592;0;0
L;1135616;0;0
L;1136640;0;0
L;1137664;0;0
L;1138688;0;0
L;1139712;0;0
L;1140736;0;0
L;1141760;0;0
L;1142784;0;0
L;1143808;0;0
L;1144832;0;0
L;1145856;0;0
L;1146880;0;0
L;1147904;0;0
L;1148928;0;0
L;1149952;0;0
L;1150976;0;0
L;1152000;0;0
L;1153024;0;0
L;1154048;0;0
L;1155072;0;0
L;1156096;0;0
L;1157120;0;0
L;1158144;0;0
L;1159168;0;0
L;1160192;0;0
L;1161216;0;0
L;1162240;0;0
L;1163264;0;0
L;1164288;0;0
L;1165312;0;0
L;1166336;0;0
L;1167360;0;0
L;1168384;0;0
L;1169408;0;0
L;1170432;0;0
L;1171456;0;0
M44;1172480;1024;0
M44;1173504;467;0
P1;1174528;1024;0
P1;1175552;222;0
M17;1176576;1024;0
M17;1177600;1024;0
M17;1178624;1024;0
M17;1179648;1024;0
M17;1180672;1024;0
M17;1181696;1024;0
M17;1182720;1024;0
M17;1183744;1024;0
M17;1184768;1024;0
M17;1185792;338;0
P73;1186816;931;0
P74;1187840;46;0
P75;1188864;905;0
P76;1189888;1024;0
P76;1190912;1024;0
P76;1191936;114;0
P77;1192960;15;0
P78;1193984;716;0
P79;1195008;1024;0
P79;1196032;1024;0
P79;1197056;773;0
P80;1198080;1024;0
P80;1199104;807;0
P81;1200128;1024;0
P81;1201152;1024;0
P81;1202176;260;0
P82;1203200;1024;0
P82;1204224;1024;0
P82;1205248;196;0
P84;1206272;402;0
M35;1207296;1024;0
M35;1208320;1024;0
M35;1209344;1024;0
M35;1210368;674;0
L;1211392;0;0
L;1212416;0;0
L;1213440;0;0
L;1214464;0;0
L;1215488;0;0
L;1216512;0;0
L;1217536;0;0
L;1218560;0;0
L;1219584;0;0
L;1220608;0;0
L;1221632;0;0
L;1222656;0;0
L;1223680;0;0
L;1224704;0;0
L;1225728;0;0
L;1226752;0;0
L;1227776;0;0
L;1228800;0;0
L;1229824;0;0
L;1230848;0;0
L;1231872;0;0
L;1232896;0;0
L;1233920;0;0
L;1234944;0;0
L;1235968;0;0
L;1236992;0;0
L;1238016;0;0
L;1239040;0;0
L;1240064;0;0
L;1241088;0;0
L;1242112;0;0
L;1243136;0;0
L;1244160;0;0
L;1245184;0;0
L;1246208;0;0
L;1247232;0;0
L;1248256;0;0
L;1249280;0;0
L;1250304;0;0
L;1251328;0;0
L;1252352;0;0
L;1253376;0;0
L;1254400;0;0
L;1255424;0;0
L;1256448;0;0
L;1257472;0;0
L;1258496;0;0
L;1259520;0;0
L;1260544;0;0
L;1261568;0;0
L;1262592;0;0
L;1263616;0;0
L;1264640;0;0
L;1265664;0;0
L;1266688;0;0
L;1267712;0;0
L;1268736;0;0
L;1269760;0;0
L;1270784;0;0
L;1271808;0;0
L;1272832;0;0
L;1273856;0;0
L;1274880;0;0
L;1275904;0;0
L;1276928;0;0
L;1277952;0;0
L;1278976;0;0
L;1280000;0;0
L;1281024;0;0
L;1282048;0;0
L;1283072;0;0
L;1284096;0;0
L;1285120;0;0
L;1286144;0;0
L;1287168;0;0
L;1288192;0;0
L;1289216;0;0
L;1290240;0;0
L;1291264;0;0
L;1292288;0;0
L;1293312;0;0
L;1294336;0;0
L;1295360;0;0
L;1296384;0;0
L;1297408;0;0
L;1298432;0;0
L;1299456;0;0
L;1300480;0;0
L;1301504;0;0
L;1302528;0;0
L;1303552;0;0
L;1304576;0;0
L;1305600;0;0
L;1306624;0;0
L;1307648;0;0
L;1308672;0;0
L;1309696;0;0
L;1310720;0;0
L;1311744;0;0
L;1312768;0;0
L;1313792;0;0
L;1314816;0;0
M3;1315840;1024;0
M3;1316864;1024;0
M3;1317888;1024;0
M3;1318912;1024;0
M3;1319936;1024;0
M3;1320960;1024;0
M3;1321984;1024;0
M3;1323008;942;0
P83;1324032;1024;0
P83;1325056;1009;0
P85;1326080;619;0
P86;1327104;1024;0
P86;1328128;696;0
P87;1329152;403;0
P88;1330176;1024;0
P88;1331200;1024;0
P88;1332224;472;0
P89;1333248;857;0
P90;1334272;1024;0
P90;1335296;1024;0
P90;1336320;122;0
P91;1337344;770;0
P92;1338368;1024;0
P92;1339392;988;0
P93;1340416;1024;0
P93;1341440;65;0
P94;1342464;1024;0
P94;1343488;332;0
P98;1344512;177;0
M5;1345536;1024;0
M5;1346560;1024;0
M5;1347584;1024;0
M5;1348608;1024;0
M5;1349632;1024;0
M5;1350656;1024;0
M5;1351680;1024;0
M5;1352704;1024;0
M5;1353728;1024;0
M5;1354752;395;0
P16;1355776;1024;0
P16;1356800;577;0
P17;1357824;1024;0
P17;1358848;1024;0
P17;1359872;229;0
P18;1360896;1024;0
P18;1361920;674;0
P19;1362944;1024;0
P19;1363968;303;0
P20;1364992;1024;0
P20;1366016;1024;0
P20;1367040;502;0
P25;1368064;1024;0
P25;1369088;159;0
M29;1370112;1024;0
M29;1371136;1024;0
M29;1372160;1024;0
M29;1373184;1024;0
M29;1374208;1024;0
M29;1375232;1024;0
M29;1376256;826;0
P128;1377280;510;0
P129;1378304;1024;0
P129;1379328;608;0
P130;1380352;1024;0
P130;1381376;1024;0
P130;1382400;159;0
P131;1383424;1024;0
P131;1384448;1024;0
P131;1385472;436;0
P132;1386496;1024;0
P132;1387520;394;0
P133;1388544;345;0
P134;1389568;1024;0
P134;1390592;607;0
P135;1391616;21;0
P136;1392640;1024;0
P136;1393664;1024;0
P136;1394688;153;0
P137;1395712;636;0
P138;1396736;404;0
P139;1397760;1024;0
P139;1398784;1024;0
P139;1399808;284;0
M22;1400832;1024;0
M22;1401856;1024;0
M22;1402880;1024;0
M22;1403904;1024;0
M22;1404928;1024;0
M22;1405952;1024;0
M22;1406976;1024;0
M22;1408000;913;0
P179;1409024;1024;0
P179;1410048;268;0
P180;1411072;1024;0
P180;1412096;767;0
P181;1413120;1024;0
P181;1414144;104;0
P182;1415168;1024;0
P182;1416192;834;0
P184;1417216;1024;0
P184;1418240;464;0
P185;1419264;1024;0
P185;1420288;133;0
P186;1421312;517;0
P187;1422336;130;0
P188;1423360;988;0
P189;1424384;1024;0
P189;1425408;714;0
P190;1426432;1024;0
P190;1427456;854;0
P191;1428480;92;0
P192;1429504;1024;0
P192;1430528;81;0
P193;1431552;1024;0
P193;1432576;52;0
P194;1433600;777;0
P195;1434624;606;0
P197;1435648;356;0
M47;1436672;1024;0
M47;1437696;88;0
L;1438720;0;0
L;1439744;0;0
L;1440768;0;0
L;1441792;0;0
L;1442816;0;0
L;1443840;0;0
L;1444864;0;0
L;1445888;0;0
L;1446912;0;0
L;1447936;0;0
L;1448960;0;0
L;1449984;0;0
L;1451008;0;0
L;1452032;0;0
L;1453056;0;0
L;1454080;0;0
L;1455104;0;0
L;1456128;0;0
L;1457152;0;0
L;1458176;0;0
L;1459200;0;0
L;1460224;0;0
L;1461248;0;0
L;1462272;0;0
L;1463296;0;0
L;1464320;0;0
L;1465344;0;0
L;1466368;0;0
L;1467392;0;0
L;1468416;0;0
L;1469440;0;0
L;1470464;0;0
L;1471488;0;0
L;1472512;0;0
L;1473536;0;0
L;1474560;0;0
L;1475584;0;0
L;1476608;0;0
L;1477632;0;0
L;1478656;0;0
L;1479680;0;0
L;1480704;0;0
M49;1481728;1024;0
M49;1482752;1024;0
M49;1483776;1024;0
M49;1484800;1024;0
M49;1485824;1024;0
M49;1486848;1024;0
M49;1487872;1024;0
M49;1488896;114;0
L;1489920;0;0
L;1490944;0;0
L;1491968;0;0
L;1492992;0;0
L;1494016;0;0
L;1495040;0;0
L;1496064;0;0
L;1497088;0;0
L;1498112;0;0
L;1499136;0;0
L;1500160;0;0
L;1501184;0;0
L;1502208;0;0
L;1503232;0;0
L;1504256;0;0
L;1505280;0;0
L;1506304;0;0
L;1507328;0;0
L;1508352;0;0
L;1509376;0;0
L;1510400;0;0
L;1511424;0;0
L;1512448;0;0
L;1513472;0;0
L;1514496;0;0
L;1515520;0;0
L;1516544;0;0
L;1517568;0;0
L;1518592;0;0
L;1519616;0;0
L;1520640;0;0
L;1521664;0;0
L;1522688;0;0
L;1523712;0;0
L;1524736;0;0
L;1525760;0;0
L;1526784;0;0
L;1527808;0;0
L;1528832;0;0
L;1529856;0;0
L;1530880;0;0
L;1531904;0;0
L;1532928;0;0
L;1533952;0;0
L;1534976;0;0
L;1536000;0;0
L;1537024;0;0
L;1538048;0;0
L;1539072;0;0
L;1540096;0;0
L;1541120;0;0
L;1542144;0;0
L;1543168;0;0
L;1544192;0;0
L;1545216;0;0
L;1546240;0;0
L;1547264;0;0
L;1548288;0;0
L;1549312;0;0
L;1550336;0;0
L;1551360;0;0
L;1552384;0;0
L;1553408;0;0
L;1554432;0;0
L;1555456;0;0
L;1556480;0;0
L;1557504;0;0
L;1558528;0;0
L;1559552;0;0
L;1560576;0;0
L;1561600;0;0
L;1562624;0;0
L;1563648;0;0
L;1564672;0;0
M34;1565696;1024;0
M34;1566720;1024;0
M34;1567744;1024;0
M34;1568768;1024;0
M34;1569792;268;0
P34;1570816;1024;0
P34;1571840;126;0
P35;1572864;1024;0
P35;1573888;372;0
P36;1574912;1024;0
P36;1575936;1024;0
P36;1576960;442;0
P37;1577984;1024;0
P37;1579008;869;0
P38;1580032;1024;0
P38;1581056;329;0
P39;1582080;293;0
P40;1583104;1024;0
P40;1584128;1024;0
P40;1585152;372;0
P41;1586176;685;0
P42;1587200;1024;0
P42;1588224;775;0
M9;1589248;1024;0
M9;1590272;1024;0
M9;1591296;1024;0
M9;1592320;1024;0
M9;1593344;293;0
P2;1594368;1024;0
P2;1595392;1024;0
P2;1596416;924;0
M2;1597440;1024;0
M2;1598464;1024;0
M2;1599488;278;0
L;1600512;0;0
L;1601536;0;0
L;1602560;0;0
L;1603584;0;0
L;1604608;0;0
L;1605632;0;0
L;1606656;0;0
L;1607680;0;0
L;1608704;0;0
L;1609728;0;0
L;1610752;0;0
L;1611776;0;0
L;1612800;0;0
L;1613824;0;0
L;1614848;0;0
L;1615872;0;0
L;1616896;0;0
L;1617920;0;0
L;1618944;0;0
L;1619968;0;0
L;1620992;0;0
L;1622016;0;0
L;1623040;0;0
L;1624064;0;0
L;1625088;0;0
L;1626112;0;0
L;1627136;0;0
L;1628160;0;0
L;1629184;0;0
L;1630208;0;0
L;1631232;0;0
L;1632256;0;0
L;1633280;0;0
L;1634304;0;0
L;1635328;0;0
L;1636352;0;0
L;1637376;0;0
L;1638400;0;0
L;1639424;0;0
L;1640448;0;0
L;1641472;0;0
L;1642496;0;0
L;1643520;0;0
L;1644544;0;0
L;1645568;0;0
L;1646592;0;0
L;1647616;0;0
L;1648640;0;0
L;1649664;0;0
L;1650688;0;0
L;1651712;0;0
L;1652736;0;0
L;1653760;0;0
L;1654784;0;0
L;1655808;0;0
L;1656832;0;0
L;1657856;0;0
L;1658880;0;0
L;1659904;0;0
L;1660928;0;0
L;1661952;0;0
L;1662976;0;0
L;1664000;0;0
L;1665024;0;0
M16;1666048;1024;0
M16;1667072;305;0
P4;1668096;482;0
M0;1669120;1024;0
M0;1670144;1024;0
M0;1671168;1024;0
M0;1672192;1024;0
M0;1673216;1024;0
M0;1674240;1024;0
M0;1675264;1024;0
M0;1676288;1024;0
M0;1677312;261;0
L;1678336;0;0
L;1679360;0;0
L;1680384;0;0
L;1681408;0;0
L;1682432;0;0
L;1683456;0;0
L;1684480;0;0
L;1685504;0;0
L;1686528;0;0
L;1687552;0;0
L;1688576;0;0
L;1689600;0;0
L;1690624;0;0
L;1691648;0;0
L;1692672;0;0
L;1693696;0;0
L;1694720;0;0
L;1695744;0;0
L;1696768;0;0
L;1697792;0;0
L;1698816;0;0
L;1699840;0;0
L;1700864;0;0
L;1701888;0;0
L;1702912;0;0
L;1703936;0;0
L;1704960;0;0
L;1705984;0;0
L;1707008;0;0
L;1708032;0;0
L;1709056;0;0
L;1710080;0;0
L;1711104;0;0
L;1712128;0;0
L;1713152;0;0
L;1714176;0;0
L;1715200;0;0
L;1716224;0;0
L;1717248;0;0
L;1718272;0;0
L;1719296;0;0
L;1720320;0;0
L;1721344;0;0
L;1722368;0;0
L;1723392;0;0
L;1724416;0;0
L;1725440;0;0
L;1726464;0;0
L;1727488;0;0
L;1728512;0;0
L;1729536;0;0
L;1730560;0;0
L;1731584;0;0
L;1732608;0;0
L;1733632;0;0
L;1734656;0;0
L;1735680;0;0
L;1736704;0;0
L;1737728;0;0
L;1738752;0;0
L;1739776;0;0
L;1740800;0;0
L;1741824;0;0
L;1742848;0;0
L;1743872;0;0
L;1744896;0;0
L;1745920;0;0
L;1746944;0;0
L;1747968;0;0
L;1748992;0;0
L;1750016;0;0
L;1751040;0;0
L;1752064;0;0
L;1753088;0;0
L;1754112;0;0
L;1755136;0;0
L;1756160;0;0
L;1757184;0;0
L;1758208;0;0
L;1759232;0;0
L;1760256;0;0
L;1761280;0;0
L;1762304;0;0
L;1763328;0;0
L;1764352;0;0
L;1765376;0;0
L;1766400;0;0
L;1767424;0;0
L;1768448;0;0
L;1769472;0;0
L;1770496;0;0
L;1771520;0;0
L;1772544;0;0
L;1773568;0;0
L;1774592;0;0
L;1775616;0;0
L;1776640;0;0
L;1777664;0;0
L;1778688;0;0
L;1779712;0;0
L;1780736;0;0
L;1781760;0;0
L;1782784;0;0
L;1783808;0;0
L;1784832;0;0
L;1785856;0;0
L;1786880;0;0
L;1787904;0;0
M40;1788928;1024;0
M40;1789952;1024;0
M40;1790976;1024;0
M40;1792000;1024;0
M40;1793024;1024;0
M40;1794048;760;0
P95;1795072;1024;0
P95;1796096;1024;0
P95;1797120;298;0
P96;1798144;1024;0
P96;1799168;935;0
P97;1800192;1024;0
P97;1801216;1024;0
P97;1802240;489;0
P99;1803264;1024;0
P99;1804288;958;0
P100;1805312;1;0
P101;1806336;1024;0
P101;1807360;197;0
P102;1808384;1024;0
P102;1809408;1024;0
P102;1810432;86;0
P103;1811456;1024;0
P103;1812480;1024;0
P103;1813504;346;0
P105;1814528;159;0
P107;1815552;184;0
M7;1816576;1024;0
M7;1817600;1024;0
M7;1818624;1024;0
M7;1819648;1024;0
M7;1820672;1024;0
M7;1821696;750;0
P214;1822720;45;0
P215;1823744;1024;0
P215;1824768;1024;0
P215;1825792;60;0
P216;1826816;1024;0
P216;1827840;355;0
P217;1828864;678;0
P218;1829888;564;0
P219;1830912;247;0
P220;1831936;1024;0
P220;1832960;219;0
P221;1833984;1024;0
P221;1835008;182;0
P222;1836032;1024;0
P222;1837056;1024;0
P222;1838080;25;0
P223;1839104;731;0
P224;1840128;120;0
P225;1841152;1024;0
P225;1842176;128;0
P226;1843200;1024;0
P226;1844224;875;0
P227;1845248;859;0
P228;1846272;382;0
P229;1847296;1024;0
P229;1848320;448;0
P230;1849344;1024;0
P230;1850368;266;0
P231;1851392;55;0
M27;1852416;1024;0
M27;1853440;1024;0
M27;1854464;1024;0
M27;1855488;1024;0
M27;1856512;1024;0
M27;1857536;1024;0
M27;1858560;1024;0
M27;1859584;571;0
P9;1860608;1024;0
P9;1861632;1024;0
P9;1862656;660;0
P10;1863680;1024;0
P10;1864704;595;0
P11;1865728;1024;0
P11;1866752;536;0
P12;1867776;1024;0
P12;1868800;1024;0
P12;1869824;243;0
P22;1870848;617;0
M10;1871872;1024;0
M10;1872896;1024;0
M10;1873920;187;0
L;1874944;0;0
L;1875968;0;0
L;1876992;0;0
L;1878016;0;0
L;1879040;0;0
L;1880064;0;0
L;1881088;0;0
L;1882112;0;0
L;1883136;0;0
L;1884160;0;0
L;1885184;0;0
L;1886208;0;0
L;1887232;0;0
L;1888256;0;0
L;1889280;0;0
L;1890304;0;0
L;1891328;0;0
L;1892352;0;0
L;1893376;0;0
L;1894400;0;0
L;1895424;0;0
L;1896448;0;0
L;1897472;0;0
L;1898496;0;0
L;1899520;0;0
L;1900544;0;0
L;1901568;0;0
L;1902592;0;0
L;1903616;0;0
L;1904640;0;0
L;1905664;0;0
L;1906688;0;0
L;1907712;0;0
L;1908736;0;0
L;1909760;0;0
L;1910784;0;0
L;1911808;0;0
L;1912832;0;0
L;1913856;0;0
L;1914880;0;0
L;1915904;0;0
L;1916928;0;0
L;1917952;0;0
L;1918976;0;0
L;1920000;0;0
L;1921024;0;0
L;1922048;0;0
L;1923072;0;0
L;1924096;0;0
L;1925120;0;0
L;1926144;0;0
L;1927168;0;0
M46;1928192;501;0
P140;1929216;188;0
P141;1930240;1024;0
P141;1931264;1024;0
P141;1932288;195;0
P142;1933312;1024;0
P142;1934336;1024;0
P142;1935360;440;0
P143;1936384;190;0
P144;1937408;1024;0
P144;1938432;1024;0
P144;1939456;511;0
P145;1940480;1024;0
P145;1941504;925;0
P146;1942528;1024;0
P146;1943552;1024;0
P146;1944576;393;0
P147;1945600;1024;0
P147;1946624;615;0
P148;1947648;1024;0
P148;1948672;617;0
P149;1949696;1024;0
P149;1950720;1024;0
P149;1951744;125;0
P150;1952768;898;0
M32;1953792;1024;0
M32;1954816;1024;0
M32;1955840;1024;0
M32;1956864;886;0
P3;1957888;1024;0
P3;1958912;76;0
P5;1959936;1024;0
P5;1960960;374;0
P7;1961984;109;0
M15;1963008;1024;0
M15;1964032;1024;0
M15;1965056;747;0
P63;1966080;1024;0
P63;1967104;1024;0
P63;1968128;3;0
P65;1969152;1024;0
P65;1970176;1024;0
P65;1971200;563;0
P66;1972224;1024;0
P66;1973248;378;0
P67;1974272;1024;0
P67;1975296;1024;0
P67;1976320;183;0
P68;1977344;1024;0
P68;1978368;771;0
P69;1979392;1024;0
P69;1980416;652;0
P70;1981440;1024;0
P70;1982464;1024;0
P70;1983488;49;0
P72;1984512;270;0
M6;1985536;1024;0
M6;1986560;1024;0
M6;1987584;1024;0
M6;1988608;1024;0
M6;1989632;1024;0
M6;1990656;1024;0
M6;1991680;1024;0
M6;1992704;1024;0
M6;1993728;1024;0
M6;1994752;1024;0
M6;1995776;786;0
P151;1996800;386;0
P152;1997824;1024;0
P152;1998848;58;0
P153;1999872;1024;0
P153;2000896;226;0
P154;2001920;322;0
P155;2002944;330;0
P156;2003968;1024;0
P156;2004992;1024;0
P156;2006016;335;0
P157;2007040;1024;0
P157;2008064;22;0
P158;2009088;1024;0
P158;2010112;216;0
P159;2011136;862;0
P160;2012160;1024;0
P160;2013184;1024;0
P160;2014208;78;0
P161;2015232;1024;0
P161;2016256;1024;0
P161;2017280;113;0
P162;2018304;958;0
P163;2019328;1024;0
P163;2020352;202;0
P168;2021376;407;0
M31;2022400;1024;0
M31;2023424;1024;0
M31;2024448;1024;0
M31;2025472;1024;0
M31;2026496;630;0
P104;2027520;1024;0
P104;2028544;1024;0
P104;2029568;447;0
P106;2030592;1024;0
P106;2031616;910;0
P108;2032640;13;0
P109;2033664;923;0
P110;2034688;1024;0
P110;2035712;857;0
P111;2036736;752;0
P112;2037760;1024;0
P112;2038784;1024;0
P112;2039808;543;0
P113;2040832;1024;0
P113;2041856;141;0
P114;2042880;1024;0
P114;2043904;1024;0
P114;2044928;228;0
P115;2045952;480;0
P116;2046976;1024;0
P116;2048000;1024;0
P116;2049024;219;0
M18;2050048;1024;0
M18;2051072;1024;0
M18;2052096;1024;0
M18;2053120;1024;0
M18;2054144;1024;0
M18;2055168;1024;0
M18;2056192;1024;0
M18;2057216;674;0
L;2058240;0;0
L;2059264;0;0
L;2060288;0;0
L;2061312;0;0
L;2062336;0;0
L;2063360;0;0
L;2064384;0;0
L;2065408;0;0
L;2066432;0;0
L;2067456;0;0
L;2068480;0;0
L;2069504;0;0
L;2070528;0;0
L;2071552;0;0
L;2072576;0;0
L;2073600;0;0
L;2074624;0;0
L;2075648;0;0
L;2076672;0;0
L;2077696;0;0
L;2078720;0;0
L;2079744;0;0
L;2080768;0;0
L;2081792;0;0
L;2082816;0;0
L;2083840;0;0
L;2084864;0;0
L;2085888;0;0
L;2086912;0;0
L;2087936;0;0
L;2088960;0;0
L;2089984;0;0
L;2091008;0;0
L;2092032;0;0
L;2093056;0;0
L;2094080;0;0
L;2095104;0;0
L;2096128;0;0
L;2097152;0;0
L;2098176;0;0
L;2099200;0;0
L;2100224;0;0
L;2101248;0;0
L;2102272;0;0
L;2103296;0;0
L;2104320;0;0
L;2105344;0;0
M33;2106368;1024;0
M33;2107392;1024;0
M33;2108416;1024;0
M33;2109440;1024;0
M33;2110464;244;0
P6;2111488;1024;0
P6;2112512;456;0
P8;2113536;1024;0
P8;2114560;1024;0
P8;2115584;595;0
P24;2116608;796;0
M4;2117632;1024;0
M4;2118656;1024;0
M4;2119680;1024;0
M4;2120704;1024;0
M4;2121728;1024;0
M4;2122752;1024;0
M4;2123776;1024;0
M4;2124800;317;0
L;2125824;0;0
L;2126848;0;0
L;2127872;0;0
L;2128896;0;0
L;2129920;0;0
L;2130944;0;0
L;2131968;0;0
L;2132992;0;0
L;2134016;0;0
L;2135040;0;0
L;2136064;0;0
L;2137088;0;0
L;2138112;0;0
L;2139136;0;0
L;2140160;0;0
L;2141184;0;0
L;2142208;0;0
L;2143232;0;0
L;2144256;0;0
L;2145280;0;0
L;2146304;0;0
L;2147328;0;0
L;2148352;0;0
L;2149376;0;0
L;2150400;0;0
L;2151424;0;0
L;2152448;0;0
L;2153472;0;0
L;2154496;0;0
L;2155520;0;0
L;2156544;0;0
L;2157568;0;0
L;2158592;0;0
L;2159616;0;0
L;2160640;0;0
L;2161664;0;0
L;2162688;0;0
L;2163712;0;0
L;2164736;0;0
L;2165760;0;0
L;2166784;0;0
L;2167808;0;0
L;2168832;0;0
L;2169856;0;0
M12;2170880;1024;0
M12;2171904;1024;0
M12;2172928;1024;0
M12;2173952;1024;0
M12;2174976;1024;0
M12;2176000;1024;0
M12;2177024;1024;0
M12;2178048;1024;0
M12;2179072;107;0
L;2180096;0;0
L;2181120;0;0
L;2182144;0;0
L;2183168;0;0
L;2184192;0;0
L;2185216;0;0
L;2186240;0;0
L;2187264;0;0
L;2188288;0;0
L;2189312;0;0
L;2190336;0;0
L;2191360;0;0
L;2192384;0;0
L;2193408;0;0
L;2194432;0;0
L;2195456;0;0
L;2196480;0;0
L;2197504;0;0
L;2198528;0;0
L;2199552;0;0
L;2200576;0;0
L;2201600;0;0
L;2202624;0;0
L;2203648;0;0
L;2204672;0;0
L;2205696;0;0
L;2206720;0;0
L;2207744;0;0
L;2208768;0;0
L;2209792;0;0
L;2210816;0;0
L;2211840;0;0
L;2212864;0;0
L;2213888;0;0
L;2214912;0;0
L;2215936;0;0
L;2216960;0;0
L;2217984;0;0
L;2219008;0;0
L;2220032;0;0
L;2221056;0;0
L;2222080;0;0
L;2223104;0;0
L;2224128;0;0
L;2225152;0;0
L;2226176;0;0
L;2227200;0;0
L;2228224;0;0
L;2229248;0;0
L;2230272;0;0
L;2231296;0;0
L;2232320;0;0
L;2233344;0;0
L;2234368;0;0
L;2235392;0;0
L;2236416;0;0
L;2237440;0;0
L;2238464;0;0
L;2239488;0;0
L;2240512;0;0
L;2241536;0;0
L;2242560;0;0
L;2243584;0;0
L;2244608;0;0
L;2245632;0;0
L;2246656;0;0
L;2247680;0;0
L;2248704;0;0
L;2249728;0;0
L;2250752;0;0
L;2251776;0;0
L;2252800;0;0
L;2253824;0;0
L;2254848;0;0
L;2255872;0;0
L;2256896;0;0
M39;2257920;685;0
L;2258944;0;0
L;2259968;0;0
L;2260992;0;0
L;2262016;0;0
L;2263040;0;0
L;2264064;0;0
L;2265088;0;0
L;2266112;0;0
L;2267136;0;0
L;2268160;0;0
L;2269184;0;0
L;2270208;0;0
L;2271232;0;0
L;2272256;0;0
L;2273280;0;0
L;2274304;0;0
L;2275328;0;0
L;2276352;0;0
L;2277376;0;0
L;2278400;0;0
L;2279424;0;0
L;2280448;0;0
L;2281472;0;0
L;2282496;0;0
L;2283520;0;0
L;2284544;0;0
L;2285568;0;0
L;2286592;0;0
L;2287616;0;0
L;2288640;0;0
L;2289664;0;0
L;2290688;0;0
L;2291712;0;0
L;2292736;0;0
L;2293760;0;0
L;2294784;0;0
L;2295808;0;0
L;2296832;0;0
L;2297856;0;0
L;2298880;0;0
L;2299904;0;0
L;2300928;0;0
L;2301952;0;0
L;2302976;0;0
L;2304000;0;0
L;2305024;0;0
L;2306048;0;0
L;2307072;0;0
L;2308096;0;0
L;2309120;0;0
L;2310144;0;0
L;2311168;0;0
L;2312192;0;0
L;2313216;0;0
L;2314240;0;0
L;2315264;0;0
L;2316288;0;0
L;2317312;0;0
L;2318336;0;0
L;2319360;0;0
L;2320384;0;0
L;2321408;0;0
L;2322432;0;0
L;2323456;0;0
L;2324480;0;0
L;2325504;0;0
L;2326528;0;0
L;2327552;0;0
L;2328576;0;0
L;2329600;0;0
L;2330624;0;0
L;2331648;0;0
L;2332672;0;0
L;2333696;0;0
L;2334720;0;0
L;2335744;0;0
L;2336768;0;0
L;2337792;0;0
L;2338816;0;0
L;2339840;0;0
L;2340864;0;0
L;2341888;0;0
L;2342912;0;0
L;2343936;0;0
L;2344960;0;0
L;2345984;0;0
L;2347008;0;0
M38;2348032;1024;0
M38;2349056;1024;0
M38;2350080;341;0
L;2351104;0;0
L;2352128;0;0
L;2353152;0;0
L;2354176;0;0
L;2355200;0;0
L;2356224;0;0
L;2357248;0;0
L;2358272;0;0
L;2359296;0;0
L;2360320;0;0
L;2361344;0;0
L;2362368;0;0
L;2363392;0;0
L;2364416;0;0
L;2365440;0;0
L;2366464;0;0
L;2367488;0;0
L;2368512;0;0
L;2369536;0;0
L;2370560;0;0
L;2371584;0;0
L;2372608;0;0
L;2373632;0;0
L;2374656;0;0
L;2375680;0;0
L;2376704;0;0
L;2377728;0;0
L;2378752;0;0
L;2379776;0;0
L;2380800;0;0
L;2381824;0;0
L;2382848;0;0
L;2383872;0;0
L;2384896;0;0
L;2385920;0;0
L;2386944;0;0
L;2387968;0;0
L;2388992;0;0
L;2390016;0;0
L;2391040;0;0
L;2392064;0;0
L;2393088;0;0
L;2394112;0;0
L;2395136;0;0
L;2396160;0;0
L;2397184;0;0
L;2398208;0;0
L;2399232;0;0
L;2400256;0;0
L;2401280;0;0
L;2402304;0;0
L;2403328;0;0
L;2404352;0;0
L;2405376;0;0
L;2406400;0;0
L;2407424;0;0
L;2408448;0;0
L;2409472;0;0
L;2410496;0;0
L;2411520;0;0
L;2412544;0;0
L;2413568;0;0
L;2414592;0;0
L;2415616;0;0
L;2416640;0;0
L;2417664;0;0
L;2418688;0;0
L;2419712;0;0
L;2420736;0;0
L;2421760;0;0
L;2422784;0;0
L;2423808;0;0
L;2424832;0;0
L;2425856;0;0
L;2426880;0;0
L;2427904;0;0
L;2428928;0;0
L;2429952;0;0
M25;2430976;89;0
L;2432000;0;0
L;2433024;0;0
L;2434048;0;0
L;2435072;0;0
L;2436096;0;0
L;2437120;0;0
L;2438144;0;0
L;2439168;0;0
L;2440192;0;0
L;2441216;0;0
L;2442240;0;0
L;2443264;0;0
L;2444288;0;0
L;2445312;0;0
L;2446336;0;0
L;2447360;0;0
L;2448384;0;0
L;2449408;0;0
L;2450432;0;0
L;2451456;0;0
L;2452480;0;0
L;2453504;0;0
L;2454528;0;0
L;2455552;0;0
L;2456576;0;0
L;2457600;0;0
L;2458624;0;0
L;2459648;0;0
L;2460672;0;0
L;2461696;0;0
L;2462720;0;0
L;2463744;0;0
L;2464768;0;0
L;2465792;0;0
L;2466816;0;0
L;2467840;0;0
L;2468864;0;0
L;2469888;0;0
L;2470912;0;0
L;2471936;0;0
L;2472960;0;0
L;2473984;0;0
L;2475008;0;0
L;2476032;0;0
L;2477056;0;0
L;2478080;0;0
L;2479104;0;0
L;2480128;0;0
L;2481152;0;0
L;2482176;0;0
L;2483200;0;0
L;2484224;0;0
L;2485248;0;0
L;2486272;0;0
L;2487296;0;0
L;2488320;0;0
L;2489344;0;0
L;2490368;0;0
L;2491392;0;0
L;2492416;0;0
L;2493440;0;0
L;2494464;0;0
L;2495488;0;0
L;2496512;0;0
L;2497536;0;0
L;2498560;0;0
L;2499584;0;0
L;2500608;0;0
L;2501632;0;0
L;2502656;0;0
L;2503680;0;0
M19;2504704;1024;0
M19;2505728;1024;0
M19;2506752;1024;0
M19;2507776;1024;0
M19;2508800;1024;0
M19;2509824;1024;0
M19;2510848;286;0
L;2511872;0;0
L;2512896;0;0
L;2513920;0;0
L;2514944;0;0
L;2515968;0;0
L;2516992;0;0
L;2518016;0;0
L;2519040;0;0
L;2520064;0;0
L;2521088;0;0
L;2522112;0;0
L;2523136;0;0
L;2524160;0;0
L;2525184;0;0
L;2526208;0;0
L;2527232;0;0
L;2528256;0;0
L;2529280;0;0
L;2530304;0;0
L;2531328;0;0
L;2532352;0;0
L;2533376;0;0
L;2534400;0;0
L;2535424;0;0
L;2536448;0;0
L;2537472;0;0
L;2538496;0;0
L;2539520;0;0
L;2540544;0;0
L;2541568;0;0
L;2542592;0;0
L;2543616;0;0
M23;2544640;1024;0
M23;2545664;1024;0
M23;2546688;1024;0
M23;2547712;1024;0
M23;2548736;1024;0
M23;2549760;1024;0
M23;2550784;1024;0
M23;2551808;644;0
L;2552832;0;0
L;2553856;0;0
L;2554880;0;0
L;2555904;0;0
L;2556928;0;0
L;2557952;0;0
L;2558976;0;0
