P36;0;1024;2500
P36;1024;1024;2500
P36;2048;442;2500
P38;3072;1024;2500
P38;4096;329;2500
P41;5120;685;2500
P42;6144;1024;2500
P42;7168;775;2500
P44;8192;1024;2500
P44;9216;753;2500
P47;10240;105;2500
P48;11264;998;2500
P50;12288;1024;2500
P50;13312;1024;2500
P50;14336;1024;2500
P50;15360;1;2500
P58;16384;1024;2500
P58;17408;1024;2500
P58;18432;699;2500
P63;19456;1024;2500
P63;20480;1024;2500
P63;21504;3;2500
P68;22528;1024;2500
P68;23552;771;2500
P71;24576;288;2500
P74;25600;46;2500
P78;26624;716;2500
P82;27648;1024;2500
P82;28672;1024;2500
P82;29696;196;2500
P88;30720;1024;2500
P88;31744;1024;2500
P88;32768;472;2500
P95;33792;1024;2500
P95;34816;1024;2500
P95;35840;298;2500
P105;36864;159;2500
P107;37888;184;2500
P109;38912;923;2500
P115;39936;480;2500
P118;40960;1024;2500
P118;41984;1024;2500
P118;43008;422;2500
P128;44032;510;2500
P131;45056;1024;2500
P131;46080;1024;2500
P131;47104;436;2500
P143;48128;190;2500
P146;49152;1024;2500
P146;50176;1024;2500
P146;51200;393;2500
P159;52224;862;2500
P164;53248;1024;2500
P164;54272;785;2500
P175;55296;1024;2500
P175;56320;733;2500
P189;57344;1024;2500
P189;58368;714;2500
P207;59392;496;2500
P217;60416;678;2500
P223;61440;731;2500
P231;62464;55;2500
P239;63488;1024;2500
P239;64512;759;2500
L;65536;0;0
L;66560;0;0
L;67584;0;0
L;68608;0;0
L;69632;0;0
L;70656;0;0
L;71680;0;0
L;72704;0;0
L;73728;0;0
L;74752;0;0
L;75776;0;0
L;76800;0;0
L;77824;0;0
L;78848;0;0
L;79872;0;0
L;80896;0;0
L;81920;0;0
L;82944;0;0
L;83968;0;0
L;84992;0;0
L;86016;0;0
L;87040;0;0
L;88064;0;0
L;89088;0;0
L;90112;0;0
L;91136;0;0
L;92160;0;0
L;93184;0;0
L;94208;0;0
L;95232;0;0
L;96256;0;0
L;97280;0;0
L;98304;0;0
L;99328;0;0
L;100352;0;0
L;101376;0;0
L;102400;0;0
L;103424;0;0
L;104448;0;0
L;105472;0;0
L;106496;0;0
L;107520;0;0
L;108544;0;0
L;109568;0;0
L;110592;0;0
L;111616;0;0
L;112640;0;0
L;113664;0;0
L;114688;0;0
L;115712;0;0
L;116736;0;0
L;117760;0;0
L;118784;0;0
L;119808;0;0
L;120832;0;0
L;121856;0;0
L;122880;0;0
L;123904;0;0
L;124928;0;0
L;125952;0;0
L;126976;0;0
L;128000;0;0
M13;129024;1024;0
M13;130048;1024;0
M13;131072;1024;0
M13;132096;1024;0
M13;133120;1024;0
M13;134144;1024;0
M13;135168;1024;0
M13;136192;560;0
L;137216;0;0
L;138240;0;0
L;139264;0;0
L;140288;0;0
L;141312;0;0
L;142336;0;0
L;143360;0;0
L;144384;0;0
L;145408;0;0
L;146432;0;0
L;147456;0;0
L;148480;0;0
M20;149504;1024;0
M20;150528;1024;0
M20;151552;1024;0
M20;152576;1024;0
M20;153600;1024;0
M20;154624;1024;0
M20;155648;552;0
P184;156672;1024;2500
P184;157696;464;2500
P200;158720;1024;2500
P200;159744;967;2500
P218;160768;564;2500
P224;161792;120;2500
P232;162816;140;2500
P240;163840;941;2500
L;164864;0;0
L;165888;0;0
L;166912;0;0
L;167936;0;0
L;168960;0;0
L;169984;0;0
L;171008;0;0
L;172032;0;0
L;173056;0;0
L;174080;0;0
L;175104;0;0
L;176128;0;0
L;177152;0;0
L;178176;0;0
L;179200;0;0
L;180224;0;0
L;181248;0;0
L;182272;0;0
L;183296;0;0
L;184320;0;0
L;185344;0;0
L;186368;0;0
L;187392;0;0
L;188416;0;0
L;189440;0;0
L;190464;0;0
L;191488;0;0
L;192512;0;0
L;193536;0;0
L;194560;0;0
L;195584;0;0
L;196608;0;0
L;197632;0;0
L;198656;0;0
L;199680;0;0
L;200704;0;0
L;201728;0;0
L;202752;0;0
L;203776;0;0
L;204800;0;0
L;205824;0;0
L;206848;0;0
L;207872;0;0
L;208896;0;0
L;209920;0;0
L;210944;0;0
L;211968;0;0
L;212992;0;0
L;214016;0;0
L;215040;0;0
L;216064;0;0
L;217088;0;0
L;218112;0;0
L;219136;0;0
L;220160;0;0
L;221184;0;0
L;222208;0;0
L;223232;0;0
L;224256;0;0
L;225280;0;0
L;226304;0;0
L;227328;0;0
L;228352;0;0
M24;229376;1024;0
M24;230400;1024;0
M24;231424;1024;0
M24;232448;1024;0
M24;233472;435;0
P160;234496;1024;2500
P160;235520;1024;2500
P160;236544;78;2500
P176;237568;1024;2500
P176;238592;26;2500
P190;239616;1024;2500
P190;240640;854;2500
P208;241664;1024;2500
P208;242688;1024;2500
P208;243712;167;2500
P233;244736;1024;2500
P233;245760;880;2500
L;246784;0;0
L;247808;0;0
L;248832;0;0
L;249856;0;0
L;250880;0;0
L;251904;0;0
L;252928;0;0
L;253952;0;0
L;254976;0;0
L;256000;0;0
L;257024;0;0
L;258048;0;0
L;259072;0;0
L;260096;0;0
L;261120;0;0
L;262144;0;0
L;263168;0;0
L;264192;0;0
L;265216;0;0
L;266240;0;0
L;267264;0;0
L;268288;0;0
L;269312;0;0
L;270336;0;0
L;271360;0;0
L;272384;0;0
L;273408;0;0
L;274432;0;0
L;275456;0;0
L;276480;0;0
L;277504;0;0
L;278528;0;0
L;279552;0;0
L;280576;0;0
L;281600;0;0
L;282624;0;0
L;283648;0;0
L;284672;0;0
L;285696;0;0
L;286720;0;0
L;287744;0;0
L;288768;0;0
L;289792;0;0
L;290816;0;0
L;291840;0;0
L;292864;0;0
L;293888;0;0
L;294912;0;0
L;295936;0;0
L;296960;0;0
L;297984;0;0
L;299008;0;0
L;300032;0;0
L;301056;0;0
L;302080;0;0
L;303104;0;0
L;304128;0;0
L;305152;0;0
L;306176;0;0
L;307200;0;0
L;308224;0;0
L;309248;0;0
L;310272;0;0
M30;311296;1024;0
M30;312320;1024;0
M30;313344;884;0
L;314368;0;0
L;315392;0;0
L;316416;0;0
M21;317440;1024;0
M21;318464;395;0
L;319488;0;0
L;320512;0;0
L;321536;0;0
L;322560;0;0
L;323584;0;0
L;324608;0;0
L;325632;0;0
L;326656;0;0
L;327680;0;0
L;328704;0;0
L;329728;0;0
L;330752;0;0
L;331776;0;0
L;332800;0;0
L;333824;0;0
L;334848;0;0
L;335872;0;0
L;336896;0;0
L;337920;0;0
L;338944;0;0
L;339968;0;0
L;340992;0;0
L;342016;0;0
L;343040;0;0
L;344064;0;0
L;345088;0;0
L;346112;0;0
L;347136;0;0
L;348160;0;0
L;349184;0;0
L;350208;0;0
L;351232;0;0
L;352256;0;0
L;353280;0;0
M14;354304;1024;0
M14;355328;1024;0
M14;356352;1024;0
M14;357376;1024;0
M14;358400;1024;0
M14;359424;1024;0
M14;360448;1024;0
M14;361472;1024;0
M14;362496;1024;0
M14;363520;1024;0
M14;364544;563;0
L;365568;0;0
L;366592;0;0
L;367616;0;0
L;368640;0;0
L;369664;0;0
L;370688;0;0
L;371712;0;0
L;372736;0;0
L;373760;0;0
L;374784;0;0
L;375808;0;0
L;376832;0;0
L;377856;0;0
L;378880;0;0
L;379904;0;0
L;380928;0;0
L;381952;0;0
L;382976;0;0
L;384000;0;0
L;385024;0;0
L;386048;0;0
L;387072;0;0
L;388096;0;0
L;389120;0;0
L;390144;0;0
L;391168;0;0
M28;392192;1024;0
M28;393216;1024;0
M28;394240;1024;0
M28;395264;1024;0
M28;396288;1024;0
M28;397312;1024;0
M28;398336;713;0
L;399360;0;0
L;400384;0;0
L;401408;0;0
L;402432;0;0
L;403456;0;0
L;404480;0;0
L;405504;0;0
L;406528;0;0
L;407552;0;0
L;408576;0;0
L;409600;0;0
L;410624;0;0
L;411648;0;0
L;412672;0;0
L;413696;0;0
L;414720;0;0
L;415744;0;0
L;416768;0;0
L;417792;0;0
L;418816;0;0
L;419840;0;0
L;420864;0;0
L;421888;0;0
M48;422912;1024;0
M48;423936;1024;0
M48;424960;375;0
P49;425984;1024;2500
P49;427008;712;2500
P52;428032;29;2500
P54;429056;956;2500
P56;430080;1024;2500
P56;431104;1024;2500
P56;432128;62;2500
P60;433152;1024;2500
P60;434176;862;2500
P64;435200;369;2500
P66;436224;1024;2500
P66;437248;378;2500
P69;438272;1024;2500
P69;439296;652;2500
P75;440320;905;2500
P79;441344;1024;2500
P79;442368;1024;2500
P79;443392;773;2500
P85;444416;619;2500
P89;445440;857;2500
P92;446464;1024;2500
P92;447488;988;2500
P96;448512;1024;2500
P96;449536;935;2500
P101;450560;1024;2500
P101;451584;197;2500
P108;452608;13;2500
P110;453632;1024;2500
P110;454656;857;2500
P119;455680;736;2500
P121;456704;1024;2500
P121;457728;1024;2500
P121;458752;306;2500
P132;459776;1024;2500
P132;460800;394;2500
P138;461824;404;2500
P144;462848;1024;2500
P144;463872;1024;2500
P144;464896;511;2500
P153;465920;1024;2500
P153;466944;226;2500
P165;467968;1024;2500
P165;468992;769;2500
P177;470016;1024;2500
P177;471040;488;2500
P191;472064;92;2500
P201;473088;141;2500
P209;474112;1024;2500
P209;475136;922;2500
P225;476160;1024;2500
P225;477184;128;2500
P241;478208;1024;2500
P241;479232;844;2500
L;480256;0;0
L;481280;0;0
L;482304;0;0
L;483328;0;0
L;484352;0;0
L;485376;0;0
L;486400;0;0
L;487424;0;0
L;488448;0;0
L;489472;0;0
L;490496;0;0
L;491520;0;0
L;492544;0;0
L;493568;0;0
L;494592;0;0
L;495616;0;0
L;496640;0;0
L;497664;0;0
L;498688;0;0
L;499712;0;0
L;500736;0;0
L;501760;0;0
L;502784;0;0
L;503808;0;0
L;504832;0;0
L;505856;0;0
L;506880;0;0
L;507904;0;0
L;508928;0;0
L;509952;0;0
L;510976;0;0
L;512000;0;0
L;513024;0;0
L;514048;0;0
L;515072;0;0
L;516096;0;0
L;517120;0;0
L;518144;0;0
L;519168;0;0
L;520192;0;0
L;521216;0;0
L;522240;0;0
L;523264;0;0
L;524288;0;0
L;525312;0;0
L;526336;0;0
L;527360;0;0
L;528384;0;0
L;529408;0;0
L;530432;0;0
L;531456;0;0
L;532480;0;0
L;533504;0;0
L;534528;0;0
L;535552;0;0
L;536576;0;0
L;537600;0;0
L;538624;0;0
L;539648;0;0
L;540672;0;0
L;541696;0;0
L;542720;0;0
M45;543744;1024;0
M45;544768;721;0
P102;545792;1024;2500
P102;546816;1024;2500
P102;547840;86;2500
P111;548864;752;2500
P116;549888;1024;2500
P116;550912;1024;2500
P116;551936;219;2500
P126;552960;1024;2500
P126;553984;872;2500
P133;555008;345;2500
P135;556032;21;2500
P139;557056;1024;2500
P139;558080;1024;2500
P139;559104;284;2500
P149;560128;1024;2500
P149;561152;1024;2500
P149;562176;125;2500
P166;563200;1024;2500
P166;564224;948;2500
P178;565248;1024;2500
P178;566272;768;2500
P192;567296;1024;2500
P192;568320;81;2500
P210;569344;1024;2500
P210;570368;308;2500
P226;571392;1024;2500
P226;572416;875;2500
P242;573440;452;2500
L;574464;0;0
L;575488;0;0
L;576512;0;0
L;577536;0;0
L;578560;0;0
L;579584;0;0
L;580608;0;0
L;581632;0;0
L;582656;0;0
L;583680;0;0
L;584704;0;0
L;585728;0;0
L;586752;0;0
L;587776;0;0
L;588800;0;0
L;589824;0;0
L;590848;0;0
L;591872;0;0
L;592896;0;0
L;593920;0;0
L;594944;0;0
L;595968;0;0
L;596992;0;0
L;598016;0;0
L;599040;0;0
L;600064;0;0
L;601088;0;0
L;602112;0;0
L;603136;0;0
L;604160;0;0
L;605184;0;0
L;606208;0;0
L;607232;0;0
L;608256;0;0
L;609280;0;0
L;610304;0;0
L;611328;0;0
L;612352;0;0
L;613376;0;0
L;614400;0;0
L;615424;0;0
L;616448;0;0
L;617472;0;0
L;618496;0;0
L;619520;0;0
L;620544;0;0
L;621568;0;0
L;622592;0;0
L;623616;0;0
L;624640;0;0
L;625664;0;0
L;626688;0;0
L;627712;0;0
L;628736;0;0
L;629760;0;0
L;630784;0;0
L;631808;0;0
L;632832;0;0
L;633856;0;0
L;634880;0;0
L;635904;0;0
L;636928;0;0
L;637952;0;0
M11;638976;1024;0
M11;640000;1024;0
M11;641024;1024;0
M11;642048;1024;0
M11;643072;1024;0
M11;644096;1024;0
M11;645120;817;0
L;646144;0;0
L;647168;0;0
L;648192;0;0
L;649216;0;0
L;650240;0;0
L;651264;0;0
L;652288;0;0
L;653312;0;0
L;654336;0;0
L;655360;0;0
L;656384;0;0
L;657408;0;0
L;658432;0;0
L;659456;0;0
L;660480;0;0
L;661504;0;0
L;662528;0;0
L;663552;0;0
L;664576;0;0
M37;665600;1024;0
M37;666624;1024;0
M37;667648;1024;0
M37;668672;1024;0
M37;669696;1024;0
M37;670720;1024;0
M37;671744;245;0
L;672768;0;0
L;673792;0;0
L;674816;0;0
L;675840;0;0
L;676864;0;0
L;677888;0;0
L;678912;0;0
L;679936;0;0
L;680960;0;0
L;681984;0;0
L;683008;0;0
L;684032;0;0
L;685056;0;0
L;686080;0;0
L;687104;0;0
L;688128;0;0
L;689152;0;0
L;690176;0;0
L;691200;0;0
L;692224;0;0
L;693248;0;0
L;694272;0;0
L;695296;0;0
L;696320;0;0
L;697344;0;0
L;698368;0;0
L;699392;0;0
L;700416;0;0
M36;701440;1024;0
M36;702464;1024;0
M36;703488;762;0
L;704512;0;0
L;705536;0;0
L;706560;0;0
L;707584;0;0
L;708608;0;0
L;709632;0;0
L;710656;0;0
L;711680;0;0
L;712704;0;0
L;713728;0;0
L;714752;0;0
L;715776;0;0
L;716800;0;0
L;717824;0;0
L;718848;0;0
L;719872;0;0
L;720896;0;0
L;721920;0;0
L;722944;0;0
M1;723968;1024;0
M1;724992;1024;0
M1;726016;1024;0
M1;727040;1024;0
M1;728064;1024;0
M1;729088;1024;0
M1;730112;1024;0
M1;731136;1024;0
M1;732160;987;0
L;733184;0;0
L;734208;0;0
L;735232;0;0
L;736256;0;0
L;737280;0;0
L;738304;0;0
L;739328;0;0
L;740352;0;0
L;741376;0;0
L;742400;0;0
L;743424;0;0
L;744448;0;0
L;745472;0;0
L;746496;0;0
L;747520;0;0
L;748544;0;0
L;749568;0;0
L;750592;0;0
L;751616;0;0
L;752640;0;0
L;753664;0;0
L;754688;0;0
L;755712;0;0
L;756736;0;0
L;757760;0;0
L;758784;0;0
L;759808;0;0
L;760832;0;0
L;761856;0;0
L;762880;0;0
L;763904;0;0
L;764928;0;0
L;765952;0;0
L;766976;0;0
L;768000;0;0
L;769024;0;0
L;770048;0;0
L;771072;0;0
L;772096;0;0
L;773120;0;0
L;774144;0;0
L;775168;0;0
L;776192;0;0
L;777216;0;0
L;778240;0;0
L;779264;0;0
L;780288;0;0
L;781312;0;0
M26;782336;1024;0
M26;783360;1024;0
M26;784384;1024;0
M26;785408;575;0
L;786432;0;0
L;787456;0;0
L;788480;0;0
L;789504;0;0
L;790528;0;0
L;791552;0;0
L;792576;0;0
L;793600;0;0
L;794624;0;0
L;795648;0;0
L;796672;0;0
L;797696;0;0
L;798720;0;0
L;799744;0;0
L;800768;0;0
L;801792;0;0
L;802816;0;0
L;803840;0;0
L;804864;0;0
L;805888;0;0
L;806912;0;0
L;807936;0;0
L;808960;0;0
L;809984;0;0
L;811008;0;0
L;812032;0;0
L;813056;0;0
L;814080;0;0
L;815104;0;0
L;816128;0;0
M41;817152;1024;0
M41;818176;1024;0
M41;819200;1024;0
M41;820224;407;0
P0;821248;1024;2500
P0;822272;1024;2500
P0;823296;795;2500
P1;824320;1024;2500
P1;825344;222;2500
P2;826368;1024;2500
P2;827392;1024;2500
P2;828416;924;2500
P3;829440;1024;2500
P3;830464;76;2500
P4;831488;482;2500
P5;832512;1024;2500
P5;833536;374;2500
P6;834560;1024;2500
P6;835584;456;2500
P7;836608;109;2500
P8;837632;1024;2500
P8;838656;1024;2500
P8;839680;595;2500
P9;840704;1024;2500
P9;841728;1024;2500
P9;842752;660;2500
P10;843776;1024;2500
P10;844800;595;2500
P11;845824;1024;2500
P11;846848;536;2500
P12;847872;1024;2500
P12;848896;1024;2500
P12;849920;243;2500
P13;850944;1024;2500
P13;851968;1024;2500
P13;852992;1023;2500
P14;854016;1024;2500
P14;855040;1024;2500
P14;856064;1024;2500
P14;857088;108;2500
P15;858112;1024;2500
P15;859136;1024;2500
P15;860160;1024;2500
P15;861184;225;2500
P16;862208;1024;2500
P16;863232;577;2500
P17;864256;1024;2500
P17;865280;1024;2500
P17;866304;229;2500
P18;867328;1024;2500
P18;868352;674;2500
P19;869376;1024;2500
P19;870400;303;2500
P20;871424;1024;2500
P20;872448;1024;2500
P20;873472;502;2500
P21;874496;984;2500
P22;875520;617;2500
P23;876544;1024;2500
P23;877568;1024;2500
P23;878592;577;2500
P24;879616;796;2500
P25;880640;1024;2500
P25;881664;159;2500
P26;882688;1024;2500
P26;883712;1024;2500
P26;884736;598;2500
P27;885760;284;2500
P28;886784;825;2500
P29;887808;416;2500
P30;888832;1024;2500
P30;889856;135;2500
P31;890880;1024;2500
P31;891904;904;2500
P32;892928;708;2500
P33;893952;578;2500
P34;894976;1024;2500
P34;896000;126;2500
P35;897024;1024;2500
P35;898048;372;2500
P37;899072;1024;2500
P37;900096;869;2500
P39;901120;293;2500
P40;902144;1024;2500
P40;903168;1024;2500
P40;904192;372;2500
P43;905216;580;2500
P45;906240;907;2500
P46;907264;1024;2500
P46;908288;1024;2500
P46;909312;272;2500
P51;910336;459;2500
P53;911360;254;2500
P55;912384;195;2500
P57;913408;1024;2500
P57;914432;558;2500
P59;915456;144;2500
P61;916480;1024;2500
P61;917504;1024;2500
P61;918528;827;2500
P67;919552;1024;2500
P67;920576;1024;2500
P67;921600;183;2500
P72;922624;270;2500
P76;923648;1024;2500
P76;924672;1024;2500
P76;925696;114;2500
P83;926720;1024;2500
P83;927744;1009;2500
P90;928768;1024;2500
P90;929792;1024;2500
P90;930816;122;2500
P97;931840;1024;2500
P97;932864;1024;2500
P97;933888;489;2500
P106;934912;1024;2500
P106;935936;910;2500
P112;936960;1024;2500
P112;937984;1024;2500
P112;939008;543;2500
P122;940032;813;2500
P127;941056;1024;2500
P127;942080;1024;2500
P127;943104;184;2500
P136;944128;1024;2500
P136;945152;1024;2500
P136;946176;153;2500
P147;947200;1024;2500
P147;948224;615;2500
P154;949248;322;2500
P161;950272;1024;2500
P161;951296;1024;2500
P161;952320;113;2500
P179;953344;1024;2500
P179;954368;268;2500
P193;955392;1024;2500
P193;956416;52;2500
P211;957440;1024;2500
P211;958464;461;2500
P227;959488;859;2500
P234;960512;892;2500
P243;961536;794;2500
L;962560;0;0
L;963584;0;0
L;964608;0;0
L;965632;0;0
L;966656;0;0
L;967680;0;0
L;968704;0;0
L;969728;0;0
L;970752;0;0
L;971776;0;0
L;972800;0;0
L;973824;0;0
L;974848;0;0
L;975872;0;0
L;976896;0;0
L;977920;0;0
L;978944;0;0
L;979968;0;0
L;980992;0;0
L;982016;0;0
L;983040;0;0
L;984064;0;0
L;985088;0;0
L;986112;0;0
L;987136;0;0
L;988160;0;0
L;989184;0;0
L;990208;0;0
L;991232;0;0
L;992256;0;0
L;993280;0;0
L;994304;0;0
L;995328;0;0
L;996352;0;0
L;997376;0;0
L;998400;0;0
L;999424;0;0
L;1000448;0;0
L;1001472;0;0
L;1002496;0;0
L;1003520;0;0
L;1004544;0;0
L;1005568;0;0
L;1006592;0;0
L;1007616;0;0
L;1008640;0;0
L;1009664;0;0
L;1010688;0;0
L;1011712;0;0
L;1012736;0;0
L;1013760;0;0
L;1014784;0;0
L;1015808;0;0
L;1016832;0;0
L;1017856;0;0
L;1018880;0;0
L;1019904;0;0
L;1020928;0;0
L;1021952;0;0
L;1022976;0;0
L;1024000;0;0
L;1025024;0;0
L;1026048;0;0
M43;1027072;1024;0
M43;1028096;1024;0
M43;1029120;1024;0
M43;1030144;1024;0
M43;1031168;1024;0
M43;1032192;1024;0
M43;1033216;1024;0
M43;1034240;171;0
L;1035264;0;0
L;1036288;0;0
L;1037312;0;0
L;1038336;0;0
L;1039360;0;0
L;1040384;0;0
L;1041408;0;0
L;1042432;0;0
L;1043456;0;0
L;1044480;0;0
L;1045504;0;0
L;1046528;0;0
L;1047552;0;0
L;1048576;0;0
L;1049600;0;0
M42;1050624;1024;0
M42;1051648;1024;0
M42;1052672;1024;0
M42;1053696;1024;0
M42;1054720;1024;0
M42;1055744;683;0
L;1056768;0;0
L;1057792;0;0
L;1058816;0;0
L;1059840;0;0
L;1060864;0;0
L;1061888;0;0
L;1062912;0;0
L;1063936;0;0
L;1064960;0;0
L;1065984;0;0
L;1067008;0;0
L;1068032;0;0
L;1069056;0;0
L;1070080;0;0
L;1071104;0;0
L;1072128;0;0
L;1073152;0;0
L;1074176;0;0
L;1075200;0;0
L;1076224;0;0
L;1077248;0;0
L;1078272;0;0
L;1079296;0;0
L;1080320;0;0
L;1081344;0;0
L;1082368;0;0
L;1083392;0;0
L;1084416;0;0
L;1085440;0;0
L;1086464;0;0
L;1087488;0;0
L;1088512;0;0
L;1089536;0;0
L;1090560;0;0
L;1091584;0;0
L;1092608;0;0
L;1093632;0;0
L;1094656;0;0
L;1095680;0;0
L;1096704;0;0
L;1097728;0;0
L;1098752;0;0
L;1099776;0;0
L;1100800;0;0
L;1101824;0;0
L;1102848;0;0
L;1103872;0;0
L;1104896;0;0
L;1105920;0;0
L;1106944;0;0
L;1107968;0;0
L;1108992;0;0
L;1110016;0;0
L;1111040;0;0
M8;1112064;1024;0
M8;1113088;1024;0
M8;1114112;1024;0
M8;1115136;1024;0
M8;1116160;1024;0
M8;1117184;1024;0
M8;1118208;1024;0
M8;1119232;451;0
L;1120256;0;0
L;1121280;0;0
L;1122304;0;0
L;1123328;0;0
L;1124352;0;0
L;1125376;0;0
L;1126400;0;0
L;1127424;0;0
L;1128448;0;0
L;1129472;0;0
L;1130496;0;0
L;1131520;0;0
L;1132544;0;0
L;1133568;0;0
L;1134592;0;0
L;1135616;0;0
L;1136640;0;0
L;1137664;0;0
L;1138688;0;0
L;1139712;0;0
L;1140736;0;0
L;1141760;0;0
L;1142784;0;0
L;1143808;0;0
L;1144832;0;0
L;1145856;0;0
L;1146880;0;0
L;1147904;0;0
L;1148928;0;0
L;1149952;0;0
L;1150976;0;0
L;1152000;0;0
L;1153024;0;0
L;1154048;0;0
L;1155072;0;0
L;1156096;0;0
L;1157120;0;0
L;1158144;0;0
L;1159168;0;0
L;1160192;0;0
L;1161216;0;0
L;1162240;0;0
L;1163264;0;0
L;1164288;0;0
L;1165312;0;0
L;1166336;0;0
L;1167360;0;0
L;1168384;0;0
L;1169408;0;0
L;1170432;0;0
L;1171456;0;0
M44;1172480;1024;0
M44;1173504;467;0
L;1174528;0;0
L;1175552;0;0
M17;1176576;1024;0
M17;1177600;1024;0
M17;1178624;1024;0
M17;1179648;1024;0
M17;1180672;1024;0
M17;1181696;1024;0
M17;1182720;1024;0
M17;1183744;1024;0
M17;1184768;1024;0
M17;1185792;338;0
L;1186816;0;0
L;1187840;0;0
L;1188864;0;0
L;1189888;0;0
L;1190912;0;0
L;1191936;0;0
L;1192960;0;0
L;1193984;0;0
L;1195008;0;0
L;1196032;0;0
L;1197056;0;0
L;1198080;0;0
L;1199104;0;0
L;1200128;0;0
L;1201152;0;0
L;1202176;0;0
L;1203200;0;0
L;1204224;0;0
L;1205248;0;0
L;1206272;0;0
M35;1207296;1024;0
M35;1208320;1024;0
M35;1209344;1024;0
M35;1210368;674;0
P73;1211392;931;2500
P77;1212416;15;2500
P80;1213440;1024;2500
P80;1214464;807;2500
P84;1215488;402;2500
P86;1216512;1024;2500
P86;1217536;696;2500
P93;1218560;1024;2500
P93;1219584;65;2500
P98;1220608;177;2500
P100;1221632;1;2500
P103;1222656;1024;2500
P103;1223680;1024;2500
P103;1224704;346;2500
P113;1225728;1024;2500
P113;1226752;141;2500
P120;1227776;883;2500
P123;1228800;1024;2500
P123;1229824;1024;2500
P123;1230848;121;2500
P134;1231872;1024;2500
P134;1232896;607;2500
P140;1233920;188;2500
P145;1234944;1024;2500
P145;1235968;925;2500
P150;1236992;898;2500
P155;1238016;330;2500
P162;1239040;958;2500
P167;1240064;1024;2500
P167;1241088;136;2500
P180;1242112;1024;2500
P180;1243136;767;2500
P194;1244160;777;2500
P202;1245184;911;2500
P212;1246208;735;2500
P219;1247232;247;2500
P228;1248256;382;2500
P235;1249280;832;2500
P244;1250304;1024;2500
P244;1251328;756;2500
L;1252352;0;0
L;1253376;0;0
L;1254400;0;0
L;1255424;0;0
L;1256448;0;0
L;1257472;0;0
L;1258496;0;0
L;1259520;0;0
L;1260544;0;0
L;1261568;0;0
L;1262592;0;0
L;1263616;0;0
L;1264640;0;0
L;1265664;0;0
L;1266688;0;0
L;1267712;0;0
L;1268736;0;0
L;1269760;0;0
L;1270784;0;0
L;1271808;0;0
L;1272832;0;0
L;1273856;0;0
L;1274880;0;0
L;1275904;0;0
L;1276928;0;0
L;1277952;0;0
L;1278976;0;0
L;1280000;0;0
L;1281024;0;0
L;1282048;0;0
L;1283072;0;0
L;1284096;0;0
L;1285120;0;0
L;1286144;0;0
L;1287168;0;0
L;1288192;0;0
L;1289216;0;0
L;1290240;0;0
L;1291264;0;0
L;1292288;0;0
L;1293312;0;0
L;1294336;0;0
L;1295360;0;0
L;1296384;0;0
L;1297408;0;0
L;1298432;0;0
L;1299456;0;0
L;1300480;0;0
L;1301504;0;0
L;1302528;0;0
L;1303552;0;0
L;1304576;0;0
L;1305600;0;0
L;1306624;0;0
L;1307648;0;0
L;1308672;0;0
L;1309696;0;0
L;1310720;0;0
L;1311744;0;0
L;1312768;0;0
L;1313792;0;0
L;1314816;0;0
M3;1315840;1024;0
M3;1316864;1024;0
M3;1317888;1024;0
M3;1318912;1024;0
M3;1319936;1024;0
M3;1320960;1024;0
M3;1321984;1024;0
M3;1323008;942;0
L;1324032;0;0
L;1325056;0;0
L;1326080;0;0
L;1327104;0;0
L;1328128;0;0
L;1329152;0;0
L;1330176;0;0
L;1331200;0;0
L;1332224;0;0
L;1333248;0;0
L;1334272;0;0
L;1335296;0;0
L;1336320;0;0
L;1337344;0;0
L;1338368;0;0
L;1339392;0;0
L;1340416;0;0
L;1341440;0;0
L;1342464;0;0
L;1343488;0;0
L;1344512;0;0
M5;1345536;1024;0
M5;1346560;1024;0
M5;1347584;1024;0
M5;1348608;1024;0
M5;1349632;1024;0
M5;1350656;1024;0
M5;1351680;1024;0
M5;1352704;1024;0
M5;1353728;1024;0
M5;1354752;395;0
L;1355776;0;0
L;1356800;0;0
L;1357824;0;0
L;1358848;0;0
L;1359872;0;0
L;1360896;0;0
L;1361920;0;0
L;1362944;0;0
L;1363968;0;0
L;1364992;0;0
L;1366016;0;0
L;1367040;0;0
L;1368064;0;0
L;1369088;0;0
M29;1370112;1024;0
M29;1371136;1024;0
M29;1372160;1024;0
M29;1373184;1024;0
M29;1374208;1024;0
M29;1375232;1024;0
M29;1376256;826;0
L;1377280;0;0
L;1378304;0;0
L;1379328;0;0
L;1380352;0;0
L;1381376;0;0
L;1382400;0;0
L;1383424;0;0
L;1384448;0;0
L;1385472;0;0
L;1386496;0;0
L;1387520;0;0
L;1388544;0;0
L;1389568;0;0
L;1390592;0;0
L;1391616;0;0
L;1392640;0;0
L;1393664;0;0
L;1394688;0;0
L;1395712;0;0
L;1396736;0;0
L;1397760;0;0
L;1398784;0;0
L;1399808;0;0
M22;1400832;1024;0
M22;1401856;1024;0
M22;1402880;1024;0
M22;1403904;1024;0
M22;1404928;1024;0
M22;1405952;1024;0
M22;1406976;1024;0
M22;1408000;913;0
L;1409024;0;0
L;1410048;0;0
L;1411072;0;0
L;1412096;0;0
L;1413120;0;0
L;1414144;0;0
L;1415168;0;0
L;1416192;0;0
L;1417216;0;0
L;1418240;0;0
L;1419264;0;0
L;1420288;0;0
L;1421312;0;0
L;1422336;0;0
L;1423360;0;0
L;1424384;0;0
L;1425408;0;0
L;1426432;0;0
L;1427456;0;0
L;1428480;0;0
L;1429504;0;0
L;1430528;0;0
L;1431552;0;0
L;1432576;0;0
L;1433600;0;0
L;1434624;0;0
L;1435648;0;0
M47;1436672;1024;0
M47;1437696;88;0
L;1438720;0;0
L;1439744;0;0
L;1440768;0;0
L;1441792;0;0
L;1442816;0;0
L;1443840;0;0
L;1444864;0;0
L;1445888;0;0
L;1446912;0;0
L;1447936;0;0
L;1448960;0;0
L;1449984;0;0
L;1451008;0;0
L;1452032;0;0
L;1453056;0;0
L;1454080;0;0
L;1455104;0;0
L;1456128;0;0
L;1457152;0;0
L;1458176;0;0
L;1459200;0;0
L;1460224;0;0
L;1461248;0;0
L;1462272;0;0
L;1463296;0;0
L;1464320;0;0
L;1465344;0;0
L;1466368;0;0
L;1467392;0;0
L;1468416;0;0
L;1469440;0;0
L;1470464;0;0
L;1471488;0;0
L;1472512;0;0
L;1473536;0;0
L;1474560;0;0
L;1475584;0;0
L;1476608;0;0
L;1477632;0;0
L;1478656;0;0
L;1479680;0;0
L;1480704;0;0
M49;1481728;1024;0
M49;1482752;1024;0
M49;1483776;1024;0
M49;1484800;1024;0
M49;1485824;1024;0
M49;1486848;1024;0
M49;1487872;1024;0
M49;1488896;114;0
P168;1489920;407;2500
P171;1490944;1024;2500
P171;1491968;794;2500
P185;1492992;1024;2500
P185;1494016;133;2500
P203;1495040;126;2500
P213;1496064;1024;2500
P213;1497088;386;2500
P229;1498112;1024;2500
P229;1499136;448;2500
P245;1500160;935;2500
L;1501184;0;0
L;1502208;0;0
L;1503232;0;0
L;1504256;0;0
L;1505280;0;0
L;1506304;0;0
L;1507328;0;0
L;1508352;0;0
L;1509376;0;0
L;1510400;0;0
L;1511424;0;0
L;1512448;0;0
L;1513472;0;0
L;1514496;0;0
L;1515520;0;0
L;1516544;0;0
L;1517568;0;0
L;1518592;0;0
L;1519616;0;0
L;1520640;0;0
L;1521664;0;0
L;1522688;0;0
L;1523712;0;0
L;1524736;0;0
L;1525760;0;0
L;1526784;0;0
L;1527808;0;0
L;1528832;0;0
L;1529856;0;0
L;1530880;0;0
L;1531904;0;0
L;1532928;0;0
L;1533952;0;0
L;1534976;0;0
L;1536000;0;0
L;1537024;0;0
L;1538048;0;0
L;1539072;0;0
L;1540096;0;0
L;1541120;0;0
L;1542144;0;0
L;1543168;0;0
L;1544192;0;0
L;1545216;0;0
L;1546240;0;0
L;1547264;0;0
L;1548288;0;0
L;1549312;0;0
L;1550336;0;0
L;1551360;0;0
L;1552384;0;0
L;1553408;0;0
L;1554432;0;0
L;1555456;0;0
L;1556480;0;0
L;1557504;0;0
L;1558528;0;0
L;1559552;0;0
L;1560576;0;0
L;1561600;0;0
L;1562624;0;0
L;1563648;0;0
L;1564672;0;0
M34;1565696;1024;0
M34;1566720;1024;0
M34;1567744;1024;0
M34;1568768;1024;0
M34;1569792;268;0
L;1570816;0;0
L;1571840;0;0
L;1572864;0;0
L;1573888;0;0
L;1574912;0;0
L;1575936;0;0
L;1576960;0;0
L;1577984;0;0
L;1579008;0;0
L;1580032;0;0
L;1581056;0;0
L;1582080;0;0
L;1583104;0;0
L;1584128;0;0
L;1585152;0;0
L;1586176;0;0
L;1587200;0;0
L;1588224;0;0
M9;1589248;1024;0
M9;1590272;1024;0
M9;1591296;1024;0
M9;1592320;1024;0
M9;1593344;293;0
L;1594368;0;0
L;1595392;0;0
L;1596416;0;0
M2;1597440;1024;0
M2;1598464;1024;0
M2;1599488;278;0
P246;1600512;815;2500
L;1601536;0;0
L;1602560;0;0
L;1603584;0;0
L;1604608;0;0
L;1605632;0;0
L;1606656;0;0
L;1607680;0;0
L;1608704;0;0
L;1609728;0;0
L;1610752;0;0
L;1611776;0;0
L;1612800;0;0
L;1613824;0;0
L;1614848;0;0
L;1615872;0;0
L;1616896;0;0
L;1617920;0;0
L;1618944;0;0
L;1619968;0;0
L;1620992;0;0
L;1622016;0;0
L;1623040;0;0
L;1624064;0;0
L;1625088;0;0
L;1626112;0;0
L;1627136;0;0
L;1628160;0;0
L;1629184;0;0
L;1630208;0;0
L;1631232;0;0
L;1632256;0;0
L;1633280;0;0
L;1634304;0;0
L;1635328;0;0
L;1636352;0;0
L;1637376;0;0
L;1638400;0;0
L;1639424;0;0
L;1640448;0;0
L;1641472;0;0
L;1642496;0;0
L;1643520;0;0
L;1644544;0;0
L;1645568;0;0
L;1646592;0;0
L;1647616;0;0
L;1648640;0;0
L;1649664;0;0
L;1650688;0;0
L;1651712;0;0
L;1652736;0;0
L;1653760;0;0
L;1654784;0;0
L;1655808;0;0
L;1656832;0;0
L;1657856;0;0
L;1658880;0;0
L;1659904;0;0
L;1660928;0;0
L;1661952;0;0
L;1662976;0;0
L;1664000;0;0
L;1665024;0;0
M16;1666048;1024;0
M16;1667072;305;0
L;1668096;0;0
M0;1669120;1024;0
M0;1670144;1024;0
M0;1671168;1024;0
M0;1672192;1024;0
M0;1673216;1024;0
M0;1674240;1024;0
M0;1675264;1024;0
M0;1676288;1024;0
M0;1677312;261;0
P62;1678336;1024;2500
P62;1679360;579;2500
P65;1680384;1024;2500
P65;1681408;1024;2500
P65;1682432;563;2500
P70;1683456;1024;2500
P70;1684480;1024;2500
P70;1685504;49;2500
P81;1686528;1024;2500
P81;1687552;1024;2500
P81;1688576;260;2500
P87;1689600;403;2500
P91;1690624;770;2500
P94;1691648;1024;2500
P94;1692672;332;2500
P99;1693696;1024;2500
P99;1694720;958;2500
P104;1695744;1024;2500
P104;1696768;1024;2500
P104;1697792;447;2500
P114;1698816;1024;2500
P114;1699840;1024;2500
P114;1700864;228;2500
P124;1701888;1024;2500
P124;1702912;142;2500
P129;1703936;1024;2500
P129;1704960;608;2500
P137;1705984;636;2500
P141;1707008;1024;2500
P141;1708032;1024;2500
P141;1709056;195;2500
P151;1710080;386;2500
P156;1711104;1024;2500
P156;1712128;1024;2500
P156;1713152;335;2500
P172;1714176;901;2500
P181;1715200;1024;2500
P181;1716224;104;2500
P195;1717248;606;2500
P204;1718272;554;2500
P214;1719296;45;2500
P220;1720320;1024;2500
P220;1721344;219;2500
P236;1722368;115;2500
P247;1723392;1024;2500
P247;1724416;316;2500
L;1725440;0;0
L;1726464;0;0
L;1727488;0;0
L;1728512;0;0
L;1729536;0;0
L;1730560;0;0
L;1731584;0;0
L;1732608;0;0
L;1733632;0;0
L;1734656;0;0
L;1735680;0;0
L;1736704;0;0
L;1737728;0;0
L;1738752;0;0
L;1739776;0;0
L;1740800;0;0
L;1741824;0;0
L;1742848;0;0
L;1743872;0;0
L;1744896;0;0
L;1745920;0;0
L;1746944;0;0
L;1747968;0;0
L;1748992;0;0
L;1750016;0;0
L;1751040;0;0
L;1752064;0;0
L;1753088;0;0
L;1754112;0;0
L;1755136;0;0
L;1756160;0;0
L;1757184;0;0
L;1758208;0;0
L;1759232;0;0
L;1760256;0;0
L;1761280;0;0
L;1762304;0;0
L;1763328;0;0
L;1764352;0;0
L;1765376;0;0
L;1766400;0;0
L;1767424;0;0
L;1768448;0;0
L;1769472;0;0
L;1770496;0;0
L;1771520;0;0
L;1772544;0;0
L;1773568;0;0
L;1774592;0;0
L;1775616;0;0
L;1776640;0;0
L;1777664;0;0
L;1778688;0;0
L;1779712;0;0
L;1780736;0;0
L;1781760;0;0
L;1782784;0;0
L;1783808;0;0
L;1784832;0;0
L;1785856;0;0
L;1786880;0;0
L;1787904;0;0
M40;1788928;1024;0
M40;1789952;1024;0
M40;1790976;1024;0
M40;1792000;1024;0
M40;1793024;1024;0
M40;1794048;760;0
L;1795072;0;0
L;1796096;0;0
L;1797120;0;0
L;1798144;0;0
L;1799168;0;0
L;1800192;0;0
L;1801216;0;0
L;1802240;0;0
L;1803264;0;0
L;1804288;0;0
L;1805312;0;0
L;1806336;0;0
L;1807360;0;0
L;1808384;0;0
L;1809408;0;0
L;1810432;0;0
L;1811456;0;0
L;1812480;0;0
L;1813504;0;0
L;1814528;0;0
L;1815552;0;0
M7;1816576;1024;0
M7;1817600;1024;0
M7;1818624;1024;0
M7;1819648;1024;0
M7;1820672;1024;0
M7;1821696;750;0
L;1822720;0;0
L;1823744;0;0
L;1824768;0;0
L;1825792;0;0
L;1826816;0;0
L;1827840;0;0
L;1828864;0;0
L;1829888;0;0
L;1830912;0;0
L;1831936;0;0
L;1832960;0;0
L;1833984;0;0
L;1835008;0;0
L;1836032;0;0
L;1837056;0;0
L;1838080;0;0
L;1839104;0;0
L;1840128;0;0
L;1841152;0;0
L;1842176;0;0
L;1843200;0;0
L;1844224;0;0
L;1845248;0;0
L;1846272;0;0
L;1847296;0;0
L;1848320;0;0
L;1849344;0;0
L;1850368;0;0
L;1851392;0;0
M27;1852416;1024;0
M27;1853440;1024;0
M27;1854464;1024;0
M27;1855488;1024;0
M27;1856512;1024;0
M27;1857536;1024;0
M27;1858560;1024;0
M27;1859584;571;0
L;1860608;0;0
L;1861632;0;0
L;1862656;0;0
L;1863680;0;0
L;1864704;0;0
L;1865728;0;0
L;1866752;0;0
L;1867776;0;0
L;1868800;0;0
L;1869824;0;0
L;1870848;0;0
M10;1871872;1024;0
M10;1872896;1024;0
M10;1873920;187;0
L;1874944;0;0
L;1875968;0;0
L;1876992;0;0
L;1878016;0;0
L;1879040;0;0
L;1880064;0;0
L;1881088;0;0
L;1882112;0;0
L;1883136;0;0
L;1884160;0;0
L;1885184;0;0
L;1886208;0;0
L;1887232;0;0
L;1888256;0;0
L;1889280;0;0
L;1890304;0;0
L;1891328;0;0
L;1892352;0;0
L;1893376;0;0
L;1894400;0;0
L;1895424;0;0
L;1896448;0;0
L;1897472;0;0
L;1898496;0;0
L;1899520;0;0
L;1900544;0;0
L;1901568;0;0
L;1902592;0;0
L;1903616;0;0
L;1904640;0;0
L;1905664;0;0
L;1906688;0;0
L;1907712;0;0
L;1908736;0;0
L;1909760;0;0
L;1910784;0;0
L;1911808;0;0
L;1912832;0;0
L;1913856;0;0
L;1914880;0;0
L;1915904;0;0
L;1916928;0;0
L;1917952;0;0
L;1918976;0;0
L;1920000;0;0
L;1921024;0;0
L;1922048;0;0
L;1923072;0;0
L;1924096;0;0
L;1925120;0;0
L;1926144;0;0
L;1927168;0;0
M46;1928192;501;0
L;1929216;0;0
L;1930240;0;0
L;1931264;0;0
L;1932288;0;0
L;1933312;0;0
L;1934336;0;0
L;1935360;0;0
L;1936384;0;0
L;1937408;0;0
L;1938432;0;0
L;1939456;0;0
L;1940480;0;0
L;1941504;0;0
L;1942528;0;0
L;1943552;0;0
L;1944576;0;0
L;1945600;0;0
L;1946624;0;0
L;1947648;0;0
L;1948672;0;0
L;1949696;0;0
L;1950720;0;0
L;1951744;0;0
L;1952768;0;0
M32;1953792;1024;0
M32;1954816;1024;0
M32;1955840;1024;0
M32;1956864;886;0
L;1957888;0;0
L;1958912;0;0
L;1959936;0;0
L;1960960;0;0
L;1961984;0;0
M15;1963008;1024;0
M15;1964032;1024;0
M15;1965056;747;0
L;1966080;0;0
L;1967104;0;0
L;1968128;0;0
L;1969152;0;0
L;1970176;0;0
L;1971200;0;0
L;1972224;0;0
L;1973248;0;0
L;1974272;0;0
L;1975296;0;0
L;1976320;0;0
L;1977344;0;0
L;1978368;0;0
L;1979392;0;0
L;1980416;0;0
L;1981440;0;0
L;1982464;0;0
L;1983488;0;0
L;1984512;0;0
M6;1985536;1024;0
M6;1986560;1024;0
M6;1987584;1024;0
M6;1988608;1024;0
M6;1989632;1024;0
M6;1990656;1024;0
M6;1991680;1024;0
M6;1992704;1024;0
M6;1993728;1024;0
M6;1994752;1024;0
M6;1995776;786;0
L;1996800;0;0
L;1997824;0;0
L;1998848;0;0
L;1999872;0;0
L;2000896;0;0
L;2001920;0;0
L;2002944;0;0
L;2003968;0;0
L;2004992;0;0
L;2006016;0;0
L;2007040;0;0
L;2008064;0;0
L;2009088;0;0
L;2010112;0;0
L;2011136;0;0
L;2012160;0;0
L;2013184;0;0
L;2014208;0;0
L;2015232;0;0
L;2016256;0;0
L;2017280;0;0
L;2018304;0;0
L;2019328;0;0
L;2020352;0;0
L;2021376;0;0
M31;2022400;1024;0
M31;2023424;1024;0
M31;2024448;1024;0
M31;2025472;1024;0
M31;2026496;630;0
L;2027520;0;0
L;2028544;0;0
L;2029568;0;0
L;2030592;0;0
L;2031616;0;0
L;2032640;0;0
L;2033664;0;0
L;2034688;0;0
L;2035712;0;0
L;2036736;0;0
L;2037760;0;0
L;2038784;0;0
L;2039808;0;0
L;2040832;0;0
L;2041856;0;0
L;2042880;0;0
L;2043904;0;0
L;2044928;0;0
L;2045952;0;0
L;2046976;0;0
L;2048000;0;0
L;2049024;0;0
M18;2050048;1024;0
M18;2051072;1024;0
M18;2052096;1024;0
M18;2053120;1024;0
M18;2054144;1024;0
M18;2055168;1024;0
M18;2056192;1024;0
M18;2057216;674;0
L;2058240;0;0
L;2059264;0;0
L;2060288;0;0
L;2061312;0;0
L;2062336;0;0
L;2063360;0;0
L;2064384;0;0
L;2065408;0;0
L;2066432;0;0
L;2067456;0;0
L;2068480;0;0
L;2069504;0;0
L;2070528;0;0
L;2071552;0;0
L;2072576;0;0
L;2073600;0;0
L;2074624;0;0
L;2075648;0;0
L;2076672;0;0
L;2077696;0;0
L;2078720;0;0
L;2079744;0;0
L;2080768;0;0
L;2081792;0;0
L;2082816;0;0
L;2083840;0;0
L;2084864;0;0
L;2085888;0;0
L;2086912;0;0
L;2087936;0;0
L;2088960;0;0
L;2089984;0;0
L;2091008;0;0
L;2092032;0;0
L;2093056;0;0
L;2094080;0;0
L;2095104;0;0
L;2096128;0;0
L;2097152;0;0
L;2098176;0;0
L;2099200;0;0
L;2100224;0;0
L;2101248;0;0
L;2102272;0;0
L;2103296;0;0
L;2104320;0;0
L;2105344;0;0
M33;2106368;1024;0
M33;2107392;1024;0
M33;2108416;1024;0
M33;2109440;1024;0
M33;2110464;244;0
L;2111488;0;0
L;2112512;0;0
L;2113536;0;0
L;2114560;0;0
L;2115584;0;0
L;2116608;0;0
M4;2117632;1024;0
M4;2118656;1024;0
M4;2119680;1024;0
M4;2120704;1024;0
M4;2121728;1024;0
M4;2122752;1024;0
M4;2123776;1024;0
M4;2124800;317;0
L;2125824;0;0
L;2126848;0;0
L;2127872;0;0
L;2128896;0;0
L;2129920;0;0
L;2130944;0;0
L;2131968;0;0
L;2132992;0;0
L;2134016;0;0
L;2135040;0;0
L;2136064;0;0
L;2137088;0;0
L;2138112;0;0
L;2139136;0;0
L;2140160;0;0
L;2141184;0;0
L;2142208;0;0
L;2143232;0;0
L;2144256;0;0
L;2145280;0;0
L;2146304;0;0
L;2147328;0;0
L;2148352;0;0
L;2149376;0;0
L;2150400;0;0
L;2151424;0;0
L;2152448;0;0
L;2153472;0;0
L;2154496;0;0
L;2155520;0;0
L;2156544;0;0
L;2157568;0;0
L;2158592;0;0
L;2159616;0;0
L;2160640;0;0
L;2161664;0;0
L;2162688;0;0
L;2163712;0;0
L;2164736;0;0
L;2165760;0;0
L;2166784;0;0
L;2167808;0;0
L;2168832;0;0
L;2169856;0;0
M12;2170880;1024;0
M12;2171904;1024;0
M12;2172928;1024;0
M12;2173952;1024;0
M12;2174976;1024;0
M12;2176000;1024;0
M12;2177024;1024;0
M12;2178048;1024;0
M12;2179072;107;0
P157;2180096;1024;2500
P157;2181120;22;2500
P169;2182144;1024;2500
P169;2183168;1024;2500
P169;2184192;347;2500
P186;2185216;517;2500
P196;2186240;1024;2500
P196;2187264;1024;2500
P196;2188288;147;2500
P221;2189312;1024;2500
P221;2190336;182;2500
P237;2191360;833;2500
P248;2192384;1024;2500
P248;2193408;604;2500
L;2194432;0;0
L;2195456;0;0
L;2196480;0;0
L;2197504;0;0
L;2198528;0;0
L;2199552;0;0
L;2200576;0;0
L;2201600;0;0
L;2202624;0;0
L;2203648;0;0
L;2204672;0;0
L;2205696;0;0
L;2206720;0;0
L;2207744;0;0
L;2208768;0;0
L;2209792;0;0
L;2210816;0;0
L;2211840;0;0
L;2212864;0;0
L;2213888;0;0
L;2214912;0;0
L;2215936;0;0
L;2216960;0;0
L;2217984;0;0
L;2219008;0;0
L;2220032;0;0
L;2221056;0;0
L;2222080;0;0
L;2223104;0;0
L;2224128;0;0
L;2225152;0;0
L;2226176;0;0
L;2227200;0;0
L;2228224;0;0
L;2229248;0;0
L;2230272;0;0
L;2231296;0;0
L;2232320;0;0
L;2233344;0;0
L;2234368;0;0
L;2235392;0;0
L;2236416;0;0
L;2237440;0;0
L;2238464;0;0
L;2239488;0;0
L;2240512;0;0
L;2241536;0;0
L;2242560;0;0
L;2243584;0;0
L;2244608;0;0
L;2245632;0;0
L;2246656;0;0
L;2247680;0;0
L;2248704;0;0
L;2249728;0;0
L;2250752;0;0
L;2251776;0;0
L;2252800;0;0
L;2253824;0;0
L;2254848;0;0
L;2255872;0;0
L;2256896;0;0
M39;2257920;685;0
P117;2258944;1024;2500
P117;2259968;442;2500
P125;2260992;1024;2500
P125;2262016;33;2500
P130;2263040;1024;2500
P130;2264064;1024;2500
P130;2265088;159;2500
P142;2266112;1024;2500
P142;2267136;1024;2500
P142;2268160;440;2500
P152;2269184;1024;2500
P152;2270208;58;2500
P163;2271232;1024;2500
P163;2272256;202;2500
P173;2273280;609;2500
P182;2274304;1024;2500
P182;2275328;834;2500
P197;2276352;356;2500
P205;2277376;279;2500
P215;2278400;1024;2500
P215;2279424;1024;2500
P215;2280448;60;2500
P238;2281472;792;2500
P249;2282496;1024;2500
P249;2283520;742;2500
L;2284544;0;0
L;2285568;0;0
L;2286592;0;0
L;2287616;0;0
L;2288640;0;0
L;2289664;0;0
L;2290688;0;0
L;2291712;0;0
L;2292736;0;0
L;2293760;0;0
L;2294784;0;0
L;2295808;0;0
L;2296832;0;0
L;2297856;0;0
L;2298880;0;0
L;2299904;0;0
L;2300928;0;0
L;2301952;0;0
L;2302976;0;0
L;2304000;0;0
L;2305024;0;0
L;2306048;0;0
L;2307072;0;0
L;2308096;0;0
L;2309120;0;0
L;2310144;0;0
L;2311168;0;0
L;2312192;0;0
L;2313216;0;0
L;2314240;0;0
L;2315264;0;0
L;2316288;0;0
L;2317312;0;0
L;2318336;0;0
L;2319360;0;0
L;2320384;0;0
L;2321408;0;0
L;2322432;0;0
L;2323456;0;0
L;2324480;0;0
L;2325504;0;0
L;2326528;0;0
L;2327552;0;0
L;2328576;0;0
L;2329600;0;0
L;2330624;0;0
L;2331648;0;0
L;2332672;0;0
L;2333696;0;0
L;2334720;0;0
L;2335744;0;0
L;2336768;0;0
L;2337792;0;0
L;2338816;0;0
L;2339840;0;0
L;2340864;0;0
L;2341888;0;0
L;2342912;0;0
L;2343936;0;0
L;2344960;0;0
L;2345984;0;0
L;2347008;0;0
M38;2348032;1024;0
M38;2349056;1024;0
M38;2350080;341;0
P148;2351104;1024;2500
P148;2352128;617;2500
P158;2353152;1024;2500
P158;2354176;216;2500
P170;2355200;711;2500
P174;2356224;811;2500
P183;2357248;257;2500
P187;2358272;130;2500
P198;2359296;384;2500
P206;2360320;1024;2500
P206;2361344;777;2500
P222;2362368;1024;2500
P222;2363392;1024;2500
P222;2364416;25;2500
L;2365440;0;0
L;2366464;0;0
L;2367488;0;0
L;2368512;0;0
L;2369536;0;0
L;2370560;0;0
L;2371584;0;0
L;2372608;0;0
L;2373632;0;0
L;2374656;0;0
L;2375680;0;0
L;2376704;0;0
L;2377728;0;0
L;2378752;0;0
L;2379776;0;0
L;2380800;0;0
L;2381824;0;0
L;2382848;0;0
L;2383872;0;0
L;2384896;0;0
L;2385920;0;0
L;2386944;0;0
L;2387968;0;0
L;2388992;0;0
L;2390016;0;0
L;2391040;0;0
L;2392064;0;0
L;2393088;0;0
L;2394112;0;0
L;2395136;0;0
L;2396160;0;0
L;2397184;0;0
L;2398208;0;0
L;2399232;0;0
L;2400256;0;0
L;2401280;0;0
L;2402304;0;0
L;2403328;0;0
L;2404352;0;0
L;2405376;0;0
L;2406400;0;0
L;2407424;0;0
L;2408448;0;0
L;2409472;0;0
L;2410496;0;0
L;2411520;0;0
L;2412544;0;0
L;2413568;0;0
L;2414592;0;0
L;2415616;0;0
L;2416640;0;0
L;2417664;0;0
L;2418688;0;0
L;2419712;0;0
L;2420736;0;0
L;2421760;0;0
L;2422784;0;0
L;2423808;0;0
L;2424832;0;0
L;2425856;0;0
L;2426880;0;0
L;2427904;0;0
L;2428928;0;0
L;2429952;0;0
M25;2430976;89;0
P188;2432000;988;2500
P199;2433024;1024;2500
P199;2434048;74;2500
P216;2435072;1024;2500
P216;2436096;355;2500
P230;2437120;1024;2500
P230;2438144;266;2500
L;2439168;0;0
L;2440192;0;0
L;2441216;0;0
L;2442240;0;0
L;2443264;0;0
L;2444288;0;0
L;2445312;0;0
L;2446336;0;0
L;2447360;0;0
L;2448384;0;0
L;2449408;0;0
L;2450432;0;0
L;2451456;0;0
L;2452480;0;0
L;2453504;0;0
L;2454528;0;0
L;2455552;0;0
L;2456576;0;0
L;2457600;0;0
L;2458624;0;0
L;2459648;0;0
L;2460672;0;0
L;2461696;0;0
L;2462720;0;0
L;2463744;0;0
L;2464768;0;0
L;2465792;0;0
L;2466816;0;0
L;2467840;0;0
L;2468864;0;0
L;2469888;0;0
L;2470912;0;0
L;2471936;0;0
L;2472960;0;0
L;2473984;0;0
L;2475008;0;0
L;2476032;0;0
L;2477056;0;0
L;2478080;0;0
L;2479104;0;0
L;2480128;0;0
L;2481152;0;0
L;2482176;0;0
L;2483200;0;0
L;2484224;0;0
L;2485248;0;0
L;2486272;0;0
L;2487296;0;0
L;2488320;0;0
L;2489344;0;0
L;2490368;0;0
L;2491392;0;0
L;2492416;0;0
L;2493440;0;0
L;2494464;0;0
L;2495488;0;0
L;2496512;0;0
L;2497536;0;0
L;2498560;0;0
L;2499584;0;0
L;2500608;0;0
L;2501632;0;0
L;2502656;0;0
L;2503680;0;0
M19;2504704;1024;0
M19;2505728;1024;0
M19;2506752;1024;0
M19;2507776;1024;0
M19;2508800;1024;0
M19;2509824;1024;0
M19;2510848;286;0
L;2511872;0;0
L;2512896;0;0
L;2513920;0;0
L;2514944;0;0
L;2515968;0;0
L;2516992;0;0
L;2518016;0;0
L;2519040;0;0
L;2520064;0;0
L;2521088;0;0
L;2522112;0;0
L;2523136;0;0
L;2524160;0;0
L;2525184;0;0
L;2526208;0;0
L;2527232;0;0
L;2528256;0;0
L;2529280;0;0
L;2530304;0;0
L;2531328;0;0
L;2532352;0;0
L;2533376;0;0
L;2534400;0;0
L;2535424;0;0
L;2536448;0;0
L;2537472;0;0
L;2538496;0;0
L;2539520;0;0
L;2540544;0;0
L;2541568;0;0
L;2542592;0;0
L;2543616;0;0
M23;2544640;1024;0
M23;2545664;1024;0
M23;2546688;1024;0
M23;2547712;1024;0
M23;2548736;1024;0
M23;2549760;1024;0
M23;2550784;1024;0
M23;2551808;644;0
L;2552832;0;0
L;2553856;0;0
L;2554880;0;0
L;2555904;0;0
L;2556928;0;0
L;2557952;0;0
L;2558976;0;0
