P171;0;1024;0,0594
P171;1024;86;0,0594
P172;2048;1024;0,0615
P172;3072;1024;0,0615
P172;4096;1024;0,0615
P172;5120;56;0,0615
P173;6144;1024;0,0588
P173;7168;1024;0,0588
P173;8192;1024;0,0588
P173;9216;1024;0,0588
P173;10240;116;0,0588
P174;11264;1024;0,0604
P174;12288;693;0,0604
P175;13312;1024;0,0599
P175;14336;1024;0,0599
P175;15360;1024;0,0599
P175;16384;276;0,0599
P176;17408;441;0,0583
P177;18432;1024;0,0588
P177;19456;1024;0,0588
P177;20480;298;0,0588
P178;21504;1024;0,0588
P178;22528;838;0,0588
P179;23552;1024;0,0594
P179;24576;1024;0,0594
P179;25600;1024;0,0594
P179;26624;247;0,0594
P180;27648;1024;0,0594
P180;28672;1024;0,0594
P180;29696;929;0,0594
P182;30720;61;0,0599
P185;31744;1024;0,001
P185;32768;508;0,001
M16;33792;1024;0
M16;34816;1024;0
M16;35840;1024;0
M16;36864;1024;0
M16;37888;1024;0
M16;38912;1024;0
M16;39936;1024;0
M16;40960;1024;0
M16;41984;1024;0
M16;43008;1024;0
M16;44032;1024;0
M16;45056;1024;0
M16;46080;1024;0
M16;47104;1024;0
M16;48128;1024;0
M16;49152;1024;0
M16;50176;1024;0
M16;51200;1024;0
M16;52224;1024;0
M16;53248;1024;0
M16;54272;1024;0
M16;55296;1024;0
M16;56320;1024;0
M16;57344;1024;0
M16;58368;1024;0
M16;59392;1024;0
M16;60416;1024;0
M16;61440;1024;0
M16;62464;1024;0
M16;63488;1024;0
M16;64512;1024;0
M16;65536;1024;0
M16;66560;1024;0
M16;67584;1024;0
M16;68608;1024;0
M16;69632;344;0
P7;70656;1024;0,0621
P7;71680;1024;0,0621
P7;72704;1024;0,0621
P7;73728;1024;0,0621
P7;74752;271;0,0621
P8;75776;1024;0,0016
P8;76800;1024;0,0016
P8;77824;1024;0,0016
P8;78848;882;0,0016
M9;79872;1024;0
M9;80896;1024;0
M9;81920;1024;0
M9;82944;1024;0
M9;83968;1024;0
M9;84992;1024;0
M9;86016;1024;0
M9;87040;1024;0
M9;88064;1024;0
M9;89088;1024;0
M9;90112;1024;0
M9;91136;1024;0
M9;92160;1024;0
M9;93184;1024;0
M9;94208;1024;0
M9;95232;1024;0
M9;96256;1024;0
M9;97280;1024;0
M9;98304;1024;0
M9;99328;1024;0
M9;100352;1024;0
M9;101376;1024;0
M9;102400;1024;0
M9;103424;1024;0
M9;104448;1024;0
M9;105472;1024;0
M9;106496;1024;0
M9;107520;1024;0
M9;108544;1024;0
M9;109568;1024;0
M9;110592;1024;0
M9;111616;1024;0
M9;112640;1024;0
M9;113664;1024;0
M9;114688;1024;0
M9;115712;1024;0
M9;116736;1024;0
M9;117760;583;0
P116;118784;1024;0,0604
P116;119808;1024;0,0604
P116;120832;484;0,0604
P117;121856;1024;0,061
P117;122880;1024;0,061
P117;123904;1024;0,061
P117;124928;838;0,061
P118;125952;1024;0,0588
P118;126976;1024;0,0588
P118;128000;714;0,0588
P119;129024;1024;0,0631
P119;130048;848;0,0631
P120;131072;1024;0,0594
P120;132096;1024;0,0594
P120;133120;304;0,0594
P121;134144;1024;0,0588
P121;135168;1024;0,0588
P121;136192;1024;0,0588
P121;137216;719;0,0588
P122;138240;1024;0,0588
P122;139264;462;0,0588
P123;140288;1024;0,0594
P123;141312;1024;0,0594
P123;142336;1024;0,0594
P123;143360;106;0,0594
P124;144384;337;0,0037
M22;145408;1024;0
M22;146432;1024;0
M22;147456;1024;0
M22;148480;1024;0
M22;149504;758;0
P53;150528;1024;0,0626
P53;151552;1024;0,0626
P53;152576;1024;0,0626
P53;153600;323;0,0626
P55;154624;1024;0,0707
P55;155648;1024;0,0707
P55;156672;1024;0,0707
P55;157696;681;0,0707
P56;158720;365;0,0599
P57;159744;1024;0,0599
P57;160768;1024;0,0599
P57;161792;768;0,0599
P58;162816;477;0,0604
P59;163840;1024;0,061
P59;164864;1024;0,061
P59;165888;1024;0,061
P59;166912;393;0,061
P60;167936;1017;0,0604
P61;168960;1024;0,0604
P61;169984;1024;0,0604
P61;171008;468;0,0604
P67;172032;376;0,0037
M49;173056;1024;0
M49;174080;1024;0
M49;175104;1024;0
M49;176128;1024;0
M49;177152;1024;0
M49;178176;1024;0
M49;179200;1024;0
M49;180224;1024;0
M49;181248;551;0
P86;182272;1024;0,061
P86;183296;1024;0,061
P86;184320;1024;0,061
P86;185344;1024;0,061
P86;186368;155;0,061
P88;187392;1024;0,108
P88;188416;1024;0,108
P88;189440;575;0,108
P89;190464;1024;0,1047
P89;191488;1024;0,1047
P89;192512;1024;0,1047
P89;193536;661;0,1047
P90;194560;1024;0,0599
P90;195584;1024;0,0599
P90;196608;1024;0,0599
P90;197632;4;0,0599
P92;198656;1024;0,0599
P92;199680;679;0,0599
P93;200704;1024;0,0604
P93;201728;1024;0,0604
P93;202752;153;0,0604
P94;203776;405;0,061
P95;204800;1024;0,0048
P95;205824;807;0,0048
M0;206848;992;0
P193;207872;1024;0,0583
P193;208896;1024;0,0583
P193;209920;1024;0,0583
P193;210944;294;0,0583
P196;211968;1024;0,0675
P196;212992;62;0,0675
P197;214016;1024;0,0594
P197;215040;1024;0,0594
P197;216064;1024;0,0594
P197;217088;561;0,0594
P198;218112;1024;0,0594
P198;219136;1024;0,0594
P198;220160;679;0,0594
P199;221184;1024;0,0583
P199;222208;1024;0,0583
P199;223232;1024;0,0583
P199;224256;74;0,0583
P200;225280;1024;0,0594
P200;226304;998;0,0594
P201;227328;1024;0,0588
P201;228352;1024;0,0588
P201;229376;1024;0,0588
P201;230400;1024;0,0588
P201;231424;83;0,0588
P203;232448;1024;0,0583
P203;233472;1024;0,0583
P203;234496;124;0,0583
P204;235520;1024;0,061
P204;236544;97;0,061
P205;237568;1024;0,0594
P205;238592;1024;0,0594
P205;239616;914;0,0594
P206;240640;1024;0,0059
P206;241664;1024;0,0059
P206;242688;1024;0,0059
P206;243712;334;0,0059
M32;244736;1024;0
M32;245760;1024;0
M32;246784;1024;0
M32;247808;1024;0
M32;248832;1024;0
M32;249856;1024;0
M32;250880;1024;0
M32;251904;1024;0
M32;252928;1024;0
M32;253952;1024;0
M32;254976;1024;0
M32;256000;1024;0
M32;257024;1024;0
M32;258048;1024;0
M32;259072;1024;0
M32;260096;1024;0
M32;261120;1024;0
M32;262144;1024;0
M32;263168;1024;0
M32;264192;1024;0
M32;265216;1024;0
M32;266240;457;0
P281;267264;1024;0,0577
P281;268288;1024;0,0577
P281;269312;1024;0,0577
P281;270336;612;0,0577
P283;271360;83;0,0572
P284;272384;903;0,0567
P285;273408;1024;0,0572
P285;274432;1024;0,0572
P285;275456;325;0,0572
P286;276480;1024;0,0577
P286;277504;987;0,0577
P287;278528;1024;0,0572
P287;279552;83;0,0572
P288;280576;1024;0,0572
P288;281600;1024;0,0572
P288;282624;1024;0,0572
P288;283648;635;0,0572
P289;284672;644;0,0572
P290;285696;599;0,0572
P291;286720;1024;0,0577
P291;287744;1024;0,0577
P291;288768;1024;0,0577
P291;289792;26;0,0577
P292;290816;771;0,0577
P293;291840;152;0,0577
P294;292864;27;0,0572
P295;293888;1024;0,061
P295;294912;1024;0,061
P295;295936;1024;0,061
P295;296960;244;0,061
P296;297984;1024;0,0577
P296;299008;1024;0,0577
P296;300032;295;0,0577
P297;301056;1024;0,0577
P297;302080;552;0,0577
P298;303104;1024;0,0572
P298;304128;1008;0,0572
P299;305152;1024;0,0572
P299;306176;1024;0,0572
P299;307200;1024;0,0572
P299;308224;733;0,0572
P300;309248;64;0,0583
P301;310272;1024;0,0572
P301;311296;1024;0,0572
P301;312320;337;0,0572
P302;313344;416;0,0577
P304;314368;585;0,007
M15;315392;1024;0
M15;316416;1024;0
M15;317440;1024;0
M15;318464;1024;0
M15;319488;1024;0
M15;320512;1024;0
M15;321536;1024;0
M15;322560;1024;0
M15;323584;1024;0
M15;324608;1024;0
M15;325632;1024;0
M15;326656;1024;0
M15;327680;1024;0
M15;328704;1024;0
M15;329728;1024;0
M15;330752;1024;0
M15;331776;1024;0
M15;332800;1024;0
M15;333824;1024;0
M15;334848;1024;0
M15;335872;1024;0
M15;336896;1024;0
M15;337920;1024;0
M15;338944;1024;0
M15;339968;1024;0
M15;340992;1024;0
M15;342016;1024;0
M15;343040;1024;0
M15;344064;1024;0
M15;345088;1024;0
M15;346112;1024;0
M15;347136;1024;0
M15;348160;1024;0
M15;349184;1024;0
M15;350208;1024;0
M15;351232;1024;0
M15;352256;1024;0
M15;353280;1024;0
M15;354304;933;0
P0;355328;1024;7,1242
P0;356352;1024;7,1242
P0;357376;1024;7,1242
P0;358400;695;7,1242
P4;359424;1024;0,0091
P4;360448;107;0,0091
M46;361472;1024;0
M46;362496;1024;0
M46;363520;1024;0
M46;364544;1024;0
M46;365568;1024;0
M46;366592;1024;0
M46;367616;1024;0
M46;368640;1024;0
M46;369664;1024;0
M46;370688;1024;0
M46;371712;1024;0
M46;372736;1024;0
M46;373760;1024;0
M46;374784;1024;0
M46;375808;1024;0
M46;376832;1024;0
M46;377856;1024;0
M46;378880;1024;0
M46;379904;757;0
P11;380928;1024;0,061
P11;381952;1024;0,061
P11;382976;1024;0,061
P11;384000;305;0,061
P12;385024;1024;0,0621
P12;386048;189;0,0621
P13;387072;1024;0,0615
P13;388096;43;0,0615
P17;389120;742;0,0091
M47;390144;1024;0
M47;391168;1024;0
M47;392192;1024;0
M47;393216;1024;0
M47;394240;1024;0
M47;395264;1024;0
M47;396288;1024;0
M47;397312;1024;0
M47;398336;1024;0
M47;399360;1024;0
M47;400384;1024;0
M47;401408;1024;0
M47;402432;1024;0
M47;403456;1024;0
M47;404480;1024;0
M47;405504;1024;0
M47;406528;1024;0
M47;407552;1024;0
M47;408576;1024;0
M47;409600;1024;0
M47;410624;1024;0
M47;411648;1024;0
M47;412672;1024;0
M47;413696;1024;0
M47;414720;1024;0
M47;415744;999;0
L;416768;0;0
L;417792;0;0
L;418816;0;0
L;419840;0;0
L;420864;0;0
L;421888;0;0
L;422912;0;0
L;423936;0;0
L;424960;0;0
L;425984;0;0
L;427008;0;0
L;428032;0;0
L;429056;0;0
L;430080;0;0
L;431104;0;0
L;432128;0;0
L;433152;0;0
L;434176;0;0
L;435200;0;0
L;436224;0;0
L;437248;0;0
L;438272;0;0
L;439296;0;0
L;440320;0;0
L;441344;0;0
L;442368;0;0
L;443392;0;0
L;444416;0;0
L;445440;0;0
L;446464;0;0
L;447488;0;0
L;448512;0;0
L;449536;0;0
L;450560;0;0
L;451584;0;0
L;452608;0;0
L;453632;0;0
L;454656;0;0
L;455680;0;0
L;456704;0;0
L;457728;0;0
L;458752;0;0
L;459776;0;0
L;460800;0;0
L;461824;0;0
L;462848;0;0
L;463872;0;0
L;464896;0;0
L;465920;0;0
L;466944;0;0
L;467968;0;0
L;468992;0;0
L;470016;0;0
L;471040;0;0
L;472064;0;0
L;473088;0;0
L;474112;0;0
L;475136;0;0
L;476160;0;0
L;477184;0;0
L;478208;0;0
L;479232;0;0
L;480256;0;0
L;481280;0;0
L;482304;0;0
L;483328;0;0
L;484352;0;0
L;485376;0;0
L;486400;0;0
L;487424;0;0
L;488448;0;0
L;489472;0;0
L;490496;0;0
L;491520;0;0
L;492544;0;0
L;493568;0;0
L;494592;0;0
L;495616;0;0
L;496640;0;0
M42;497664;122;0
P225;498688;1024;0,0588
P225;499712;1024;0,0588
P225;500736;442;0,0588
P226;501760;1024;0,061
P226;502784;1024;0,061
P226;503808;424;0,061
P227;504832;1024;0,0577
P227;505856;1024;0,0577
P227;506880;266;0,0577
P229;507904;1024;0,0583
P229;508928;154;0,0583
P230;509952;1024;0,0588
P230;510976;1024;0,0588
P230;512000;293;0,0588
P232;513024;1024;0,0577
P232;514048;1024;0,0577
P232;515072;1024;0,0577
P232;516096;796;0,0577
P233;517120;1024;0,0577
P233;518144;63;0,0577
P234;519168;74;0,0577
P235;520192;1024;0,0577
P235;521216;1024;0,0577
P235;522240;627;0,0577
P236;523264;355;0,0577
P237;524288;371;0,0588
P238;525312;1024;0,0588
P238;526336;518;0,0588
P239;527360;1024;0,0583
P239;528384;1024;0,0583
P239;529408;728;0,0583
P240;530432;579;0,0583
P241;531456;1024;0,0588
P241;532480;1024;0,0588
P241;533504;1024;0,0588
P241;534528;453;0,0588
P243;535552;390;0,0145
M37;536576;1024;0
M37;537600;1024;0
M37;538624;1024;0
M37;539648;1024;0
M37;540672;1024;0
M37;541696;1024;0
M37;542720;1024;0
M37;543744;1024;0
M37;544768;1024;0
M37;545792;1024;0
M37;546816;1024;0
M37;547840;1024;0
M37;548864;1024;0
M37;549888;1024;0
M37;550912;1024;0
M37;551936;1024;0
M37;552960;1024;0
M37;553984;1024;0
M37;555008;1024;0
M37;556032;1024;0
M37;557056;649;0
P62;558080;1024;0,0599
P62;559104;535;0,0599
P63;560128;1024;0,061
P63;561152;1024;0,061
P63;562176;1024;0,061
P63;563200;1024;0,061
P63;564224;293;0,061
P64;565248;1024;0,0604
P64;566272;637;0,0604
P65;567296;1024;0,0604
P65;568320;1024;0,0604
P65;569344;408;0,0604
P66;570368;1024;0,0615
P66;571392;1024;0,0615
P66;572416;1024;0,0615
P66;573440;218;0,0615
P68;574464;1024;0,0604
P68;575488;1024;0,0604
P68;576512;980;0,0604
P71;577536;1024;0,014
P71;578560;1024;0,014
P71;579584;43;0,014
M25;580608;1024;0
M25;581632;1024;0
M25;582656;1024;0
M25;583680;1024;0
M25;584704;1024;0
M25;585728;1024;0
M25;586752;1024;0
M25;587776;1024;0
M25;588800;1024;0
M25;589824;1024;0
M25;590848;1024;0
M25;591872;1024;0
M25;592896;1024;0
M25;593920;1024;0
M25;594944;1024;0
M25;595968;1024;0
M25;596992;1024;0
M25;598016;1024;0
M25;599040;1024;0
M25;600064;1024;0
M25;601088;1024;0
M25;602112;1024;0
M25;603136;1024;0
M25;604160;1024;0
M25;605184;1024;0
M25;606208;1024;0
M25;607232;1024;0
M25;608256;1024;0
M25;609280;1024;0
M25;610304;1024;0
M25;611328;1024;0
M25;612352;1024;0
M25;613376;1024;0
M25;614400;1024;0
M25;615424;1024;0
M25;616448;1024;0
M25;617472;1024;0
M25;618496;1024;0
M25;619520;1024;0
M25;620544;346;0
P2;621568;623;0,0167
M7;622592;1024;0
M7;623616;1024;0
M7;624640;1024;0
M7;625664;1024;0
M7;626688;1024;0
M7;627712;1024;0
M7;628736;1024;0
M7;629760;1024;0
M7;630784;1024;0
M7;631808;1024;0
M7;632832;1024;0
M7;633856;1024;0
M7;634880;923;0
P429;635904;1024;0,0567
P429;636928;901;0,0567
P430;637952;1024;0,0567
P430;638976;1024;0,0567
P430;640000;513;0,0567
P431;641024;1024;0,0588
P431;642048;1024;0,0588
P431;643072;900;0,0588
P432;644096;1024;0,0567
P432;645120;1024;0,0567
P432;646144;544;0,0567
P433;647168;1024;0,0567
P433;648192;1024;0,0567
P433;649216;203;0,0567
P434;650240;1024;0,0567
P434;651264;1024;0,0567
P434;652288;808;0,0567
P435;653312;1024;0,0567
P435;654336;309;0,0567
P436;655360;1024;0,0567
P436;656384;249;0,0567
P437;657408;1024;0,0567
P437;658432;1024;0,0567
P437;659456;1024;0,0567
P437;660480;55;0,0567
P438;661504;1024;0,0577
P438;662528;939;0,0577
P439;663552;1024;0,0577
P439;664576;1024;0,0577
P439;665600;1024;0,0577
P439;666624;15;0,0577
P441;667648;1024;0,0561
P441;668672;558;0,0561
P442;669696;1024;0,0561
P442;670720;1024;0,0561
P442;671744;1024;0,0561
P442;672768;174;0,0561
P443;673792;1024;0,0561
P443;674816;1024;0,0561
P443;675840;992;0,0561
P444;676864;85;0,0561
P445;677888;1024;0,0561
P445;678912;1024;0,0561
P445;679936;520;0,0561
P446;680960;302;0,0567
P447;681984;532;0,0561
P448;683008;1024;0,0712
P448;684032;1024;0,0712
P448;685056;749;0,0712
P449;686080;1024;0,0561
P449;687104;1024;0,0561
P449;688128;395;0,0561
P450;689152;1024;0,0561
P450;690176;1024;0,0561
P450;691200;174;0,0561
P451;692224;1024;0,0567
P451;693248;895;0,0567
P452;694272;1024;0,0561
P452;695296;1024;0,0561
P452;696320;400;0,0561
P453;697344;130;0,0151
M33;698368;1024;0
M33;699392;1024;0
M33;700416;1024;0
M33;701440;1024;0
M33;702464;1024;0
M33;703488;1024;0
M33;704512;1024;0
M33;705536;1024;0
M33;706560;1024;0
M33;707584;1024;0
M33;708608;1024;0
M33;709632;1024;0
M33;710656;1024;0
M33;711680;1024;0
M33;712704;1024;0
M33;713728;1024;0
M33;714752;1024;0
M33;715776;1024;0
M33;716800;845;0
P125;717824;1024;0,0588
P125;718848;1024;0,0588
P125;719872;128;0,0588
P126;720896;42;0,0594
P127;721920;202;0,0588
P128;722944;1024;0,0594
P128;723968;286;0,0594
P129;724992;1024;0,0588
P129;726016;698;0,0588
P130;727040;1024;0,0583
P130;728064;556;0,0583
P131;729088;1024;0,0583
P131;730112;972;0,0583
P132;731136;1024;0,0594
P132;732160;818;0,0594
P133;733184;1024;0,0588
P133;734208;1024;0,0588
P133;735232;858;0,0588
P134;736256;209;0,0588
P135;737280;1024;0,0588
P135;738304;453;0,0588
P136;739328;1024;0,0588
P136;740352;1024;0,0588
P136;741376;1024;0,0588
P136;742400;627;0,0588
P137;743424;1024;0,0167
P137;744448;313;0,0167
M21;745472;1024;0
M21;746496;1024;0
M21;747520;1024;0
M21;748544;1024;0
M21;749568;1024;0
M21;750592;1024;0
M21;751616;1024;0
M21;752640;1024;0
M21;753664;1024;0
M21;754688;1024;0
M21;755712;1024;0
M21;756736;1024;0
M21;757760;1024;0
M21;758784;1024;0
M21;759808;1024;0
M21;760832;1024;0
M21;761856;1024;0
M21;762880;1024;0
M21;763904;1024;0
M21;764928;1024;0
M21;765952;1024;0
M21;766976;1024;0
M21;768000;1024;0
M21;769024;1024;0
M21;770048;1024;0
M21;771072;1024;0
M21;772096;1024;0
M21;773120;1024;0
M21;774144;1024;0
M21;775168;799;0
P149;776192;1024;0,0594
P149;777216;899;0,0594
P150;778240;1024;0,0583
P150;779264;1024;0,0583
P150;780288;1024;0,0583
P150;781312;365;0,0583
P151;782336;1024;0,0583
P151;783360;1024;0,0583
P151;784384;1024;0,0583
P151;785408;1024;0,0583
P151;786432;289;0,0583
P152;787456;1024;0,0583
P152;788480;1024;0,0583
P152;789504;969;0,0583
P153;790528;944;0,0583
P154;791552;1024;0,0594
P154;792576;1024;0,0594
P154;793600;1024;0,0594
P154;794624;764;0,0594
P155;795648;1024;0,061
P155;796672;1024;0,061
P155;797696;166;0,061
P156;798720;1024;0,0729
P156;799744;1024;0,0729
P156;800768;163;0,0729
P157;801792;1024;0,0588
P157;802816;1024;0,0588
P157;803840;1024;0,0588
P157;804864;183;0,0588
P160;805888;1024;0,0178
P160;806912;130;0,0178
M31;807936;1024;0
M31;808960;1024;0
M31;809984;1024;0
M31;811008;1024;0
M31;812032;1024;0
M31;813056;1024;0
M31;814080;1024;0
M31;815104;1024;0
M31;816128;1024;0
M31;817152;1024;0
M31;818176;1024;0
M31;819200;1024;0
M31;820224;1024;0
M31;821248;1024;0
M31;822272;1024;0
M31;823296;1024;0
M31;824320;1024;0
M31;825344;1024;0
M31;826368;1024;0
M31;827392;1024;0
M31;828416;81;0
P181;829440;1024;0,0594
P181;830464;1024;0,0594
P181;831488;1024;0,0594
P181;832512;132;0,0594
P183;833536;1024;0,0604
P183;834560;1024;0,0604
P183;835584;1024;0,0604
P183;836608;591;0,0604
P184;837632;1024;0,0594
P184;838656;1024;0,0594
P184;839680;539;0,0594
P186;840704;1024;0,0583
P186;841728;1024;0,0583
P186;842752;1024;0,0583
P186;843776;166;0,0583
P187;844800;829;0,0583
P188;845824;1024;0,0583
P188;846848;1024;0,0583
P188;847872;1024;0,0583
P188;848896;228;0,0583
P189;849920;1024;0,0583
P189;850944;1024;0,0583
P189;851968;258;0,0583
P190;852992;1024;0,0583
P190;854016;1024;0,0583
P190;855040;1024;0,0583
P190;856064;431;0,0583
P191;857088;351;0,0621
P192;858112;1024;0,0604
P192;859136;292;0,0604
P194;860160;896;0,0583
P195;861184;210;0,0588
P202;862208;839;0,0194
M6;863232;1024;0
M6;864256;1024;0
M6;865280;1024;0
M6;866304;1024;0
M6;867328;1024;0
M6;868352;1024;0
M6;869376;1024;0
M6;870400;1024;0
M6;871424;1024;0
M6;872448;1024;0
M6;873472;1024;0
M6;874496;1024;0
M6;875520;1024;0
M6;876544;1024;0
M6;877568;1024;0
M6;878592;1024;0
M6;879616;1024;0
M6;880640;1024;0
M6;881664;1024;0
M6;882688;1024;0
M6;883712;1024;0
M6;884736;1024;0
M6;885760;1024;0
M6;886784;1024;0
M6;887808;1024;0
M6;888832;1024;0
M6;889856;1024;0
M6;890880;1024;0
M6;891904;1024;0
M6;892928;1024;0
M6;893952;1024;0
M6;894976;1024;0
M6;896000;581;0
P362;897024;1024;0,0599
P362;898048;1024;0,0599
P362;899072;127;0,0599
P364;900096;619;0,0675
P365;901120;1024;0,0664
P365;902144;40;0,0664
P366;903168;1024;0,0572
P366;904192;1024;0,0572
P366;905216;255;0,0572
P367;906240;1024;0,0583
P367;907264;143;0,0583
P368;908288;765;0,0572
P369;909312;1024;0,0594
P369;910336;271;0,0594
P370;911360;622;0,0583
P371;912384;1024;0,0583
P371;913408;708;0,0583
P372;914432;1024;0,0567
P372;915456;1024;0,0567
P372;916480;427;0,0567
P373;917504;1024;0,0567
P373;918528;1024;0,0567
P373;919552;1024;0,0567
P373;920576;310;0,0567
P374;921600;173;0,0572
P375;922624;1024;0,0572
P375;923648;1024;0,0572
P375;924672;1024;0,0572
P375;925696;353;0,0572
P376;926720;1024;0,0577
P376;927744;1024;0,0577
P376;928768;739;0,0577
P377;929792;1024;0,0577
P377;930816;469;0,0577
P378;931840;1024;0,0572
P378;932864;1024;0,0572
P378;933888;1024;0,0572
P378;934912;457;0,0572
P379;935936;1024;0,0567
P379;936960;548;0,0567
P380;937984;1024;0,0577
P380;939008;1024;0,0577
P380;940032;715;0,0577
P381;941056;543;0,061
P382;942080;1024;0,0577
P382;943104;349;0,0577
P383;944128;1024;0,0594
P383;945152;1024;0,0594
P383;946176;50;0,0594
P387;947200;284;0,0788
P388;948224;56;0,0475
M4;949248;1024;0
M4;950272;1024;0
M4;951296;1024;0
M4;952320;1024;0
M4;953344;1024;0
M4;954368;1024;0
M4;955392;1024;0
M4;956416;1024;0
M4;957440;1024;0
M4;958464;1024;0
M4;959488;1024;0
M4;960512;1024;0
M4;961536;1024;0
M4;962560;28;0
P24;963584;1024;0,0615
P24;964608;726;0,0615
P25;965632;1024;0,0604
P25;966656;1024;0,0604
P25;967680;455;0,0604
P26;968704;1024;0,061
P26;969728;768;0,061
P27;970752;1024;0,061
P27;971776;1024;0,061
P27;972800;1024;0,061
P27;973824;1024;0,061
P27;974848;784;0,061
P28;975872;1024;0,0615
P28;976896;1024;0,0615
P28;977920;605;0,0615
P31;978944;1024;0,0221
P31;979968;346;0,0221
M13;980992;1024;0
M13;982016;924;0
P47;983040;1024;0,0599
P47;984064;1024;0,0599
P47;985088;1024;0,0599
P47;986112;1024;0,0599
P47;987136;647;0,0599
P48;988160;1024;0,0604
P48;989184;1024;0,0604
P48;990208;1024;0,0604
P48;991232;909;0,0604
P49;992256;1024;0,061
P49;993280;266;0,061
P50;994304;1024;0,061
P50;995328;1024;0,061
P50;996352;389;0,061
P51;997376;1024;0,0604
P51;998400;472;0,0604
P52;999424;1024;0,0658
P52;1000448;769;0,0658
P54;1001472;1024;0,0226
P54;1002496;1024;0,0226
P54;1003520;853;0,0226
M11;1004544;1024;0
M11;1005568;1024;0
M11;1006592;1024;0
M11;1007616;1024;0
M11;1008640;1024;0
M11;1009664;1024;0
M11;1010688;1024;0
M11;1011712;1024;0
M11;1012736;1024;0
M11;1013760;1024;0
M11;1014784;1024;0
M11;1015808;1024;0
M11;1016832;1024;0
M11;1017856;1024;0
M11;1018880;1024;0
M11;1019904;1024;0
M11;1020928;1024;0
M11;1021952;986;0
P384;1022976;1024;0,0577
P384;1024000;1024;0,0577
P384;1025024;1024;0,0577
P384;1026048;319;0,0577
P385;1027072;1024;0,0577
P385;1028096;1024;0,0577
P385;1029120;688;0,0577
P386;1030144;1024;0,0577
P386;1031168;1024;0,0577
P386;1032192;206;0,0577
P389;1033216;1024;0,0853
P389;1034240;661;0,0853
P390;1035264;1024;0,0648
P390;1036288;1024;0,0648
P390;1037312;36;0,0648
P391;1038336;1024;0,0572
P391;1039360;1024;0,0572
P391;1040384;1024;0,0572
P391;1041408;125;0,0572
P392;1042432;1024;0,0707
P392;1043456;1024;0,0707
P392;1044480;1024;0,0707
P392;1045504;249;0,0707
P393;1046528;1024;0,0572
P393;1047552;382;0,0572
P394;1048576;1024;0,0567
P394;1049600;247;0,0567
P395;1050624;1024;0,0572
P395;1051648;1024;0,0572
P395;1052672;214;0,0572
P396;1053696;1024;0,0572
P396;1054720;222;0,0572
P397;1055744;1024;0,0637
P397;1056768;484;0,0637
P398;1057792;88;0,0702
P399;1058816;1024;0,0572
P399;1059840;836;0,0572
P400;1060864;1024;0,0577
P400;1061888;1024;0,0577
P400;1062912;997;0,0577
P401;1063936;58;0,0567
P402;1064960;972;0,0583
P403;1065984;1024;0,0626
P403;1067008;1024;0,0626
P403;1068032;812;0,0626
P404;1069056;993;0,0653
P405;1070080;1024;0,0702
P405;1071104;1024;0,0702
P405;1072128;1024;0,0702
P405;1073152;134;0,0702
P407;1074176;283;0,0356
M41;1075200;1024;0
M41;1076224;1024;0
M41;1077248;1024;0
M41;1078272;408;0
P14;1079296;1024;0,0626
P14;1080320;1024;0,0626
P14;1081344;1024;0,0626
P14;1082368;578;0,0626
P15;1083392;1024;0,061
P15;1084416;1024;0,061
P15;1085440;608;0,061
P16;1086464;1024;0,0621
P16;1087488;1024;0,0621
P16;1088512;1024;0,0621
P16;1089536;1024;0,0621
P16;1090560;465;0,0621
P18;1091584;1024;0,0248
P18;1092608;965;0,0248
M18;1093632;1024;0
M18;1094656;1024;0
M18;1095680;126;0
L;1096704;0;0
L;1097728;0;0
L;1098752;0;0
L;1099776;0;0
L;1100800;0;0
L;1101824;0;0
L;1102848;0;0
L;1103872;0;0
L;1104896;0;0
L;1105920;0;0
L;1106944;0;0
L;1107968;0;0
L;1108992;0;0
L;1110016;0;0
L;1111040;0;0
L;1112064;0;0
L;1113088;0;0
L;1114112;0;0
L;1115136;0;0
L;1116160;0;0
L;1117184;0;0
L;1118208;0;0
L;1119232;0;0
L;1120256;0;0
L;1121280;0;0
L;1122304;0;0
L;1123328;0;0
L;1124352;0;0
L;1125376;0;0
L;1126400;0;0
L;1127424;0;0
L;1128448;0;0
L;1129472;0;0
L;1130496;0;0
L;1131520;0;0
L;1132544;0;0
L;1133568;0;0
L;1134592;0;0
L;1135616;0;0
L;1136640;0;0
L;1137664;0;0
L;1138688;0;0
L;1139712;0;0
L;1140736;0;0
L;1141760;0;0
L;1142784;0;0
L;1143808;0;0
L;1144832;0;0
L;1145856;0;0
L;1146880;0;0
L;1147904;0;0
L;1148928;0;0
L;1149952;0;0
L;1150976;0;0
L;1152000;0;0
L;1153024;0;0
L;1154048;0;0
L;1155072;0;0
L;1156096;0;0
L;1157120;0;0
L;1158144;0;0
L;1159168;0;0
L;1160192;0;0
L;1161216;0;0
L;1162240;0;0
L;1163264;0;0
L;1164288;0;0
L;1165312;0;0
L;1166336;0;0
L;1167360;0;0
L;1168384;0;0
L;1169408;0;0
L;1170432;0;0
L;1171456;0;0
L;1172480;0;0
L;1173504;0;0
L;1174528;0;0
L;1175552;0;0
L;1176576;0;0
L;1177600;0;0
L;1178624;0;0
L;1179648;0;0
L;1180672;0;0
L;1181696;0;0
L;1182720;0;0
L;1183744;0;0
L;1184768;0;0
L;1185792;0;0
M23;1186816;1024;0
M23;1187840;1024;0
M23;1188864;515;0
P40;1189888;1024;0,0604
P40;1190912;1024;0,0604
P40;1191936;1024;0,0604
P40;1192960;1024;0,0604
P40;1193984;408;0,0604
P41;1195008;1024;0,0604
P41;1196032;1024;0,0604
P41;1197056;1024;0,0604
P41;1198080;923;0,0604
P44;1199104;1024;0,0604
P44;1200128;1024;0,0604
P44;1201152;1024;0,0604
P44;1202176;857;0,0604
P45;1203200;1024;0,0685
P45;1204224;512;0,0685
P46;1205248;1024;0,0297
P46;1206272;1024;0,0297
P46;1207296;229;0,0297
M5;1208320;1024;0
M5;1209344;1024;0
M5;1210368;1024;0
M5;1211392;1024;0
M5;1212416;1024;0
M5;1213440;1024;0
M5;1214464;1024;0
M5;1215488;1024;0
M5;1216512;1024;0
M5;1217536;1024;0
M5;1218560;1024;0
M5;1219584;1024;0
M5;1220608;1024;0
M5;1221632;1024;0
M5;1222656;1024;0
M5;1223680;1024;0
M5;1224704;1024;0
M5;1225728;1024;0
M5;1226752;1024;0
M5;1227776;1024;0
M5;1228800;1024;0
M5;1229824;1024;0
M5;1230848;1024;0
M5;1231872;1024;0
M5;1232896;1024;0
M5;1233920;1024;0
M5;1234944;1024;0
M5;1235968;1024;0
M5;1236992;1024;0
M5;1238016;1024;0
M5;1239040;1024;0
M5;1240064;1024;0
M5;1241088;1024;0
M5;1242112;1024;0
M5;1243136;1024;0
M5;1244160;1024;0
M5;1245184;1024;0
M5;1246208;1024;0
M5;1247232;1024;0
M5;1248256;154;0
P207;1249280;388;0,0583
P208;1250304;1024;0,0594
P208;1251328;644;0,0594
P209;1252352;1024;0,061
P209;1253376;1024;0,061
P209;1254400;1024;0,061
P209;1255424;915;0,061
P210;1256448;1024;0,0594
P210;1257472;255;0,0594
P211;1258496;890;0,0583
P212;1259520;739;0,0577
P213;1260544;1024;0,0577
P213;1261568;1024;0,0577
P213;1262592;92;0,0577
P214;1263616;844;0,0588
P215;1264640;1024;0,0588
P215;1265664;1024;0,0588
P215;1266688;736;0,0588
P216;1267712;319;0,0588
P217;1268736;686;0,0588
P218;1269760;1024;0,0594
P218;1270784;1024;0,0594
P218;1271808;630;0,0594
P219;1272832;1024;0,0588
P219;1273856;873;0,0588
P220;1274880;974;0,0583
P221;1275904;858;0,0594
P222;1276928;618;0,0599
P223;1277952;1024;0,0588
P223;1278976;1024;0,0588
P223;1280000;1024;0,0588
P223;1281024;825;0,0588
P224;1282048;1024;0,0583
P224;1283072;869;0,0583
P228;1284096;215;0,0577
P231;1285120;512;0,0286
M44;1286144;1024;0
M44;1287168;1024;0
M44;1288192;1024;0
M44;1289216;1024;0
M44;1290240;225;0
P303;1291264;1024;0,0572
P303;1292288;1024;0,0572
P303;1293312;1024;0,0572
P303;1294336;416;0,0572
P305;1295360;1024;0,0567
P305;1296384;700;0,0567
P306;1297408;1024;0,0567
P306;1298432;1024;0,0567
P306;1299456;551;0,0567
P307;1300480;1024;0,0577
P307;1301504;1024;0,0577
P307;1302528;735;0,0577
P308;1303552;1024;0,0572
P308;1304576;632;0,0572
P309;1305600;1024;0,0567
P309;1306624;315;0,0567
P310;1307648;779;0,0572
P311;1308672;1024;0,0572
P311;1309696;907;0,0572
P312;1310720;1024;0,0572
P312;1311744;1;0,0572
P313;1312768;1024;0,0594
P313;1313792;786;0,0594
P314;1314816;1024;0,0583
P314;1315840;417;0,0583
P315;1316864;581;0,0675
P316;1317888;1024;0,0572
P316;1318912;1024;0,0572
P316;1319936;888;0,0572
P317;1320960;868;0,0572
P318;1321984;1024;0,0572
P318;1323008;1024;0,0572
P318;1324032;1024;0,0572
P318;1325056;564;0,0572
P319;1326080;1024;0,0594
P319;1327104;534;0,0594
P320;1328128;1024;0,0626
P320;1329152;783;0,0626
P321;1330176;1024;0,0588
P321;1331200;1024;0,0588
P321;1332224;953;0,0588
P322;1333248;1024;0,061
P322;1334272;1024;0,061
P322;1335296;404;0,061
P324;1336320;1024;0,0626
P324;1337344;586;0,0626
P326;1338368;534;0,0334
M30;1339392;1024;0
M30;1340416;1024;0
M30;1341440;1024;0
M30;1342464;1024;0
M30;1343488;1024;0
M30;1344512;1024;0
M30;1345536;1024;0
M30;1346560;1024;0
M30;1347584;1024;0
M30;1348608;1024;0
M30;1349632;1024;0
M30;1350656;1024;0
M30;1351680;1024;0
M30;1352704;1024;0
M30;1353728;1024;0
M30;1354752;1024;0
M30;1355776;1024;0
M30;1356800;1024;0
M30;1357824;1024;0
M30;1358848;1024;0
M30;1359872;1024;0
M30;1360896;1024;0
M30;1361920;1024;0
M30;1362944;1024;0
M30;1363968;1024;0
M30;1364992;1024;0
M30;1366016;1024;0
M30;1367040;1024;0
M30;1368064;1024;0
M30;1369088;195;0
P483;1370112;925;0,0567
P484;1371136;25;0,0577
P485;1372160;1024;0,0567
P485;1373184;1024;0,0567
P485;1374208;272;0,0567
P486;1375232;1024;0,0567
P486;1376256;1024;0,0567
P486;1377280;332;0,0567
P487;1378304;1024;0,0572
P487;1379328;1024;0,0572
P487;1380352;528;0,0572
P488;1381376;848;0,0583
P489;1382400;1024;0,0583
P489;1383424;1024;0,0583
P489;1384448;118;0,0583
P490;1385472;1024;0,0594
P490;1386496;1024;0,0594
P490;1387520;819;0,0594
P491;1388544;1024;0,0577
P491;1389568;792;0,0577
P492;1390592;973;0,0572
P493;1391616;1024;0,0599
P493;1392640;52;0,0599
P494;1393664;499;0,0588
P495;1394688;1024;0,0577
P495;1395712;1024;0,0577
P495;1396736;978;0,0577
P496;1397760;1024;0,0594
P496;1398784;298;0,0594
P497;1399808;459;0,0626
P498;1400832;1024;0,0604
P498;1401856;720;0,0604
P499;1402880;1024;0,0567
P499;1403904;1024;0,0567
P499;1404928;1024;0,0567
P499;1405952;21;0,0567
L;1406976;0;0
L;1408000;0;0
L;1409024;0;0
L;1410048;0;0
L;1411072;0;0
L;1412096;0;0
L;1413120;0;0
L;1414144;0;0
L;1415168;0;0
L;1416192;0;0
L;1417216;0;0
L;1418240;0;0
L;1419264;0;0
L;1420288;0;0
L;1421312;0;0
L;1422336;0;0
L;1423360;0;0
L;1424384;0;0
L;1425408;0;0
L;1426432;0;0
L;1427456;0;0
L;1428480;0;0
L;1429504;0;0
L;1430528;0;0
L;1431552;0;0
L;1432576;0;0
L;1433600;0;0
L;1434624;0;0
L;1435648;0;0
L;1436672;0;0
L;1437696;0;0
L;1438720;0;0
L;1439744;0;0
L;1440768;0;0
M34;1441792;1024;0
M34;1442816;1024;0
M34;1443840;1024;0
M34;1444864;1024;0
M34;1445888;1024;0
M34;1446912;1024;0
M34;1447936;1024;0
M34;1448960;1024;0
M34;1449984;1024;0
M34;1451008;1024;0
M34;1452032;1024;0
M34;1453056;635;0
P342;1454080;1024;0,0567
P342;1455104;1024;0,0567
P342;1456128;1024;0,0567
P342;1457152;491;0,0567
P343;1458176;1024;0,0572
P343;1459200;1024;0,0572
P343;1460224;352;0,0572
P344;1461248;1024;0,0567
P344;1462272;922;0,0567
P345;1463296;1024;0,0572
P345;1464320;1024;0,0572
P345;1465344;625;0,0572
P346;1466368;1024;0,0572
P346;1467392;1024;0,0572
P346;1468416;1024;0,0572
P346;1469440;77;0,0572
P348;1470464;1024;0,061
P348;1471488;356;0,061
P349;1472512;1024;0,0572
P349;1473536;634;0,0572
P350;1474560;418;0,0577
P351;1475584;1024;0,0577
P351;1476608;837;0,0577
P352;1477632;825;0,0577
P353;1478656;1024;0,0583
P353;1479680;1024;0,0583
P353;1480704;1024;0,0583
P353;1481728;481;0,0583
P354;1482752;704;0,0572
P355;1483776;1024;0,0707
P355;1484800;722;0,0707
P356;1485824;1024;0,0572
P356;1486848;1024;0,0572
P356;1487872;1024;0,0572
P356;1488896;45;0,0572
P357;1489920;1024;0,0599
P357;1490944;92;0,0599
P358;1491968;1024;0,0583
P358;1492992;214;0,0583
P359;1494016;1024;0,0588
P359;1495040;1024;0,0588
P359;1496064;1024;0,0588
P359;1497088;143;0,0588
P360;1498112;1024;0,0588
P360;1499136;1024;0,0588
P360;1500160;1024;0,0588
P360;1501184;230;0,0588
P361;1502208;723;0,0583
P363;1503232;17;0,0351
M36;1504256;1024;0
M36;1505280;1024;0
M36;1506304;1024;0
M36;1507328;138;0
P9;1508352;737;0,0345
M8;1509376;1024;0
M8;1510400;1024;0
M8;1511424;1024;0
M8;1512448;1024;0
M8;1513472;1024;0
M8;1514496;1024;0
M8;1515520;1024;0
M8;1516544;1024;0
M8;1517568;1024;0
M8;1518592;1024;0
M8;1519616;1024;0
M8;1520640;1024;0
M8;1521664;1024;0
M8;1522688;1024;0
M8;1523712;1024;0
M8;1524736;230;0
P1;1525760;1024;0,0394
P1;1526784;1024;0,0394
P1;1527808;363;0,0394
M38;1528832;1024;0
M38;1529856;1024;0
M38;1530880;1024;0
M38;1531904;1024;0
M38;1532928;1024;0
M38;1533952;1024;0
M38;1534976;1024;0
M38;1536000;1024;0
M38;1537024;1024;0
M38;1538048;1024;0
M38;1539072;1024;0
M38;1540096;1024;0
M38;1541120;1024;0
M38;1542144;1024;0
M38;1543168;1024;0
M38;1544192;1024;0
M38;1545216;1024;0
M38;1546240;1024;0
M38;1547264;1024;0
M38;1548288;1024;0
M38;1549312;1024;0
M38;1550336;1024;0
M38;1551360;1024;0
M38;1552384;1024;0
M38;1553408;1024;0
M38;1554432;1024;0
M38;1555456;1024;0
M38;1556480;1024;0
M38;1557504;1024;0
M38;1558528;1024;0
M38;1559552;1024;0
M38;1560576;563;0
P69;1561600;1024;0,061
P69;1562624;1024;0,061
P69;1563648;1024;0,061
P69;1564672;1024;0,061
P69;1565696;609;0,061
P70;1566720;1024;0,0642
P70;1567744;1024;0,0642
P70;1568768;1024;0,0642
P70;1569792;837;0,0642
P72;1570816;1024;0,0626
P72;1571840;1024;0,0626
P72;1572864;1024;0,0626
P72;1573888;1024;0,0626
P72;1574912;431;0,0626
P73;1575936;457;0,061
P74;1576960;1024;0,0604
P74;1577984;1024;0,0604
P74;1579008;28;0,0604
P75;1580032;1024;0,0615
P75;1581056;1024;0,0615
P75;1582080;1024;0,0615
P75;1583104;621;0,0615
P77;1584128;941;0,0372
M1;1585152;1024;0
M1;1586176;1024;0
M1;1587200;1024;0
M1;1588224;1024;0
M1;1589248;1024;0
M1;1590272;1024;0
M1;1591296;1024;0
M1;1592320;1024;0
M1;1593344;1024;0
M1;1594368;1024;0
M1;1595392;1024;0
M1;1596416;1024;0
M1;1597440;1024;0
M1;1598464;1024;0
M1;1599488;1024;0
M1;1600512;1024;0
M1;1601536;1024;0
M1;1602560;1024;0
M1;1603584;1024;0
M1;1604608;1024;0
M1;1605632;1024;0
M1;1606656;1024;0
M1;1607680;1024;0
M1;1608704;1024;0
M1;1609728;1024;0
M1;1610752;1024;0
M1;1611776;1024;0
M1;1612800;1024;0
M1;1613824;1024;0
M1;1614848;1024;0
M1;1615872;1024;0
M1;1616896;1024;0
M1;1617920;1024;0
M1;1618944;1024;0
M1;1619968;1024;0
M1;1620992;1024;0
M1;1622016;1024;0
M1;1623040;765;0
P323;1624064;1024;0,0588
P323;1625088;1024;0,0588
P323;1626112;1024;0,0588
P323;1627136;389;0,0588
P325;1628160;1024;0,0626
P325;1629184;102;0,0626
P327;1630208;1024;0,061
P327;1631232;241;0,061
P328;1632256;1024;0,0637
P328;1633280;1024;0,0637
P328;1634304;1024;0,0637
P328;1635328;98;0,0637
P329;1636352;1024;0,0637
P329;1637376;944;0,0637
P330;1638400;563;0,0675
P331;1639424;1024;0,0631
P331;1640448;1024;0,0631
P331;1641472;219;0,0631
P332;1642496;1024;0,0642
P332;1643520;850;0,0642
P333;1644544;363;0,0615
P334;1645568;673;0,0599
P335;1646592;1024;0,0583
P335;1647616;1024;0,0583
P335;1648640;727;0,0583
P336;1649664;1024;0,0572
P336;1650688;1024;0,0572
P336;1651712;1024;0,0572
P336;1652736;28;0,0572
P337;1653760;1024;0,0572
P337;1654784;1024;0,0572
P337;1655808;34;0,0572
P338;1656832;1024;0,0572
P338;1657856;1024;0,0572
P338;1658880;1024;0,0572
P338;1659904;169;0,0572
P339;1660928;1024;0,0572
P339;1661952;1024;0,0572
P339;1662976;889;0,0572
P340;1664000;1024;0,0572
P340;1665024;1024;0,0572
P340;1666048;1024;0,0572
P340;1667072;92;0,0572
P341;1668096;1024;0,0577
P341;1669120;1024;0,0577
P341;1670144;175;0,0577
P347;1671168;305;0,0372
M45;1672192;1024;0
M45;1673216;1024;0
M45;1674240;1024;0
M45;1675264;1024;0
M45;1676288;296;0
L;1677312;0;0
L;1678336;0;0
L;1679360;0;0
L;1680384;0;0
L;1681408;0;0
L;1682432;0;0
L;1683456;0;0
L;1684480;0;0
L;1685504;0;0
L;1686528;0;0
L;1687552;0;0
L;1688576;0;0
L;1689600;0;0
L;1690624;0;0
L;1691648;0;0
L;1692672;0;0
L;1693696;0;0
L;1694720;0;0
L;1695744;0;0
L;1696768;0;0
L;1697792;0;0
L;1698816;0;0
L;1699840;0;0
L;1700864;0;0
L;1701888;0;0
L;1702912;0;0
L;1703936;0;0
L;1704960;0;0
L;1705984;0;0
L;1707008;0;0
L;1708032;0;0
L;1709056;0;0
L;1710080;0;0
L;1711104;0;0
L;1712128;0;0
L;1713152;0;0
L;1714176;0;0
L;1715200;0;0
L;1716224;0;0
L;1717248;0;0
L;1718272;0;0
L;1719296;0;0
L;1720320;0;0
L;1721344;0;0
L;1722368;0;0
L;1723392;0;0
L;1724416;0;0
L;1725440;0;0
L;1726464;0;0
L;1727488;0;0
L;1728512;0;0
L;1729536;0;0
L;1730560;0;0
L;1731584;0;0
L;1732608;0;0
L;1733632;0;0
L;1734656;0;0
L;1735680;0;0
L;1736704;0;0
L;1737728;0;0
L;1738752;0;0
L;1739776;0;0
L;1740800;0;0
L;1741824;0;0
L;1742848;0;0
L;1743872;0;0
L;1744896;0;0
L;1745920;0;0
L;1746944;0;0
L;1747968;0;0
L;1748992;0;0
L;1750016;0;0
L;1751040;0;0
L;1752064;0;0
L;1753088;0;0
L;1754112;0;0
L;1755136;0;0
L;1756160;0;0
L;1757184;0;0
L;1758208;0;0
L;1759232;0;0
L;1760256;0;0
L;1761280;0;0
M35;1762304;1024;0
M35;1763328;1024;0
M35;1764352;1024;0
M35;1765376;1024;0
M35;1766400;1024;0
M35;1767424;685;0
P3;1768448;1024;0,0718
P3;1769472;1024;0,0718
P3;1770496;247;0,0718
P5;1771520;1024;0,041
P5;1772544;1024;0,041
P5;1773568;864;0,041
M17;1774592;1024;0
M17;1775616;1024;0
M17;1776640;1024;0
M17;1777664;1024;0
M17;1778688;1024;0
M17;1779712;1024;0
M17;1780736;1024;0
M17;1781760;1024;0
M17;1782784;993;0
L;1783808;0;0
L;1784832;0;0
L;1785856;0;0
L;1786880;0;0
L;1787904;0;0
L;1788928;0;0
L;1789952;0;0
L;1790976;0;0
L;1792000;0;0
L;1793024;0;0
L;1794048;0;0
L;1795072;0;0
L;1796096;0;0
L;1797120;0;0
L;1798144;0;0
L;1799168;0;0
L;1800192;0;0
L;1801216;0;0
L;1802240;0;0
L;1803264;0;0
L;1804288;0;0
L;1805312;0;0
L;1806336;0;0
L;1807360;0;0
L;1808384;0;0
L;1809408;0;0
L;1810432;0;0
L;1811456;0;0
L;1812480;0;0
L;1813504;0;0
L;1814528;0;0
L;1815552;0;0
L;1816576;0;0
L;1817600;0;0
L;1818624;0;0
L;1819648;0;0
L;1820672;0;0
L;1821696;0;0
L;1822720;0;0
L;1823744;0;0
L;1824768;0;0
L;1825792;0;0
L;1826816;0;0
L;1827840;0;0
L;1828864;0;0
L;1829888;0;0
L;1830912;0;0
L;1831936;0;0
L;1832960;0;0
L;1833984;0;0
L;1835008;0;0
L;1836032;0;0
L;1837056;0;0
L;1838080;0;0
L;1839104;0;0
L;1840128;0;0
L;1841152;0;0
L;1842176;0;0
L;1843200;0;0
L;1844224;0;0
L;1845248;0;0
L;1846272;0;0
L;1847296;0;0
L;1848320;0;0
L;1849344;0;0
L;1850368;0;0
L;1851392;0;0
L;1852416;0;0
L;1853440;0;0
L;1854464;0;0
L;1855488;0;0
L;1856512;0;0
L;1857536;0;0
L;1858560;0;0
L;1859584;0;0
L;1860608;0;0
L;1861632;0;0
L;1862656;0;0
L;1863680;0;0
L;1864704;0;0
L;1865728;0;0
L;1866752;0;0
L;1867776;0;0
M24;1868800;1024;0
M24;1869824;1024;0
M24;1870848;1024;0
M24;1871872;1024;0
M24;1872896;1024;0
M24;1873920;1024;0
M24;1874944;1024;0
M24;1875968;1024;0
M24;1876992;1024;0
M24;1878016;1024;0
M24;1879040;1024;0
M24;1880064;1024;0
M24;1881088;1024;0
M24;1882112;1024;0
M24;1883136;1024;0
M24;1884160;1024;0
M24;1885184;1024;0
M24;1886208;1024;0
M24;1887232;1024;0
M24;1888256;1024;0
M24;1889280;1024;0
M24;1890304;1024;0
M24;1891328;1024;0
M24;1892352;1024;0
M24;1893376;1024;0
M24;1894400;1024;0
M24;1895424;1024;0
M24;1896448;1024;0
M24;1897472;1024;0
M24;1898496;1024;0
M24;1899520;1024;0
M24;1900544;1024;0
M24;1901568;1024;0
M24;1902592;1024;0
M24;1903616;1024;0
M24;1904640;1024;0
M24;1905664;1024;0
M24;1906688;1024;0
M24;1907712;558;0
P242;1908736;1024;0,0583
P242;1909760;1024;0,0583
P242;1910784;1024;0,0583
P242;1911808;69;0,0583
P244;1912832;340;0,0588
P245;1913856;1024;0,0599
P245;1914880;1024;0,0599
P245;1915904;1024;0,0599
P245;1916928;376;0,0599
P246;1917952;1024;0,0599
P246;1918976;1024;0,0599
P246;1920000;342;0,0599
P247;1921024;1024;0,0594
P247;1922048;1024;0,0594
P247;1923072;131;0,0594
P248;1924096;1024;0,0588
P248;1925120;1024;0,0588
P248;1926144;1024;0,0588
P248;1927168;847;0,0588
P249;1928192;367;0,0583
P250;1929216;756;0,0583
P251;1930240;1024;0,0577
P251;1931264;923;0,0577
P252;1932288;985;0,0588
P253;1933312;1024;0,0577
P253;1934336;1024;0,0577
P253;1935360;1024;0,0577
P253;1936384;89;0,0577
P254;1937408;1024;0,0583
P254;1938432;1024;0,0583
P254;1939456;250;0,0583
P255;1940480;1024;0,0594
P255;1941504;1024;0,0594
P255;1942528;1024;0,0594
P255;1943552;162;0,0594
P256;1944576;410;0,0583
P257;1945600;854;0,0577
P258;1946624;1024;0,0432
P258;1947648;1024;0,0432
P258;1948672;64;0,0432
M12;1949696;1024;0
M12;1950720;1024;0
M12;1951744;1024;0
M12;1952768;1024;0
M12;1953792;1024;0
M12;1954816;1024;0
M12;1955840;1024;0
M12;1956864;1024;0
M12;1957888;1024;0
M12;1958912;1024;0
M12;1959936;1024;0
M12;1960960;1024;0
M12;1961984;1024;0
M12;1963008;1024;0
M12;1964032;1024;0
M12;1965056;1024;0
M12;1966080;1024;0
M12;1967104;1024;0
M12;1968128;1024;0
M12;1969152;1024;0
M12;1970176;1024;0
M12;1971200;1024;0
M12;1972224;1024;0
M12;1973248;1024;0
M12;1974272;1024;0
M12;1975296;1024;0
M12;1976320;1024;0
M12;1977344;1024;0
M12;1978368;1024;0
M12;1979392;1024;0
M12;1980416;1024;0
M12;1981440;1024;0
M12;1982464;1024;0
M12;1983488;713;0
P29;1984512;1024;0,0604
P29;1985536;1024;0,0604
P29;1986560;1024;0,0604
P29;1987584;1024;0,0604
P29;1988608;191;0,0604
P30;1989632;1024;0,0729
P30;1990656;1024;0,0729
P30;1991680;1024;0,0729
P30;1992704;886;0,0729
P32;1993728;1024;0,061
P32;1994752;1024;0,061
P32;1995776;1024;0,061
P32;1996800;1024;0,061
P32;1997824;746;0,061
P34;1998848;1024;0,0459
P34;1999872;1024;0,0459
P34;2000896;797;0,0459
M19;2001920;1024;0
M19;2002944;1024;0
M19;2003968;1024;0
M19;2004992;1024;0
M19;2006016;1024;0
M19;2007040;1024;0
M19;2008064;1024;0
M19;2009088;1024;0
M19;2010112;1024;0
M19;2011136;1024;0
M19;2012160;1024;0
M19;2013184;1024;0
M19;2014208;715;0
P76;2015232;1024;0,061
P76;2016256;1024;0,061
P76;2017280;1024;0,061
P76;2018304;291;0,061
P78;2019328;1024;0,0604
P78;2020352;1024;0,0604
P78;2021376;1024;0,0604
P78;2022400;385;0,0604
P79;2023424;166;0,0615
P80;2024448;162;0,0599
P81;2025472;1024;0,0615
P81;2026496;790;0,0615
P82;2027520;754;0,061
P83;2028544;1024;0,0599
P83;2029568;234;0,0599
P84;2030592;1024;0,0604
P84;2031616;669;0,0604
P85;2032640;1024;0,0788
P85;2033664;1024;0,0788
P85;2034688;249;0,0788
P87;2035712;1024;0,0707
P87;2036736;272;0,0707
P91;2037760;559;0,0469
M40;2038784;1024;0
M40;2039808;1024;0
M40;2040832;1024;0
M40;2041856;1024;0
M40;2042880;1024;0
M40;2043904;1024;0
M40;2044928;1024;0
M40;2045952;1024;0
M40;2046976;1024;0
M40;2048000;1024;0
M40;2049024;1024;0
M40;2050048;1024;0
M40;2051072;1024;0
M40;2052096;1024;0
M40;2053120;1024;0
M40;2054144;1024;0
M40;2055168;1024;0
M40;2056192;1024;0
M40;2057216;1024;0
M40;2058240;1024;0
M40;2059264;1024;0
M40;2060288;1024;0
M40;2061312;1024;0
M40;2062336;1024;0
M40;2063360;1024;0
M40;2064384;1024;0
M40;2065408;1024;0
M40;2066432;1024;0
M40;2067456;291;0
P259;2068480;1024;0,0583
P259;2069504;363;0,0583
P260;2070528;1024;0,0577
P260;2071552;1024;0,0577
P260;2072576;623;0,0577
P261;2073600;1024;0,0599
P261;2074624;1024;0,0599
P261;2075648;881;0,0599
P262;2076672;920;0,0577
P263;2077696;990;0,0583
P264;2078720;736;0,0599
P265;2079744;63;0,0577
P266;2080768;296;0,0691
P267;2081792;1024;0,0583
P267;2082816;1024;0,0583
P267;2083840;318;0,0583
P268;2084864;318;0,0572
P269;2085888;1024;0,0572
P269;2086912;1024;0,0572
P269;2087936;252;0,0572
P270;2088960;369;0,0577
P271;2089984;1024;0,0577
P271;2091008;322;0,0577
P272;2092032;1024;0,0583
P272;2093056;459;0,0583
P273;2094080;1024;0,0583
P273;2095104;1024;0,0583
P273;2096128;1024;0,0583
P273;2097152;283;0,0583
P274;2098176;1024;0,0583
P274;2099200;460;0,0583
P275;2100224;1024;0,0594
P275;2101248;1024;0,0594
P275;2102272;922;0,0594
P276;2103296;40;0,0577
P277;2104320;95;0,0577
P278;2105344;314;0,061
P279;2106368;772;0,0793
P280;2107392;1024;0,0577
P280;2108416;386;0,0577
P282;2109440;1024;0,0469
P282;2110464;789;0,0469
M3;2111488;43;0
P35;2112512;1024;0,0599
P35;2113536;1024;0,0599
P35;2114560;1024;0,0599
P35;2115584;553;0,0599
P36;2116608;1024;0,0615
P36;2117632;1024;0,0615
P36;2118656;1024;0,0615
P36;2119680;397;0,0615
P37;2120704;1024;0,1069
P37;2121728;1024;0,1069
P37;2122752;238;0,1069
P38;2123776;948;0,1063
P39;2124800;1024;0,0604
P39;2125824;444;0,0604
P42;2126848;1024;0,061
P42;2127872;178;0,061
P43;2128896;959;0,0486
M20;2129920;1024;0
M20;2130944;1024;0
M20;2131968;1024;0
M20;2132992;1024;0
M20;2134016;1024;0
M20;2135040;1024;0
M20;2136064;1024;0
M20;2137088;1024;0
M20;2138112;1024;0
M20;2139136;1024;0
M20;2140160;1024;0
M20;2141184;1024;0
M20;2142208;1024;0
M20;2143232;1024;0
M20;2144256;1024;0
M20;2145280;1024;0
M20;2146304;1024;0
M20;2147328;1024;0
M20;2148352;1024;0
M20;2149376;1024;0
M20;2150400;1024;0
M20;2151424;1024;0
M20;2152448;1024;0
M20;2153472;1024;0
M20;2154496;1024;0
M20;2155520;1024;0
M20;2156544;1024;0
M20;2157568;1024;0
M20;2158592;1024;0
M20;2159616;1024;0
M20;2160640;1024;0
M20;2161664;1024;0
M20;2162688;1024;0
M20;2163712;1024;0
M20;2164736;1024;0
M20;2165760;1024;0
M20;2166784;1024;0
M20;2167808;1024;0
M20;2168832;1024;0
M20;2169856;1024;0
M20;2170880;1024;0
M20;2171904;642;0
P96;2172928;1024;0,0599
P96;2173952;1024;0,0599
P96;2174976;232;0,0599
P97;2176000;1024;0,0599
P97;2177024;509;0,0599
P98;2178048;1024;0,0604
P98;2179072;1024;0,0604
P98;2180096;1024;0,0604
P98;2181120;866;0,0604
P99;2182144;1024;0,0604
P99;2183168;320;0,0604
P100;2184192;1024;0,0599
P100;2185216;1024;0,0599
P100;2186240;850;0,0599
P101;2187264;1024;0,0599
P101;2188288;770;0,0599
P102;2189312;1024;0,0599
P102;2190336;542;0,0599
P103;2191360;1024;0,0664
P103;2192384;1024;0,0664
P103;2193408;1024;0,0664
P103;2194432;765;0,0664
P104;2195456;1024;0,0945
P104;2196480;1019;0,0945
P105;2197504;285;0,0496
M14;2198528;1024;0
M14;2199552;1024;0
M14;2200576;1024;0
M14;2201600;1024;0
M14;2202624;1024;0
M14;2203648;1024;0
M14;2204672;1024;0
M14;2205696;1024;0
M14;2206720;1024;0
M14;2207744;1024;0
M14;2208768;1024;0
M14;2209792;1024;0
M14;2210816;1024;0
M14;2211840;1024;0
M14;2212864;163;0
P106;2213888;1024;0,0594
P106;2214912;607;0,0594
P107;2215936;1024;0,0604
P107;2216960;185;0,0604
P108;2217984;300;0,0599
P109;2219008;1024;0,0604
P109;2220032;1024;0,0604
P109;2221056;1024;0,0604
P109;2222080;956;0,0604
P110;2223104;1024;0,0594
P110;2224128;1024;0,0594
P110;2225152;1024;0,0594
P110;2226176;833;0,0594
P111;2227200;292;0,0604
P112;2228224;1024;0,0599
P112;2229248;1024;0,0599
P112;2230272;1024;0,0599
P112;2231296;68;0,0599
P113;2232320;1024;0,0594
P113;2233344;1024;0,0594
P113;2234368;1024;0,0594
P113;2235392;707;0,0594
P114;2236416;1024;0,0594
P114;2237440;635;0,0594
P115;2238464;261;0,0513
M2;2239488;1024;0
M2;2240512;1024;0
M2;2241536;1024;0
M2;2242560;1024;0
M2;2243584;1024;0
M2;2244608;1024;0
M2;2245632;1024;0
M2;2246656;1024;0
M2;2247680;1024;0
M2;2248704;1024;0
M2;2249728;451;0
P138;2250752;604;0,0588
P139;2251776;1024;0,0664
P139;2252800;1024;0,0664
P139;2253824;784;0,0664
P140;2254848;62;0,0594
P141;2255872;1024;0,0702
P141;2256896;1024;0,0702
P141;2257920;1024;0,0702
P141;2258944;242;0,0702
P142;2259968;1024;0,0588
P142;2260992;1024;0,0588
P142;2262016;1024;0,0588
P142;2263040;201;0,0588
P143;2264064;1024;0,0588
P143;2265088;1024;0,0588
P143;2266112;1024;0,0588
P143;2267136;418;0,0588
P144;2268160;1024;0,0588
P144;2269184;173;0,0588
P145;2270208;1024;0,0594
P145;2271232;319;0,0594
P146;2272256;1024;0,0588
P146;2273280;1024;0,0588
P146;2274304;1024;0,0588
P146;2275328;428;0,0588
P147;2276352;1024;0,0583
P147;2277376;135;0,0583
P148;2278400;135;0,0507
M29;2279424;1024;0
M29;2280448;1024;0
M29;2281472;1024;0
M29;2282496;1024;0
M29;2283520;1024;0
M29;2284544;1024;0
M29;2285568;1024;0
M29;2286592;1024;0
M29;2287616;1024;0
M29;2288640;1024;0
M29;2289664;1024;0
M29;2290688;1024;0
M29;2291712;1024;0
M29;2292736;1024;0
M29;2293760;1024;0
M29;2294784;1024;0
M29;2295808;1024;0
M29;2296832;1024;0
M29;2297856;1024;0
M29;2298880;1024;0
M29;2299904;1024;0
M29;2300928;1024;0
M29;2301952;131;0
P158;2302976;1024;0,0594
P158;2304000;1024;0,0594
P158;2305024;1024;0,0594
P158;2306048;1024;0,0594
P158;2307072;234;0,0594
P159;2308096;1024;0,0583
P159;2309120;1024;0,0583
P159;2310144;1024;0,0583
P159;2311168;747;0,0583
P161;2312192;952;0,0583
P162;2313216;1024;0,0583
P162;2314240;1024;0,0583
P162;2315264;261;0,0583
P163;2316288;1024;0,0583
P163;2317312;1024;0,0583
P163;2318336;932;0,0583
P164;2319360;1024;0,0583
P164;2320384;1024;0,0583
P164;2321408;240;0,0583
P165;2322432;1024;0,0588
P165;2323456;749;0,0588
P166;2324480;1024;0,0583
P166;2325504;1024;0,0583
P166;2326528;796;0,0583
P167;2327552;171;0,0588
P168;2328576;1024;0,0588
P168;2329600;1024;0,0588
P168;2330624;1024;0,0588
P168;2331648;311;0,0588
P169;2332672;148;0,0583
P170;2333696;1009;0,0523
M43;2334720;1024;0
M43;2335744;1024;0
M43;2336768;1024;0
M43;2337792;1024;0
M43;2338816;1024;0
M43;2339840;1024;0
M43;2340864;1024;0
M43;2341888;1024;0
M43;2342912;1024;0
M43;2343936;1024;0
M43;2344960;1024;0
M43;2345984;1024;0
M43;2347008;1024;0
M43;2348032;1024;0
M43;2349056;1024;0
M43;2350080;1024;0
M43;2351104;1024;0
M43;2352128;1024;0
M43;2353152;1024;0
M43;2354176;1024;0
M43;2355200;1024;0
M43;2356224;1024;0
M43;2357248;1024;0
M43;2358272;1024;0
M43;2359296;1024;0
M43;2360320;704;0
P454;2361344;946;0,0561
P455;2362368;1024;0,0567
P455;2363392;1024;0,0567
P455;2364416;77;0,0567
P456;2365440;1024;0,0561
P456;2366464;835;0,0561
P457;2367488;1024;0,0567
P457;2368512;1024;0,0567
P457;2369536;132;0,0567
P458;2370560;1024;0,0577
P458;2371584;1024;0,0577
P458;2372608;902;0,0577
P459;2373632;54;0,0577
P460;2374656;1024;0,0567
P460;2375680;415;0,0567
P461;2376704;1024;0,0588
P461;2377728;1024;0,0588
P461;2378752;883;0,0588
P462;2379776;1024;0,0577
P462;2380800;1024;0,0577
P462;2381824;121;0,0577
P463;2382848;1024;0,0583
P463;2383872;1024;0,0583
P463;2384896;769;0,0583
P464;2385920;1024;0,0583
P464;2386944;1024;0,0583
P464;2387968;585;0,0583
P465;2388992;1024;0,0594
P465;2390016;1024;0,0594
P465;2391040;122;0,0594
P466;2392064;46;0,0626
P467;2393088;934;0,0739
P468;2394112;1024;0,0853
P468;2395136;1024;0,0853
P468;2396160;381;0,0853
P469;2397184;1024;0,0945
P469;2398208;295;0,0945
P470;2399232;349;0,0896
P471;2400256;1024;0,0831
P471;2401280;1024;0,0831
P471;2402304;1024;0,0831
P471;2403328;41;0,0831
P472;2404352;1024;0,0912
P472;2405376;1024;0,0912
P472;2406400;431;0,0912
P473;2407424;1024;0,0772
P473;2408448;653;0,0772
P474;2409472;1024;0,0567
P474;2410496;1024;0,0567
P474;2411520;111;0,0567
P475;2412544;1024;0,0561
P475;2413568;1024;0,0561
P475;2414592;120;0,0561
P476;2415616;343;0,0567
P477;2416640;1024;0,0561
P477;2417664;1024;0,0561
P477;2418688;5;0,0561
P478;2419712;1024;0,0577
P478;2420736;1024;0,0577
P478;2421760;814;0,0577
P479;2422784;1024;0,0567
P479;2423808;533;0,0567
P480;2424832;1024;0,0637
P480;2425856;919;0,0637
P481;2426880;1024;0,0572
P481;2427904;1024;0,0572
P481;2428928;593;0,0572
P482;2429952;267;0,0534
M28;2430976;1024;0
M28;2432000;1024;0
M28;2433024;1024;0
M28;2434048;321;0
P406;2435072;1024;0,0853
P406;2436096;1024;0,0853
P406;2437120;383;0,0853
P408;2438144;1024;0,0874
P408;2439168;1024;0,0874
P408;2440192;1024;0,0874
P408;2441216;10;0,0874
P409;2442240;1024;0,0729
P409;2443264;1024;0,0729
P409;2444288;1024;0,0729
P409;2445312;29;0,0729
P410;2446336;1024;0,0577
P410;2447360;593;0,0577
P411;2448384;1024;0,0766
P411;2449408;441;0,0766
P412;2450432;1024;0,0567
P412;2451456;517;0,0567
P413;2452480;1024;0,0637
P413;2453504;1024;0,0637
P413;2454528;84;0,0637
P414;2455552;1024;0,0567
P414;2456576;976;0,0567
P415;2457600;1024;0,0567
P415;2458624;142;0,0567
P416;2459648;1024;0,0567
P416;2460672;1024;0,0567
P416;2461696;310;0,0567
P417;2462720;450;0,0561
P418;2463744;1024;0,0572
P418;2464768;151;0,0572
P419;2465792;1024;0,0577
P419;2466816;1024;0,0577
P419;2467840;1002;0,0577
P420;2468864;1024;0,0572
P420;2469888;1024;0,0572
P420;2470912;622;0,0572
P421;2471936;1024;0,0572
P421;2472960;1024;0,0572
P421;2473984;1024;0,0572
P421;2475008;333;0,0572
P422;2476032;1024;0,0567
P422;2477056;1024;0,0567
P422;2478080;162;0,0567
P423;2479104;1024;0,0567
P423;2480128;989;0,0567
P424;2481152;452;0,0567
P425;2482176;1024;0,0572
P425;2483200;390;0,0572
P426;2484224;1024;0,0561
P426;2485248;1024;0,0561
P426;2486272;1024;0,0561
P426;2487296;278;0,0561
P427;2488320;1024;0,0567
P427;2489344;1024;0,0567
P427;2490368;152;0,0567
P428;2491392;1024;0,0567
P428;2492416;516;0,0567
P440;2493440;34;0,055
M10;2494464;1024;0
M10;2495488;1024;0
M10;2496512;1024;0
M10;2497536;1024;0
M10;2498560;1024;0
M10;2499584;1024;0
M10;2500608;1024;0
M10;2501632;1024;0
M10;2502656;1024;0
M10;2503680;1024;0
M10;2504704;1024;0
M10;2505728;1024;0
M10;2506752;1024;0
M10;2507776;1024;0
M10;2508800;1024;0
M10;2509824;1024;0
M10;2510848;1024;0
M10;2511872;1024;0
M10;2512896;1024;0
M10;2513920;1024;0
M10;2514944;1024;0
M10;2515968;1024;0
M10;2516992;1024;0
M10;2518016;1024;0
M10;2519040;1024;0
M10;2520064;1024;0
M10;2521088;1024;0
M10;2522112;1024;0
M10;2523136;1024;0
M10;2524160;1024;0
M10;2525184;1024;0
M10;2526208;877;0
P19;2527232;1024;0,061
P19;2528256;766;0,061
P20;2529280;1024;0,0658
P20;2530304;1024;0,0658
P20;2531328;947;0,0658
P21;2532352;1024;0,0772
P21;2533376;1024;0,0772
P21;2534400;1024;0,0772
P21;2535424;1024;0,0772
P21;2536448;708;0,0772
P22;2537472;1024;0,0621
P22;2538496;956;0,0621
P23;2539520;1024;0,061
P23;2540544;1024;0,061
P23;2541568;639;0,061
P33;2542592;796;0,0588
M48;2543616;1024;0
M48;2544640;1024;0
M48;2545664;1024;0
M48;2546688;1024;0
M48;2547712;1024;0
M48;2548736;1024;0
M48;2549760;1024;0
M48;2550784;1024;0
M48;2551808;9;0
P6;2552832;1024;0,0626
P6;2553856;1024;0,0626
P6;2554880;515;0,0626
P10;2555904;1024;0,0594
P10;2556928;1024;0,0594
P10;2557952;1024;0,0594
P10;2558976;935;0,0594
