P0;0;1024;0,2478
P0;1024;1024;0,2478
P0;2048;1024;0,2478
P0;3072;695;0,2478
P1;4096;1024;0,0021
P1;5120;1024;0,0021
P1;6144;363;0,0021
P2;7168;623;0
P3;8192;1024;0,0005
P3;9216;1024;0,0005
P3;10240;247;0,0005
P4;11264;1024;0,0005
P4;12288;107;0,0005
P5;13312;1024;0,0005
P5;14336;1024;0,0005
P5;15360;864;0,0005
P6;16384;1024;0
P6;17408;1024;0
P6;18432;515;0
P7;19456;1024;0,0005
P7;20480;1024;0,0005
P7;21504;1024;0,0005
P7;22528;1024;0,0005
P7;23552;271;0,0005
P8;24576;1024;0,0005
P8;25600;1024;0,0005
P8;26624;1024;0,0005
P8;27648;882;0,0005
P9;28672;737;0,0005
P10;29696;1024;0,0005
P10;30720;1024;0,0005
P10;31744;1024;0,0005
P10;32768;935;0,0005
M16;33792;1024;0
M16;34816;1024;0
M16;35840;1024;0
M16;36864;1024;0
M16;37888;1024;0
M16;38912;1024;0
M16;39936;1024;0
M16;40960;1024;0
M16;41984;1024;0
M16;43008;1024;0
M16;44032;1024;0
M16;45056;1024;0
M16;46080;1024;0
M16;47104;1024;0
M16;48128;1024;0
M16;49152;1024;0
M16;50176;1024;0
M16;51200;1024;0
M16;52224;1024;0
M16;53248;1024;0
M16;54272;1024;0
M16;55296;1024;0
M16;56320;1024;0
M16;57344;1024;0
M16;58368;1024;0
M16;59392;1024;0
M16;60416;1024;0
M16;61440;1024;0
M16;62464;1024;0
M16;63488;1024;0
M16;64512;1024;0
M16;65536;1024;0
M16;66560;1024;0
M16;67584;1024;0
M16;68608;1024;0
M16;69632;344;0
P11;70656;1024;0,001
P11;71680;1024;0,001
P11;72704;1024;0,001
P11;73728;305;0,001
P12;74752;1024;0,0005
P12;75776;189;0,0005
P13;76800;1024;0,001
P13;77824;43;0,001
P17;78848;742;0,001
M9;79872;1024;0
M9;80896;1024;0
M9;81920;1024;0
M9;82944;1024;0
M9;83968;1024;0
M9;84992;1024;0
M9;86016;1024;0
M9;87040;1024;0
M9;88064;1024;0
M9;89088;1024;0
M9;90112;1024;0
M9;91136;1024;0
M9;92160;1024;0
M9;93184;1024;0
M9;94208;1024;0
M9;95232;1024;0
M9;96256;1024;0
M9;97280;1024;0
M9;98304;1024;0
M9;99328;1024;0
M9;100352;1024;0
M9;101376;1024;0
M9;102400;1024;0
M9;103424;1024;0
M9;104448;1024;0
M9;105472;1024;0
M9;106496;1024;0
M9;107520;1024;0
M9;108544;1024;0
M9;109568;1024;0
M9;110592;1024;0
M9;111616;1024;0
M9;112640;1024;0
M9;113664;1024;0
M9;114688;1024;0
M9;115712;1024;0
M9;116736;1024;0
M9;117760;583;0
P14;118784;1024;0,0016
P14;119808;1024;0,0016
P14;120832;1024;0,0016
P14;121856;578;0,0016
P15;122880;1024;0,0016
P15;123904;1024;0,0016
P15;124928;608;0,0016
P16;125952;1024;0,0016
P16;126976;1024;0,0016
P16;128000;1024;0,0016
P16;129024;1024;0,0016
P16;130048;465;0,0016
P18;131072;1024;0,0016
P18;132096;965;0,0016
P19;133120;1024;0,0016
P19;134144;766;0,0016
P20;135168;1024;0,0016
P20;136192;1024;0,0016
P20;137216;947;0,0016
P21;138240;1024;0,0021
P21;139264;1024;0,0021
P21;140288;1024;0,0021
P21;141312;1024;0,0021
P21;142336;708;0,0021
P22;143360;1024;0,0021
P22;144384;956;0,0021
M22;145408;1024;0
M22;146432;1024;0
M22;147456;1024;0
M22;148480;1024;0
M22;149504;758;0
P23;150528;1024;0,0021
P23;151552;1024;0,0021
P23;152576;639;0,0021
P24;153600;1024;0,0021
P24;154624;726;0,0021
P25;155648;1024;0,0021
P25;156672;1024;0,0021
P25;157696;455;0,0021
P26;158720;1024;0,0021
P26;159744;768;0,0021
P27;160768;1024;0,0021
P27;161792;1024;0,0021
P27;162816;1024;0,0021
P27;163840;1024;0,0021
P27;164864;784;0,0021
P28;165888;1024;0,0016
P28;166912;1024;0,0016
P28;167936;605;0,0016
P30;168960;1024;0,0021
P30;169984;1024;0,0021
P30;171008;1024;0,0021
P30;172032;886;0,0021
M49;173056;1024;0
M49;174080;1024;0
M49;175104;1024;0
M49;176128;1024;0
M49;177152;1024;0
M49;178176;1024;0
M49;179200;1024;0
M49;180224;1024;0
M49;181248;551;0
P29;182272;1024;0,0021
P29;183296;1024;0,0021
P29;184320;1024;0,0021
P29;185344;1024;0,0021
P29;186368;191;0,0021
P31;187392;1024;0,0027
P31;188416;346;0,0027
P32;189440;1024;0,0021
P32;190464;1024;0,0021
P32;191488;1024;0,0021
P32;192512;1024;0,0021
P32;193536;746;0,0021
P33;194560;796;0,0021
P34;195584;1024;0,0021
P34;196608;1024;0,0021
P34;197632;797;0,0021
P35;198656;1024;0,0021
P35;199680;1024;0,0021
P35;200704;1024;0,0021
P35;201728;553;0,0021
P36;202752;1024;0,0021
P36;203776;1024;0,0021
P36;204800;1024;0,0021
P36;205824;397;0,0021
M0;206848;992;0
P37;207872;1024;0,0027
P37;208896;1024;0,0027
P37;209920;238;0,0027
P38;210944;948;0,0027
P39;211968;1024;0,0027
P39;212992;444;0,0027
P40;214016;1024;0,0027
P40;215040;1024;0,0027
P40;216064;1024;0,0027
P40;217088;1024;0,0027
P40;218112;408;0,0027
P41;219136;1024;0,0027
P41;220160;1024;0,0027
P41;221184;1024;0,0027
P41;222208;923;0,0027
P42;223232;1024;0,0027
P42;224256;178;0,0027
P43;225280;959;0,0027
P44;226304;1024;0,0027
P44;227328;1024;0,0027
P44;228352;1024;0,0027
P44;229376;857;0,0027
P45;230400;1024;0,0027
P45;231424;512;0,0027
P46;232448;1024;0,0032
P46;233472;1024;0,0032
P46;234496;229;0,0032
P47;235520;1024;0,0027
P47;236544;1024;0,0027
P47;237568;1024;0,0027
P47;238592;1024;0,0027
P47;239616;647;0,0027
P48;240640;1024;0,0027
P48;241664;1024;0,0027
P48;242688;1024;0,0027
P48;243712;909;0,0027
M32;244736;1024;0
M32;245760;1024;0
M32;246784;1024;0
M32;247808;1024;0
M32;248832;1024;0
M32;249856;1024;0
M32;250880;1024;0
M32;251904;1024;0
M32;252928;1024;0
M32;253952;1024;0
M32;254976;1024;0
M32;256000;1024;0
M32;257024;1024;0
M32;258048;1024;0
M32;259072;1024;0
M32;260096;1024;0
M32;261120;1024;0
M32;262144;1024;0
M32;263168;1024;0
M32;264192;1024;0
M32;265216;1024;0
M32;266240;457;0
P49;267264;1024;0,0032
P49;268288;266;0,0032
P50;269312;1024;0,0027
P50;270336;1024;0,0027
P50;271360;389;0,0027
P51;272384;1024;0,0032
P51;273408;472;0,0032
P52;274432;1024;0,0032
P52;275456;769;0,0032
P53;276480;1024;0,0032
P53;277504;1024;0,0032
P53;278528;1024;0,0032
P53;279552;323;0,0032
P54;280576;1024;0,0032
P54;281600;1024;0,0032
P54;282624;853;0,0032
P55;283648;1024;0,0054
P55;284672;1024;0,0054
P55;285696;1024;0,0054
P55;286720;681;0,0054
P56;287744;365;0,0037
P57;288768;1024;0,0037
P57;289792;1024;0,0037
P57;290816;768;0,0037
P58;291840;477;0,0037
P59;292864;1024;0,0032
P59;293888;1024;0,0032
P59;294912;1024;0,0032
P59;295936;393;0,0032
P60;296960;1017;0,0032
P61;297984;1024;0,0032
P61;299008;1024;0,0032
P61;300032;468;0,0032
P62;301056;1024;0,0032
P62;302080;535;0,0032
P63;303104;1024;0,0037
P63;304128;1024;0,0037
P63;305152;1024;0,0037
P63;306176;1024;0,0037
P63;307200;293;0,0037
P64;308224;1024;0,0037
P64;309248;637;0,0037
P65;310272;1024;0,0037
P65;311296;1024;0,0037
P65;312320;408;0,0037
P67;313344;376;0,0032
P73;314368;457;0,0037
M15;315392;1024;0
M15;316416;1024;0
M15;317440;1024;0
M15;318464;1024;0
M15;319488;1024;0
M15;320512;1024;0
M15;321536;1024;0
M15;322560;1024;0
M15;323584;1024;0
M15;324608;1024;0
M15;325632;1024;0
M15;326656;1024;0
M15;327680;1024;0
M15;328704;1024;0
M15;329728;1024;0
M15;330752;1024;0
M15;331776;1024;0
M15;332800;1024;0
M15;333824;1024;0
M15;334848;1024;0
M15;335872;1024;0
M15;336896;1024;0
M15;337920;1024;0
M15;338944;1024;0
M15;339968;1024;0
M15;340992;1024;0
M15;342016;1024;0
M15;343040;1024;0
M15;344064;1024;0
M15;345088;1024;0
M15;346112;1024;0
M15;347136;1024;0
M15;348160;1024;0
M15;349184;1024;0
M15;350208;1024;0
M15;351232;1024;0
M15;352256;1024;0
M15;353280;1024;0
M15;354304;933;0
P66;355328;1024;0,0043
P66;356352;1024;0,0043
P66;357376;1024;0,0043
P66;358400;218;0,0043
P77;359424;941;0,0043
P79;360448;166;0,0043
M46;361472;1024;0
M46;362496;1024;0
M46;363520;1024;0
M46;364544;1024;0
M46;365568;1024;0
M46;366592;1024;0
M46;367616;1024;0
M46;368640;1024;0
M46;369664;1024;0
M46;370688;1024;0
M46;371712;1024;0
M46;372736;1024;0
M46;373760;1024;0
M46;374784;1024;0
M46;375808;1024;0
M46;376832;1024;0
M46;377856;1024;0
M46;378880;1024;0
M46;379904;757;0
P68;380928;1024;0,0043
P68;381952;1024;0,0043
P68;382976;980;0,0043
P69;384000;1024;0,0043
P69;385024;1024;0,0043
P69;386048;1024;0,0043
P69;387072;1024;0,0043
P69;388096;609;0,0043
P80;389120;162;0,0048
M47;390144;1024;0
M47;391168;1024;0
M47;392192;1024;0
M47;393216;1024;0
M47;394240;1024;0
M47;395264;1024;0
M47;396288;1024;0
M47;397312;1024;0
M47;398336;1024;0
M47;399360;1024;0
M47;400384;1024;0
M47;401408;1024;0
M47;402432;1024;0
M47;403456;1024;0
M47;404480;1024;0
M47;405504;1024;0
M47;406528;1024;0
M47;407552;1024;0
M47;408576;1024;0
M47;409600;1024;0
M47;410624;1024;0
M47;411648;1024;0
M47;412672;1024;0
M47;413696;1024;0
M47;414720;1024;0
M47;415744;999;0
P70;416768;1024;0,0048
P70;417792;1024;0,0048
P70;418816;1024;0,0048
P70;419840;837;0,0048
P71;420864;1024;0,0048
P71;421888;1024;0,0048
P71;422912;43;0,0048
P72;423936;1024;0,0048
P72;424960;1024;0,0048
P72;425984;1024;0,0048
P72;427008;1024;0,0048
P72;428032;431;0,0048
P74;429056;1024;0,0048
P74;430080;1024;0,0048
P74;431104;28;0,0048
P75;432128;1024;0,0054
P75;433152;1024;0,0054
P75;434176;1024;0,0054
P75;435200;621;0,0054
P76;436224;1024;0,0054
P76;437248;1024;0,0054
P76;438272;1024;0,0054
P76;439296;291;0,0054
P78;440320;1024;0,0054
P78;441344;1024;0,0054
P78;442368;1024;0,0054
P78;443392;385;0,0054
P81;444416;1024;0,0054
P81;445440;790;0,0054
P82;446464;754;0,0054
P83;447488;1024;0,0054
P83;448512;234;0,0054
P84;449536;1024;0,0054
P84;450560;669;0,0054
P85;451584;1024;0,0048
P85;452608;1024;0,0048
P85;453632;249;0,0048
P86;454656;1024;0,0054
P86;455680;1024;0,0054
P86;456704;1024;0,0054
P86;457728;1024;0,0054
P86;458752;155;0,0054
P87;459776;1024;0,0059
P87;460800;272;0,0059
P88;461824;1024;0,0054
P88;462848;1024;0,0054
P88;463872;575;0,0054
P89;464896;1024;0,0054
P89;465920;1024;0,0054
P89;466944;1024;0,0054
P89;467968;661;0,0054
P90;468992;1024;0,0054
P90;470016;1024;0,0054
P90;471040;1024;0,0054
P90;472064;4;0,0054
P91;473088;559;0,0054
P92;474112;1024;0,0054
P92;475136;679;0,0054
P93;476160;1024;0,0059
P93;477184;1024;0,0059
P93;478208;153;0,0059
P94;479232;405;0,0054
P95;480256;1024;0,0054
P95;481280;807;0,0054
P96;482304;1024;0,0097
P96;483328;1024;0,0097
P96;484352;232;0,0097
P97;485376;1024;0,0054
P97;486400;509;0,0054
P98;487424;1024;0,0054
P98;488448;1024;0,0054
P98;489472;1024;0,0054
P98;490496;866;0,0054
P99;491520;1024;0,0059
P99;492544;320;0,0059
P100;493568;1024;0,0064
P100;494592;1024;0,0064
P100;495616;850;0,0064
P105;496640;285;0,007
M42;497664;122;0
P101;498688;1024;0,0064
P101;499712;770;0,0064
P102;500736;1024;0,0059
P102;501760;542;0,0059
P103;502784;1024;0,0059
P103;503808;1024;0,0059
P103;504832;1024;0,0059
P103;505856;765;0,0059
P104;506880;1024;0,0059
P104;507904;1019;0,0059
P106;508928;1024;0,0102
P106;509952;607;0,0102
P107;510976;1024;0,0075
P107;512000;185;0,0075
P108;513024;300;0,0059
P109;514048;1024;0,0059
P109;515072;1024;0,0059
P109;516096;1024;0,0059
P109;517120;956;0,0059
P110;518144;1024;0,0064
P110;519168;1024;0,0064
P110;520192;1024;0,0064
P110;521216;833;0,0064
P111;522240;292;0,0059
P112;523264;1024;0,0064
P112;524288;1024;0,0064
P112;525312;1024;0,0064
P112;526336;68;0,0064
P113;527360;1024;0,0064
P113;528384;1024;0,0064
P113;529408;1024;0,0064
P113;530432;707;0,0064
P114;531456;1024;0,0064
P114;532480;635;0,0064
P115;533504;261;0,0064
P119;534528;1024;0,0102
P119;535552;848;0,0102
M37;536576;1024;0
M37;537600;1024;0
M37;538624;1024;0
M37;539648;1024;0
M37;540672;1024;0
M37;541696;1024;0
M37;542720;1024;0
M37;543744;1024;0
M37;544768;1024;0
M37;545792;1024;0
M37;546816;1024;0
M37;547840;1024;0
M37;548864;1024;0
M37;549888;1024;0
M37;550912;1024;0
M37;551936;1024;0
M37;552960;1024;0
M37;553984;1024;0
M37;555008;1024;0
M37;556032;1024;0
M37;557056;649;0
P116;558080;1024;0,0064
P116;559104;1024;0,0064
P116;560128;484;0,0064
P117;561152;1024;0,0064
P117;562176;1024;0,0064
P117;563200;1024;0,0064
P117;564224;838;0,0064
P118;565248;1024;0,0091
P118;566272;1024;0,0091
P118;567296;714;0,0091
P120;568320;1024;0,0108
P120;569344;1024;0,0108
P120;570368;304;0,0108
P121;571392;1024;0,0108
P121;572416;1024;0,0108
P121;573440;1024;0,0108
P121;574464;719;0,0108
P122;575488;1024;0,0108
P122;576512;462;0,0108
P124;577536;337;0,0108
P126;578560;42;0,0108
P127;579584;202;0,0108
M25;580608;1024;0
M25;581632;1024;0
M25;582656;1024;0
M25;583680;1024;0
M25;584704;1024;0
M25;585728;1024;0
M25;586752;1024;0
M25;587776;1024;0
M25;588800;1024;0
M25;589824;1024;0
M25;590848;1024;0
M25;591872;1024;0
M25;592896;1024;0
M25;593920;1024;0
M25;594944;1024;0
M25;595968;1024;0
M25;596992;1024;0
M25;598016;1024;0
M25;599040;1024;0
M25;600064;1024;0
M25;601088;1024;0
M25;602112;1024;0
M25;603136;1024;0
M25;604160;1024;0
M25;605184;1024;0
M25;606208;1024;0
M25;607232;1024;0
M25;608256;1024;0
M25;609280;1024;0
M25;610304;1024;0
M25;611328;1024;0
M25;612352;1024;0
M25;613376;1024;0
M25;614400;1024;0
M25;615424;1024;0
M25;616448;1024;0
M25;617472;1024;0
M25;618496;1024;0
M25;619520;1024;0
M25;620544;346;0
P134;621568;209;0,0118
M7;622592;1024;0
M7;623616;1024;0
M7;624640;1024;0
M7;625664;1024;0
M7;626688;1024;0
M7;627712;1024;0
M7;628736;1024;0
M7;629760;1024;0
M7;630784;1024;0
M7;631808;1024;0
M7;632832;1024;0
M7;633856;1024;0
M7;634880;923;0
P123;635904;1024;0,0118
P123;636928;1024;0,0118
P123;637952;1024;0,0118
P123;638976;106;0,0118
P125;640000;1024;0,0124
P125;641024;1024;0,0124
P125;642048;128;0,0124
P128;643072;1024;0,0124
P128;644096;286;0,0124
P129;645120;1024;0,0124
P129;646144;698;0,0124
P130;647168;1024;0,0124
P130;648192;556;0,0124
P131;649216;1024;0,0118
P131;650240;972;0,0118
P132;651264;1024;0,0124
P132;652288;818;0,0124
P133;653312;1024;0,0124
P133;654336;1024;0,0124
P133;655360;858;0,0124
P135;656384;1024;0,0124
P135;657408;453;0,0124
P136;658432;1024;0,0124
P136;659456;1024;0,0124
P136;660480;1024;0,0124
P136;661504;627;0,0124
P137;662528;1024;0,0108
P137;663552;313;0,0108
P138;664576;604;0,0075
P139;665600;1024;0,0075
P139;666624;1024;0,0075
P139;667648;784;0,0075
P140;668672;62;0,0081
P141;669696;1024;0,0081
P141;670720;1024;0,0081
P141;671744;1024;0,0081
P141;672768;242;0,0081
P142;673792;1024;0,0081
P142;674816;1024;0,0081
P142;675840;1024;0,0081
P142;676864;201;0,0081
P143;677888;1024;0,0081
P143;678912;1024;0,0081
P143;679936;1024;0,0081
P143;680960;418;0,0081
P144;681984;1024;0,0081
P144;683008;173;0,0081
P145;684032;1024;0,0081
P145;685056;319;0,0081
P146;686080;1024;0,0081
P146;687104;1024;0,0081
P146;688128;1024;0,0081
P146;689152;428;0,0081
P147;690176;1024;0,0081
P147;691200;135;0,0081
P148;692224;135;0,0081
P149;693248;1024;0,0081
P149;694272;899;0,0081
P152;695296;1024;0,0081
P152;696320;1024;0,0081
P152;697344;969;0,0081
M33;698368;1024;0
M33;699392;1024;0
M33;700416;1024;0
M33;701440;1024;0
M33;702464;1024;0
M33;703488;1024;0
M33;704512;1024;0
M33;705536;1024;0
M33;706560;1024;0
M33;707584;1024;0
M33;708608;1024;0
M33;709632;1024;0
M33;710656;1024;0
M33;711680;1024;0
M33;712704;1024;0
M33;713728;1024;0
M33;714752;1024;0
M33;715776;1024;0
M33;716800;845;0
P150;717824;1024;0,0086
P150;718848;1024;0,0086
P150;719872;1024;0,0086
P150;720896;365;0,0086
P151;721920;1024;0,0086
P151;722944;1024;0,0086
P151;723968;1024;0,0086
P151;724992;1024;0,0086
P151;726016;289;0,0086
P153;727040;944;0,0081
P154;728064;1024;0,0081
P154;729088;1024;0,0081
P154;730112;1024;0,0081
P154;731136;764;0,0081
P155;732160;1024;0,0086
P155;733184;1024;0,0086
P155;734208;166;0,0086
P156;735232;1024;0,0081
P156;736256;1024;0,0081
P156;737280;163;0,0081
P157;738304;1024;0,0086
P157;739328;1024;0,0086
P157;740352;1024;0,0086
P157;741376;183;0,0086
P160;742400;1024;0,0086
P160;743424;130;0,0086
P161;744448;952;0,0086
M21;745472;1024;0
M21;746496;1024;0
M21;747520;1024;0
M21;748544;1024;0
M21;749568;1024;0
M21;750592;1024;0
M21;751616;1024;0
M21;752640;1024;0
M21;753664;1024;0
M21;754688;1024;0
M21;755712;1024;0
M21;756736;1024;0
M21;757760;1024;0
M21;758784;1024;0
M21;759808;1024;0
M21;760832;1024;0
M21;761856;1024;0
M21;762880;1024;0
M21;763904;1024;0
M21;764928;1024;0
M21;765952;1024;0
M21;766976;1024;0
M21;768000;1024;0
M21;769024;1024;0
M21;770048;1024;0
M21;771072;1024;0
M21;772096;1024;0
M21;773120;1024;0
M21;774144;1024;0
M21;775168;799;0
P158;776192;1024;0,0091
P158;777216;1024;0,0091
P158;778240;1024;0,0091
P158;779264;1024;0,0091
P158;780288;234;0,0091
P159;781312;1024;0,0091
P159;782336;1024;0,0091
P159;783360;1024;0,0091
P159;784384;747;0,0091
P162;785408;1024;0,0086
P162;786432;1024;0,0086
P162;787456;261;0,0086
P163;788480;1024;0,0091
P163;789504;1024;0,0091
P163;790528;932;0,0091
P164;791552;1024;0,0091
P164;792576;1024;0,0091
P164;793600;240;0,0091
P165;794624;1024;0,0091
P165;795648;749;0,0091
P166;796672;1024;0,0091
P166;797696;1024;0,0091
P166;798720;796;0,0091
P167;799744;171;0,0091
P168;800768;1024;0,0091
P168;801792;1024;0,0091
P168;802816;1024;0,0091
P168;803840;311;0,0091
P169;804864;148;0,0091
P170;805888;1009;0,0091
P176;806912;441;0,0097
M31;807936;1024;0
M31;808960;1024;0
M31;809984;1024;0
M31;811008;1024;0
M31;812032;1024;0
M31;813056;1024;0
M31;814080;1024;0
M31;815104;1024;0
M31;816128;1024;0
M31;817152;1024;0
M31;818176;1024;0
M31;819200;1024;0
M31;820224;1024;0
M31;821248;1024;0
M31;822272;1024;0
M31;823296;1024;0
M31;824320;1024;0
M31;825344;1024;0
M31;826368;1024;0
M31;827392;1024;0
M31;828416;81;0
P171;829440;1024;0,0097
P171;830464;86;0,0097
P172;831488;1024;0,0097
P172;832512;1024;0,0097
P172;833536;1024;0,0097
P172;834560;56;0,0097
P173;835584;1024;0,0097
P173;836608;1024;0,0097
P173;837632;1024;0,0097
P173;838656;1024;0,0097
P173;839680;116;0,0097
P174;840704;1024;0,0097
P174;841728;693;0,0097
P175;842752;1024;0,0097
P175;843776;1024;0,0097
P175;844800;1024;0,0097
P175;845824;276;0,0097
P177;846848;1024;0,0097
P177;847872;1024;0,0097
P177;848896;298;0,0097
P178;849920;1024;0,0097
P178;850944;838;0,0097
P179;851968;1024;0,0102
P179;852992;1024;0,0102
P179;854016;1024;0,0102
P179;855040;247;0,0102
P180;856064;1024;0,0102
P180;857088;1024;0,0102
P180;858112;929;0,0102
P181;859136;1024;0,0097
P181;860160;1024;0,0097
P181;861184;1024;0,0097
P181;862208;132;0,0097
M6;863232;1024;0
M6;864256;1024;0
M6;865280;1024;0
M6;866304;1024;0
M6;867328;1024;0
M6;868352;1024;0
M6;869376;1024;0
M6;870400;1024;0
M6;871424;1024;0
M6;872448;1024;0
M6;873472;1024;0
M6;874496;1024;0
M6;875520;1024;0
M6;876544;1024;0
M6;877568;1024;0
M6;878592;1024;0
M6;879616;1024;0
M6;880640;1024;0
M6;881664;1024;0
M6;882688;1024;0
M6;883712;1024;0
M6;884736;1024;0
M6;885760;1024;0
M6;886784;1024;0
M6;887808;1024;0
M6;888832;1024;0
M6;889856;1024;0
M6;890880;1024;0
M6;891904;1024;0
M6;892928;1024;0
M6;893952;1024;0
M6;894976;1024;0
M6;896000;581;0
P182;897024;61;0,0102
P183;898048;1024;0,0102
P183;899072;1024;0,0102
P183;900096;1024;0,0102
P183;901120;591;0,0102
P184;902144;1024;0,0102
P184;903168;1024;0,0102
P184;904192;539;0,0102
P185;905216;1024;0,0102
P185;906240;508;0,0102
P186;907264;1024;0,0102
P186;908288;1024;0,0102
P186;909312;1024;0,0102
P186;910336;166;0,0102
P187;911360;829;0,0102
P188;912384;1024;0,0108
P188;913408;1024;0,0108
P188;914432;1024;0,0108
P188;915456;228;0,0108
P189;916480;1024;0,0108
P189;917504;1024;0,0108
P189;918528;258;0,0108
P190;919552;1024;0,0102
P190;920576;1024;0,0102
P190;921600;1024;0,0102
P190;922624;431;0,0102
P191;923648;351;0,0108
P192;924672;1024;0,0108
P192;925696;292;0,0108
P193;926720;1024;0,0108
P193;927744;1024;0,0108
P193;928768;1024;0,0108
P193;929792;294;0,0108
P194;930816;896;0,0102
P195;931840;210;0,0108
P196;932864;1024;0,0108
P196;933888;62;0,0108
P197;934912;1024;0,0108
P197;935936;1024;0,0108
P197;936960;1024;0,0108
P197;937984;561;0,0108
P198;939008;1024;0,0108
P198;940032;1024;0,0108
P198;941056;679;0,0108
P199;942080;1024;0,0108
P199;943104;1024;0,0108
P199;944128;1024;0,0108
P199;945152;74;0,0108
P200;946176;1024;0,0108
P200;947200;998;0,0108
P202;948224;839;0,0108
M4;949248;1024;0
M4;950272;1024;0
M4;951296;1024;0
M4;952320;1024;0
M4;953344;1024;0
M4;954368;1024;0
M4;955392;1024;0
M4;956416;1024;0
M4;957440;1024;0
M4;958464;1024;0
M4;959488;1024;0
M4;960512;1024;0
M4;961536;1024;0
M4;962560;28;0
P201;963584;1024;0,0113
P201;964608;1024;0,0113
P201;965632;1024;0,0113
P201;966656;1024;0,0113
P201;967680;83;0,0113
P203;968704;1024;0,014
P203;969728;1024;0,014
P203;970752;124;0,014
P204;971776;1024;0,0113
P204;972800;97;0,0113
P205;973824;1024;0,0113
P205;974848;1024;0,0113
P205;975872;914;0,0113
P206;976896;1024;0,0113
P206;977920;1024;0,0113
P206;978944;1024;0,0113
P206;979968;334;0,0113
M13;980992;1024;0
M13;982016;924;0
P207;983040;388;0,0113
P208;984064;1024;0,0113
P208;985088;644;0,0113
P209;986112;1024;0,0113
P209;987136;1024;0,0113
P209;988160;1024;0,0113
P209;989184;915;0,0113
P210;990208;1024;0,0113
P210;991232;255;0,0113
P211;992256;890;0,0113
P212;993280;739;0,0113
P213;994304;1024;0,0113
P213;995328;1024;0,0113
P213;996352;92;0,0113
P214;997376;844;0,0113
P215;998400;1024;0,0113
P215;999424;1024;0,0113
P215;1000448;736;0,0113
P216;1001472;319;0,0113
P217;1002496;686;0,0113
P220;1003520;974;0,0113
M11;1004544;1024;0
M11;1005568;1024;0
M11;1006592;1024;0
M11;1007616;1024;0
M11;1008640;1024;0
M11;1009664;1024;0
M11;1010688;1024;0
M11;1011712;1024;0
M11;1012736;1024;0
M11;1013760;1024;0
M11;1014784;1024;0
M11;1015808;1024;0
M11;1016832;1024;0
M11;1017856;1024;0
M11;1018880;1024;0
M11;1019904;1024;0
M11;1020928;1024;0
M11;1021952;986;0
P218;1022976;1024;0,0118
P218;1024000;1024;0,0118
P218;1025024;630;0,0118
P219;1026048;1024;0,0113
P219;1027072;873;0,0113
P221;1028096;858;0,0118
P222;1029120;618;0,0113
P223;1030144;1024;0,0118
P223;1031168;1024;0,0118
P223;1032192;1024;0,0118
P223;1033216;825;0,0118
P224;1034240;1024;0,0118
P224;1035264;869;0,0118
P225;1036288;1024;0,0113
P225;1037312;1024;0,0113
P225;1038336;442;0,0113
P226;1039360;1024;0,0118
P226;1040384;1024;0,0118
P226;1041408;424;0,0118
P227;1042432;1024;0,0118
P227;1043456;1024;0,0118
P227;1044480;266;0,0118
P228;1045504;215;0,0118
P229;1046528;1024;0,0118
P229;1047552;154;0,0118
P230;1048576;1024;0,0124
P230;1049600;1024;0,0124
P230;1050624;293;0,0124
P231;1051648;512;0,0124
P232;1052672;1024;0,0118
P232;1053696;1024;0,0118
P232;1054720;1024;0,0118
P232;1055744;796;0,0118
P233;1056768;1024;0,0118
P233;1057792;63;0,0118
P234;1058816;74;0,0118
P235;1059840;1024;0,0118
P235;1060864;1024;0,0118
P235;1061888;627;0,0118
P236;1062912;355;0,0118
P237;1063936;371;0,0124
P238;1064960;1024;0,0124
P238;1065984;518;0,0124
P239;1067008;1024;0,0124
P239;1068032;1024;0,0124
P239;1069056;728;0,0124
P240;1070080;579;0,0124
P241;1071104;1024;0,0118
P241;1072128;1024;0,0118
P241;1073152;1024;0,0118
P241;1074176;453;0,0118
M41;1075200;1024;0
M41;1076224;1024;0
M41;1077248;1024;0
M41;1078272;408;0
P242;1079296;1024;0,0124
P242;1080320;1024;0,0124
P242;1081344;1024;0,0124
P242;1082368;69;0,0124
P243;1083392;390;0,0124
P244;1084416;340;0,0124
P245;1085440;1024;0,0124
P245;1086464;1024;0,0124
P245;1087488;1024;0,0124
P245;1088512;376;0,0124
P246;1089536;1024;0,0124
P246;1090560;1024;0,0124
P246;1091584;342;0,0124
P249;1092608;367;0,0124
M18;1093632;1024;0
M18;1094656;1024;0
M18;1095680;126;0
P247;1096704;1024;0,0129
P247;1097728;1024;0,0129
P247;1098752;131;0,0129
P248;1099776;1024;0,0124
P248;1100800;1024;0,0124
P248;1101824;1024;0,0124
P248;1102848;847;0,0124
P250;1103872;756;0,0129
P251;1104896;1024;0,0129
P251;1105920;923;0,0129
P252;1106944;985;0,0124
P253;1107968;1024;0,0124
P253;1108992;1024;0,0124
P253;1110016;1024;0,0124
P253;1111040;89;0,0124
P254;1112064;1024;0,0124
P254;1113088;1024;0,0124
P254;1114112;250;0,0124
P255;1115136;1024;0,0124
P255;1116160;1024;0,0124
P255;1117184;1024;0,0124
P255;1118208;162;0,0124
P256;1119232;410;0,0129
P257;1120256;854;0,0129
P258;1121280;1024;0,0129
P258;1122304;1024;0,0129
P258;1123328;64;0,0129
P259;1124352;1024;0,0124
P259;1125376;363;0,0124
P260;1126400;1024;0,0129
P260;1127424;1024;0,0129
P260;1128448;623;0,0129
P261;1129472;1024;0,0129
P261;1130496;1024;0,0129
P261;1131520;881;0,0129
P262;1132544;920;0,0124
P263;1133568;990;0,0129
P264;1134592;736;0,0129
P265;1135616;63;0,0129
P266;1136640;296;0,0129
P267;1137664;1024;0,0129
P267;1138688;1024;0,0129
P267;1139712;318;0,0129
P268;1140736;318;0,0129
P269;1141760;1024;0,0129
P269;1142784;1024;0,0129
P269;1143808;252;0,0129
P270;1144832;369;0,0129
P271;1145856;1024;0,0129
P271;1146880;322;0,0129
P272;1147904;1024;0,0129
P272;1148928;459;0,0129
P273;1149952;1024;0,0135
P273;1150976;1024;0,0135
P273;1152000;1024;0,0135
P273;1153024;283;0,0135
P274;1154048;1024;0,0135
P274;1155072;460;0,0135
P275;1156096;1024;0,0135
P275;1157120;1024;0,0135
P275;1158144;922;0,0135
P276;1159168;40;0,0135
P277;1160192;95;0,0135
P278;1161216;314;0,0129
P279;1162240;772;0,0135
P280;1163264;1024;0,0135
P280;1164288;386;0,0135
P281;1165312;1024;0,0135
P281;1166336;1024;0,0135
P281;1167360;1024;0,0135
P281;1168384;612;0,0135
P282;1169408;1024;0,0156
P282;1170432;789;0,0156
P283;1171456;83;0,0135
P284;1172480;903;0,0135
P285;1173504;1024;0,0129
P285;1174528;1024;0,0129
P285;1175552;325;0,0129
P286;1176576;1024;0,0135
P286;1177600;987;0,0135
P287;1178624;1024;0,0135
P287;1179648;83;0,0135
P288;1180672;1024;0,0135
P288;1181696;1024;0,0135
P288;1182720;1024;0,0135
P288;1183744;635;0,0135
P289;1184768;644;0,0135
P290;1185792;599;0,0135
M23;1186816;1024;0
M23;1187840;1024;0
M23;1188864;515;0
P291;1189888;1024;0,0135
P291;1190912;1024;0,0135
P291;1191936;1024;0,0135
P291;1192960;26;0,0135
P292;1193984;771;0,0135
P293;1195008;152;0,0135
P294;1196032;27;0,0135
P295;1197056;1024;0,014
P295;1198080;1024;0,014
P295;1199104;1024;0,014
P295;1200128;244;0,014
P296;1201152;1024;0,014
P296;1202176;1024;0,014
P296;1203200;295;0,014
P297;1204224;1024;0,014
P297;1205248;552;0,014
P298;1206272;1024;0,0135
P298;1207296;1008;0,0135
M5;1208320;1024;0
M5;1209344;1024;0
M5;1210368;1024;0
M5;1211392;1024;0
M5;1212416;1024;0
M5;1213440;1024;0
M5;1214464;1024;0
M5;1215488;1024;0
M5;1216512;1024;0
M5;1217536;1024;0
M5;1218560;1024;0
M5;1219584;1024;0
M5;1220608;1024;0
M5;1221632;1024;0
M5;1222656;1024;0
M5;1223680;1024;0
M5;1224704;1024;0
M5;1225728;1024;0
M5;1226752;1024;0
M5;1227776;1024;0
M5;1228800;1024;0
M5;1229824;1024;0
M5;1230848;1024;0
M5;1231872;1024;0
M5;1232896;1024;0
M5;1233920;1024;0
M5;1234944;1024;0
M5;1235968;1024;0
M5;1236992;1024;0
M5;1238016;1024;0
M5;1239040;1024;0
M5;1240064;1024;0
M5;1241088;1024;0
M5;1242112;1024;0
M5;1243136;1024;0
M5;1244160;1024;0
M5;1245184;1024;0
M5;1246208;1024;0
M5;1247232;1024;0
M5;1248256;154;0
P299;1249280;1024;0,014
P299;1250304;1024;0,014
P299;1251328;1024;0,014
P299;1252352;733;0,014
P300;1253376;64;0,014
P301;1254400;1024;0,014
P301;1255424;1024;0,014
P301;1256448;337;0,014
P302;1257472;416;0,014
P303;1258496;1024;0,0145
P303;1259520;1024;0,0145
P303;1260544;1024;0,0145
P303;1261568;416;0,0145
P304;1262592;585;0,0145
P305;1263616;1024;0,0145
P305;1264640;700;0,0145
P306;1265664;1024;0,0145
P306;1266688;1024;0,0145
P306;1267712;551;0,0145
P307;1268736;1024;0,0145
P307;1269760;1024;0,0145
P307;1270784;735;0,0145
P308;1271808;1024;0,0145
P308;1272832;632;0,0145
P309;1273856;1024;0,0145
P309;1274880;315;0,0145
P310;1275904;779;0,0145
P311;1276928;1024;0,0145
P311;1277952;907;0,0145
P312;1278976;1024;0,0145
P312;1280000;1;0,0145
P313;1281024;1024;0,0145
P313;1282048;786;0,0145
P314;1283072;1024;0,0145
P314;1284096;417;0,0145
P315;1285120;581;0,0145
M44;1286144;1024;0
M44;1287168;1024;0
M44;1288192;1024;0
M44;1289216;1024;0
M44;1290240;225;0
P316;1291264;1024;0,0145
P316;1292288;1024;0,0145
P316;1293312;888;0,0145
P317;1294336;868;0,0151
P318;1295360;1024;0,0145
P318;1296384;1024;0,0145
P318;1297408;1024;0,0145
P318;1298432;564;0,0145
P319;1299456;1024;0,0145
P319;1300480;534;0,0145
P320;1301504;1024;0,0145
P320;1302528;783;0,0145
P321;1303552;1024;0,0145
P321;1304576;1024;0,0145
P321;1305600;953;0,0145
P322;1306624;1024;0,0145
P322;1307648;1024;0,0145
P322;1308672;404;0,0145
P323;1309696;1024;0,0145
P323;1310720;1024;0,0145
P323;1311744;1024;0,0145
P323;1312768;389;0,0145
P324;1313792;1024;0,0151
P324;1314816;586;0,0151
P325;1315840;1024;0,0151
P325;1316864;102;0,0151
P326;1317888;534;0,0145
P327;1318912;1024;0,0145
P327;1319936;241;0,0145
P328;1320960;1024;0,0151
P328;1321984;1024;0,0151
P328;1323008;1024;0,0151
P328;1324032;98;0,0151
P329;1325056;1024;0,0151
P329;1326080;944;0,0151
P330;1327104;563;0,0151
P331;1328128;1024;0,0151
P331;1329152;1024;0,0151
P331;1330176;219;0,0151
P332;1331200;1024;0,0151
P332;1332224;850;0,0151
P333;1333248;363;0,0151
P334;1334272;673;0,0151
P335;1335296;1024;0,0156
P335;1336320;1024;0,0156
P335;1337344;727;0,0156
P347;1338368;305;0,0151
M30;1339392;1024;0
M30;1340416;1024;0
M30;1341440;1024;0
M30;1342464;1024;0
M30;1343488;1024;0
M30;1344512;1024;0
M30;1345536;1024;0
M30;1346560;1024;0
M30;1347584;1024;0
M30;1348608;1024;0
M30;1349632;1024;0
M30;1350656;1024;0
M30;1351680;1024;0
M30;1352704;1024;0
M30;1353728;1024;0
M30;1354752;1024;0
M30;1355776;1024;0
M30;1356800;1024;0
M30;1357824;1024;0
M30;1358848;1024;0
M30;1359872;1024;0
M30;1360896;1024;0
M30;1361920;1024;0
M30;1362944;1024;0
M30;1363968;1024;0
M30;1364992;1024;0
M30;1366016;1024;0
M30;1367040;1024;0
M30;1368064;1024;0
M30;1369088;195;0
P336;1370112;1024;0,0156
P336;1371136;1024;0,0156
P336;1372160;1024;0,0156
P336;1373184;28;0,0156
P337;1374208;1024;0,0156
P337;1375232;1024;0,0156
P337;1376256;34;0,0156
P338;1377280;1024;0,0162
P338;1378304;1024;0,0162
P338;1379328;1024;0,0162
P338;1380352;169;0,0162
P339;1381376;1024;0,0156
P339;1382400;1024;0,0156
P339;1383424;889;0,0156
P340;1384448;1024;0,0162
P340;1385472;1024;0,0162
P340;1386496;1024;0,0162
P340;1387520;92;0,0162
P341;1388544;1024;0,0162
P341;1389568;1024;0,0162
P341;1390592;175;0,0162
P342;1391616;1024;0,0162
P342;1392640;1024;0,0162
P342;1393664;1024;0,0162
P342;1394688;491;0,0162
P343;1395712;1024;0,0162
P343;1396736;1024;0,0162
P343;1397760;352;0,0162
P344;1398784;1024;0,0162
P344;1399808;922;0,0162
P345;1400832;1024;0,0162
P345;1401856;1024;0,0162
P345;1402880;625;0,0162
P346;1403904;1024;0,0162
P346;1404928;1024;0,0162
P346;1405952;1024;0,0162
P346;1406976;77;0,0162
P348;1408000;1024;0,0162
P348;1409024;356;0,0162
P349;1410048;1024;0,0183
P349;1411072;634;0,0183
P350;1412096;418;0,0162
P351;1413120;1024;0,0156
P351;1414144;837;0,0156
P352;1415168;825;0,0162
P353;1416192;1024;0,0162
P353;1417216;1024;0,0162
P353;1418240;1024;0,0162
P353;1419264;481;0,0162
P354;1420288;704;0,0162
P355;1421312;1024;0,0162
P355;1422336;722;0,0162
P356;1423360;1024;0,0162
P356;1424384;1024;0,0162
P356;1425408;1024;0,0162
P356;1426432;45;0,0162
P357;1427456;1024;0,0162
P357;1428480;92;0,0162
P358;1429504;1024;0,0162
P358;1430528;214;0,0162
P359;1431552;1024;0,0167
P359;1432576;1024;0,0167
P359;1433600;1024;0,0167
P359;1434624;143;0,0167
P360;1435648;1024;0,0167
P360;1436672;1024;0,0167
P360;1437696;1024;0,0167
P360;1438720;230;0,0167
P361;1439744;723;0,0172
P363;1440768;17;0,0162
M34;1441792;1024;0
M34;1442816;1024;0
M34;1443840;1024;0
M34;1444864;1024;0
M34;1445888;1024;0
M34;1446912;1024;0
M34;1447936;1024;0
M34;1448960;1024;0
M34;1449984;1024;0
M34;1451008;1024;0
M34;1452032;1024;0
M34;1453056;635;0
P362;1454080;1024;0,0167
P362;1455104;1024;0,0167
P362;1456128;127;0,0167
P364;1457152;619;0,0167
P365;1458176;1024;0,0167
P365;1459200;40;0,0167
P366;1460224;1024;0,0167
P366;1461248;1024;0,0167
P366;1462272;255;0,0167
P367;1463296;1024;0,0167
P367;1464320;143;0,0167
P368;1465344;765;0,0167
P369;1466368;1024;0,0167
P369;1467392;271;0,0167
P370;1468416;622;0,0167
P371;1469440;1024;0,0167
P371;1470464;708;0,0167
P372;1471488;1024;0,0167
P372;1472512;1024;0,0167
P372;1473536;427;0,0167
P373;1474560;1024;0,0167
P373;1475584;1024;0,0167
P373;1476608;1024;0,0167
P373;1477632;310;0,0167
P374;1478656;173;0,0172
P375;1479680;1024;0,0172
P375;1480704;1024;0,0172
P375;1481728;1024;0,0172
P375;1482752;353;0,0172
P376;1483776;1024;0,0302
P376;1484800;1024;0,0302
P376;1485824;739;0,0302
P377;1486848;1024;0,0178
P377;1487872;469;0,0178
P378;1488896;1024;0,0167
P378;1489920;1024;0,0167
P378;1490944;1024;0,0167
P378;1491968;457;0,0167
P379;1492992;1024;0,0167
P379;1494016;548;0,0167
P380;1495040;1024;0,0232
P380;1496064;1024;0,0232
P380;1497088;715;0,0232
P381;1498112;543;0,0167
P382;1499136;1024;0,0172
P382;1500160;349;0,0172
P383;1501184;1024;0,0275
P383;1502208;1024;0,0275
P383;1503232;50;0,0275
M36;1504256;1024;0
M36;1505280;1024;0
M36;1506304;1024;0
M36;1507328;138;0
P387;1508352;284;0,028
M8;1509376;1024;0
M8;1510400;1024;0
M8;1511424;1024;0
M8;1512448;1024;0
M8;1513472;1024;0
M8;1514496;1024;0
M8;1515520;1024;0
M8;1516544;1024;0
M8;1517568;1024;0
M8;1518592;1024;0
M8;1519616;1024;0
M8;1520640;1024;0
M8;1521664;1024;0
M8;1522688;1024;0
M8;1523712;1024;0
M8;1524736;230;0
P385;1525760;1024;0,0286
P385;1526784;1024;0,0286
P385;1527808;688;0,0286
M38;1528832;1024;0
M38;1529856;1024;0
M38;1530880;1024;0
M38;1531904;1024;0
M38;1532928;1024;0
M38;1533952;1024;0
M38;1534976;1024;0
M38;1536000;1024;0
M38;1537024;1024;0
M38;1538048;1024;0
M38;1539072;1024;0
M38;1540096;1024;0
M38;1541120;1024;0
M38;1542144;1024;0
M38;1543168;1024;0
M38;1544192;1024;0
M38;1545216;1024;0
M38;1546240;1024;0
M38;1547264;1024;0
M38;1548288;1024;0
M38;1549312;1024;0
M38;1550336;1024;0
M38;1551360;1024;0
M38;1552384;1024;0
M38;1553408;1024;0
M38;1554432;1024;0
M38;1555456;1024;0
M38;1556480;1024;0
M38;1557504;1024;0
M38;1558528;1024;0
M38;1559552;1024;0
M38;1560576;563;0
P384;1561600;1024;0,0318
P384;1562624;1024;0,0318
P384;1563648;1024;0,0318
P384;1564672;319;0,0318
P386;1565696;1024;0,0291
P386;1566720;1024;0,0291
P386;1567744;206;0,0291
P388;1568768;56;0,0302
P389;1569792;1024;0,0302
P389;1570816;661;0,0302
P390;1571840;1024;0,0291
P390;1572864;1024;0,0291
P390;1573888;36;0,0291
P391;1574912;1024;0,0291
P391;1575936;1024;0,0291
P391;1576960;1024;0,0291
P391;1577984;125;0,0291
P392;1579008;1024;0,0297
P392;1580032;1024;0,0297
P392;1581056;1024;0,0297
P392;1582080;249;0,0297
P393;1583104;1024;0,0297
P393;1584128;382;0,0297
M1;1585152;1024;0
M1;1586176;1024;0
M1;1587200;1024;0
M1;1588224;1024;0
M1;1589248;1024;0
M1;1590272;1024;0
M1;1591296;1024;0
M1;1592320;1024;0
M1;1593344;1024;0
M1;1594368;1024;0
M1;1595392;1024;0
M1;1596416;1024;0
M1;1597440;1024;0
M1;1598464;1024;0
M1;1599488;1024;0
M1;1600512;1024;0
M1;1601536;1024;0
M1;1602560;1024;0
M1;1603584;1024;0
M1;1604608;1024;0
M1;1605632;1024;0
M1;1606656;1024;0
M1;1607680;1024;0
M1;1608704;1024;0
M1;1609728;1024;0
M1;1610752;1024;0
M1;1611776;1024;0
M1;1612800;1024;0
M1;1613824;1024;0
M1;1614848;1024;0
M1;1615872;1024;0
M1;1616896;1024;0
M1;1617920;1024;0
M1;1618944;1024;0
M1;1619968;1024;0
M1;1620992;1024;0
M1;1622016;1024;0
M1;1623040;765;0
P394;1624064;1024;0,0297
P394;1625088;247;0,0297
P395;1626112;1024;0,0318
P395;1627136;1024;0,0318
P395;1628160;214;0,0318
P396;1629184;1024;0,0351
P396;1630208;222;0,0351
P397;1631232;1024;0,0302
P397;1632256;484;0,0302
P398;1633280;88;0,0324
P399;1634304;1024;0,0361
P399;1635328;836;0,0361
P400;1636352;1024;0,0264
P400;1637376;1024;0,0264
P400;1638400;997;0,0264
P401;1639424;58;0,0243
P402;1640448;972;0,0189
P403;1641472;1024;0,0183
P403;1642496;1024;0,0183
P403;1643520;812;0,0183
P404;1644544;993;0,0189
P405;1645568;1024;0,0253
P405;1646592;1024;0,0253
P405;1647616;1024;0,0253
P405;1648640;134;0,0253
P406;1649664;1024;0,0183
P406;1650688;1024;0,0183
P406;1651712;383;0,0183
P407;1652736;283;0,0189
P408;1653760;1024;0,0189
P408;1654784;1024;0,0189
P408;1655808;1024;0,0189
P408;1656832;10;0,0189
P409;1657856;1024;0,0189
P409;1658880;1024;0,0189
P409;1659904;1024;0,0189
P409;1660928;29;0,0189
P410;1661952;1024;0,0189
P410;1662976;593;0,0189
P411;1664000;1024;0,0194
P411;1665024;441;0,0194
P412;1666048;1024;0,0189
P412;1667072;517;0,0189
P413;1668096;1024;0,0189
P413;1669120;1024;0,0189
P413;1670144;84;0,0189
P417;1671168;450;0,0189
M45;1672192;1024;0
M45;1673216;1024;0
M45;1674240;1024;0
M45;1675264;1024;0
M45;1676288;296;0
P414;1677312;1024;0,0194
P414;1678336;976;0,0194
P415;1679360;1024;0,0194
P415;1680384;142;0,0194
P416;1681408;1024;0,0194
P416;1682432;1024;0,0194
P416;1683456;310;0,0194
P418;1684480;1024;0,0189
P418;1685504;151;0,0189
P419;1686528;1024;0,0189
P419;1687552;1024;0,0189
P419;1688576;1002;0,0189
P420;1689600;1024;0,0194
P420;1690624;1024;0,0194
P420;1691648;622;0,0194
P421;1692672;1024;0,0194
P421;1693696;1024;0,0194
P421;1694720;1024;0,0194
P421;1695744;333;0,0194
P422;1696768;1024;0,0194
P422;1697792;1024;0,0194
P422;1698816;162;0,0194
P423;1699840;1024;0,0194
P423;1700864;989;0,0194
P424;1701888;452;0,0194
P425;1702912;1024;0,0194
P425;1703936;390;0,0194
P426;1704960;1024;0,0194
P426;1705984;1024;0,0194
P426;1707008;1024;0,0194
P426;1708032;278;0,0194
P427;1709056;1024;0,0194
P427;1710080;1024;0,0194
P427;1711104;152;0,0194
P428;1712128;1024;0,0194
P428;1713152;516;0,0194
P429;1714176;1024;0,0194
P429;1715200;901;0,0194
P430;1716224;1024;0,0194
P430;1717248;1024;0,0194
P430;1718272;513;0,0194
P431;1719296;1024;0,0194
P431;1720320;1024;0,0194
P431;1721344;900;0,0194
P432;1722368;1024;0,0199
P432;1723392;1024;0,0199
P432;1724416;544;0,0199
P433;1725440;1024;0,0194
P433;1726464;1024;0,0194
P433;1727488;203;0,0194
P434;1728512;1024;0,0194
P434;1729536;1024;0,0194
P434;1730560;808;0,0194
P435;1731584;1024;0,0194
P435;1732608;309;0,0194
P436;1733632;1024;0,0194
P436;1734656;249;0,0194
P437;1735680;1024;0,0199
P437;1736704;1024;0,0199
P437;1737728;1024;0,0199
P437;1738752;55;0,0199
P438;1739776;1024;0,0199
P438;1740800;939;0,0199
P439;1741824;1024;0,0199
P439;1742848;1024;0,0199
P439;1743872;1024;0,0199
P439;1744896;15;0,0199
P440;1745920;34;0,0194
P441;1746944;1024;0,0226
P441;1747968;558;0,0226
P442;1748992;1024;0,0199
P442;1750016;1024;0,0199
P442;1751040;1024;0,0199
P442;1752064;174;0,0199
P443;1753088;1024;0,0199
P443;1754112;1024;0,0199
P443;1755136;992;0,0199
P444;1756160;85;0,0199
P445;1757184;1024;0,0199
P445;1758208;1024;0,0199
P445;1759232;520;0,0199
P446;1760256;302;0,0259
P447;1761280;532;0,0205
M35;1762304;1024;0
M35;1763328;1024;0
M35;1764352;1024;0
M35;1765376;1024;0
M35;1766400;1024;0
M35;1767424;685;0
P448;1768448;1024;0,0205
P448;1769472;1024;0,0205
P448;1770496;749;0,0205
P449;1771520;1024;0,0221
P449;1772544;1024;0,0221
P449;1773568;395;0,0221
M17;1774592;1024;0
M17;1775616;1024;0
M17;1776640;1024;0
M17;1777664;1024;0
M17;1778688;1024;0
M17;1779712;1024;0
M17;1780736;1024;0
M17;1781760;1024;0
M17;1782784;993;0
P450;1783808;1024;0,0264
P450;1784832;1024;0,0264
P450;1785856;174;0,0264
P451;1786880;1024;0,0351
P451;1787904;895;0,0351
P452;1788928;1024;0,0307
P452;1789952;1024;0,0307
P452;1790976;400;0,0307
P453;1792000;130;0,0291
P454;1793024;946;0,0205
P455;1794048;1024;0,0205
P455;1795072;1024;0,0205
P455;1796096;77;0,0205
P456;1797120;1024;0,0199
P456;1798144;835;0,0199
P457;1799168;1024;0,0205
P457;1800192;1024;0,0205
P457;1801216;132;0,0205
P458;1802240;1024;0,0248
P458;1803264;1024;0,0248
P458;1804288;902;0,0248
P459;1805312;54;0,0351
P460;1806336;1024;0,021
P460;1807360;415;0,021
P461;1808384;1024;0,0205
P461;1809408;1024;0,0205
P461;1810432;883;0,0205
P462;1811456;1024;0,0205
P462;1812480;1024;0,0205
P462;1813504;121;0,0205
P463;1814528;1024;0,0205
P463;1815552;1024;0,0205
P463;1816576;769;0,0205
P464;1817600;1024;0,0243
P464;1818624;1024;0,0243
P464;1819648;585;0,0243
P465;1820672;1024;0,027
P465;1821696;1024;0,027
P465;1822720;122;0,027
P466;1823744;46;0,0205
P467;1824768;934;0,0205
P468;1825792;1024;0,027
P468;1826816;1024;0,027
P468;1827840;381;0,027
P469;1828864;1024;0,021
P469;1829888;295;0,021
P470;1830912;349;0,021
P471;1831936;1024;0,021
P471;1832960;1024;0,021
P471;1833984;1024;0,021
P471;1835008;41;0,021
P472;1836032;1024;0,021
P472;1837056;1024;0,021
P472;1838080;431;0,021
P473;1839104;1024;0,0205
P473;1840128;653;0,0205
P474;1841152;1024;0,0264
P474;1842176;1024;0,0264
P474;1843200;111;0,0264
P475;1844224;1024;0,0205
P475;1845248;1024;0,0205
P475;1846272;120;0,0205
P476;1847296;343;0,021
P477;1848320;1024;0,0221
P477;1849344;1024;0,0221
P477;1850368;5;0,0221
P478;1851392;1024;0,0253
P478;1852416;1024;0,0253
P478;1853440;814;0,0253
P479;1854464;1024;0,021
P479;1855488;533;0,021
P480;1856512;1024;0,021
P480;1857536;919;0,021
P481;1858560;1024;0,0259
P481;1859584;1024;0,0259
P481;1860608;593;0,0259
P482;1861632;267;0,0216
P483;1862656;925;0,021
P484;1863680;25;0,0297
P485;1864704;1024;0,0253
P485;1865728;1024;0,0253
P485;1866752;272;0,0253
P488;1867776;848;0,021
M24;1868800;1024;0
M24;1869824;1024;0
M24;1870848;1024;0
M24;1871872;1024;0
M24;1872896;1024;0
M24;1873920;1024;0
M24;1874944;1024;0
M24;1875968;1024;0
M24;1876992;1024;0
M24;1878016;1024;0
M24;1879040;1024;0
M24;1880064;1024;0
M24;1881088;1024;0
M24;1882112;1024;0
M24;1883136;1024;0
M24;1884160;1024;0
M24;1885184;1024;0
M24;1886208;1024;0
M24;1887232;1024;0
M24;1888256;1024;0
M24;1889280;1024;0
M24;1890304;1024;0
M24;1891328;1024;0
M24;1892352;1024;0
M24;1893376;1024;0
M24;1894400;1024;0
M24;1895424;1024;0
M24;1896448;1024;0
M24;1897472;1024;0
M24;1898496;1024;0
M24;1899520;1024;0
M24;1900544;1024;0
M24;1901568;1024;0
M24;1902592;1024;0
M24;1903616;1024;0
M24;1904640;1024;0
M24;1905664;1024;0
M24;1906688;1024;0
M24;1907712;558;0
P486;1908736;1024;0,0216
P486;1909760;1024;0,0216
P486;1910784;332;0,0216
P487;1911808;1024;0,0216
P487;1912832;1024;0,0216
P487;1913856;528;0,0216
P489;1914880;1024;0,0259
P489;1915904;1024;0,0259
P489;1916928;118;0,0259
P490;1917952;1024;0,0216
P490;1918976;1024;0,0216
P490;1920000;819;0,0216
P491;1921024;1024;0,0221
P491;1922048;792;0,0221
P492;1923072;973;0,0253
P493;1924096;1024;0,0221
P493;1925120;52;0,0221
P494;1926144;499;0,0221
P495;1927168;1024;0,0216
P495;1928192;1024;0,0216
P495;1929216;978;0,0216
P496;1930240;1024;0,0221
P496;1931264;298;0,0221
P497;1932288;459;0,0243
P498;1933312;1024;0,0221
P498;1934336;720;0,0221
P499;1935360;1024;0,0226
P499;1936384;1024;0,0226
P499;1937408;1024;0,0226
P499;1938432;21;0,0226
L;1939456;0;0
L;1940480;0;0
L;1941504;0;0
L;1942528;0;0
L;1943552;0;0
L;1944576;0;0
L;1945600;0;0
L;1946624;0;0
L;1947648;0;0
L;1948672;0;0
M12;1949696;1024;0
M12;1950720;1024;0
M12;1951744;1024;0
M12;1952768;1024;0
M12;1953792;1024;0
M12;1954816;1024;0
M12;1955840;1024;0
M12;1956864;1024;0
M12;1957888;1024;0
M12;1958912;1024;0
M12;1959936;1024;0
M12;1960960;1024;0
M12;1961984;1024;0
M12;1963008;1024;0
M12;1964032;1024;0
M12;1965056;1024;0
M12;1966080;1024;0
M12;1967104;1024;0
M12;1968128;1024;0
M12;1969152;1024;0
M12;1970176;1024;0
M12;1971200;1024;0
M12;1972224;1024;0
M12;1973248;1024;0
M12;1974272;1024;0
M12;1975296;1024;0
M12;1976320;1024;0
M12;1977344;1024;0
M12;1978368;1024;0
M12;1979392;1024;0
M12;1980416;1024;0
M12;1981440;1024;0
M12;1982464;1024;0
M12;1983488;713;0
L;1984512;0;0
L;1985536;0;0
L;1986560;0;0
L;1987584;0;0
L;1988608;0;0
L;1989632;0;0
L;1990656;0;0
L;1991680;0;0
L;1992704;0;0
L;1993728;0;0
L;1994752;0;0
L;1995776;0;0
L;1996800;0;0
L;1997824;0;0
L;1998848;0;0
L;1999872;0;0
L;2000896;0;0
M19;2001920;1024;0
M19;2002944;1024;0
M19;2003968;1024;0
M19;2004992;1024;0
M19;2006016;1024;0
M19;2007040;1024;0
M19;2008064;1024;0
M19;2009088;1024;0
M19;2010112;1024;0
M19;2011136;1024;0
M19;2012160;1024;0
M19;2013184;1024;0
M19;2014208;715;0
L;2015232;0;0
L;2016256;0;0
L;2017280;0;0
L;2018304;0;0
L;2019328;0;0
L;2020352;0;0
L;2021376;0;0
L;2022400;0;0
L;2023424;0;0
L;2024448;0;0
L;2025472;0;0
L;2026496;0;0
L;2027520;0;0
L;2028544;0;0
L;2029568;0;0
L;2030592;0;0
L;2031616;0;0
L;2032640;0;0
L;2033664;0;0
L;2034688;0;0
L;2035712;0;0
L;2036736;0;0
L;2037760;0;0
M40;2038784;1024;0
M40;2039808;1024;0
M40;2040832;1024;0
M40;2041856;1024;0
M40;2042880;1024;0
M40;2043904;1024;0
M40;2044928;1024;0
M40;2045952;1024;0
M40;2046976;1024;0
M40;2048000;1024;0
M40;2049024;1024;0
M40;2050048;1024;0
M40;2051072;1024;0
M40;2052096;1024;0
M40;2053120;1024;0
M40;2054144;1024;0
M40;2055168;1024;0
M40;2056192;1024;0
M40;2057216;1024;0
M40;2058240;1024;0
M40;2059264;1024;0
M40;2060288;1024;0
M40;2061312;1024;0
M40;2062336;1024;0
M40;2063360;1024;0
M40;2064384;1024;0
M40;2065408;1024;0
M40;2066432;1024;0
M40;2067456;291;0
L;2068480;0;0
L;2069504;0;0
L;2070528;0;0
L;2071552;0;0
L;2072576;0;0
L;2073600;0;0
L;2074624;0;0
L;2075648;0;0
L;2076672;0;0
L;2077696;0;0
L;2078720;0;0
L;2079744;0;0
L;2080768;0;0
L;2081792;0;0
L;2082816;0;0
L;2083840;0;0
L;2084864;0;0
L;2085888;0;0
L;2086912;0;0
L;2087936;0;0
L;2088960;0;0
L;2089984;0;0
L;2091008;0;0
L;2092032;0;0
L;2093056;0;0
L;2094080;0;0
L;2095104;0;0
L;2096128;0;0
L;2097152;0;0
L;2098176;0;0
L;2099200;0;0
L;2100224;0;0
L;2101248;0;0
L;2102272;0;0
L;2103296;0;0
L;2104320;0;0
L;2105344;0;0
L;2106368;0;0
L;2107392;0;0
L;2108416;0;0
L;2109440;0;0
L;2110464;0;0
M3;2111488;43;0
L;2112512;0;0
L;2113536;0;0
L;2114560;0;0
L;2115584;0;0
L;2116608;0;0
L;2117632;0;0
L;2118656;0;0
L;2119680;0;0
L;2120704;0;0
L;2121728;0;0
L;2122752;0;0
L;2123776;0;0
L;2124800;0;0
L;2125824;0;0
L;2126848;0;0
L;2127872;0;0
L;2128896;0;0
M20;2129920;1024;0
M20;2130944;1024;0
M20;2131968;1024;0
M20;2132992;1024;0
M20;2134016;1024;0
M20;2135040;1024;0
M20;2136064;1024;0
M20;2137088;1024;0
M20;2138112;1024;0
M20;2139136;1024;0
M20;2140160;1024;0
M20;2141184;1024;0
M20;2142208;1024;0
M20;2143232;1024;0
M20;2144256;1024;0
M20;2145280;1024;0
M20;2146304;1024;0
M20;2147328;1024;0
M20;2148352;1024;0
M20;2149376;1024;0
M20;2150400;1024;0
M20;2151424;1024;0
M20;2152448;1024;0
M20;2153472;1024;0
M20;2154496;1024;0
M20;2155520;1024;0
M20;2156544;1024;0
M20;2157568;1024;0
M20;2158592;1024;0
M20;2159616;1024;0
M20;2160640;1024;0
M20;2161664;1024;0
M20;2162688;1024;0
M20;2163712;1024;0
M20;2164736;1024;0
M20;2165760;1024;0
M20;2166784;1024;0
M20;2167808;1024;0
M20;2168832;1024;0
M20;2169856;1024;0
M20;2170880;1024;0
M20;2171904;642;0
L;2172928;0;0
L;2173952;0;0
L;2174976;0;0
L;2176000;0;0
L;2177024;0;0
L;2178048;0;0
L;2179072;0;0
L;2180096;0;0
L;2181120;0;0
L;2182144;0;0
L;2183168;0;0
L;2184192;0;0
L;2185216;0;0
L;2186240;0;0
L;2187264;0;0
L;2188288;0;0
L;2189312;0;0
L;2190336;0;0
L;2191360;0;0
L;2192384;0;0
L;2193408;0;0
L;2194432;0;0
L;2195456;0;0
L;2196480;0;0
L;2197504;0;0
M14;2198528;1024;0
M14;2199552;1024;0
M14;2200576;1024;0
M14;2201600;1024;0
M14;2202624;1024;0
M14;2203648;1024;0
M14;2204672;1024;0
M14;2205696;1024;0
M14;2206720;1024;0
M14;2207744;1024;0
M14;2208768;1024;0
M14;2209792;1024;0
M14;2210816;1024;0
M14;2211840;1024;0
M14;2212864;163;0
L;2213888;0;0
L;2214912;0;0
L;2215936;0;0
L;2216960;0;0
L;2217984;0;0
L;2219008;0;0
L;2220032;0;0
L;2221056;0;0
L;2222080;0;0
L;2223104;0;0
L;2224128;0;0
L;2225152;0;0
L;2226176;0;0
L;2227200;0;0
L;2228224;0;0
L;2229248;0;0
L;2230272;0;0
L;2231296;0;0
L;2232320;0;0
L;2233344;0;0
L;2234368;0;0
L;2235392;0;0
L;2236416;0;0
L;2237440;0;0
L;2238464;0;0
M2;2239488;1024;0
M2;2240512;1024;0
M2;2241536;1024;0
M2;2242560;1024;0
M2;2243584;1024;0
M2;2244608;1024;0
M2;2245632;1024;0
M2;2246656;1024;0
M2;2247680;1024;0
M2;2248704;1024;0
M2;2249728;451;0
L;2250752;0;0
L;2251776;0;0
L;2252800;0;0
L;2253824;0;0
L;2254848;0;0
L;2255872;0;0
L;2256896;0;0
L;2257920;0;0
L;2258944;0;0
L;2259968;0;0
L;2260992;0;0
L;2262016;0;0
L;2263040;0;0
L;2264064;0;0
L;2265088;0;0
L;2266112;0;0
L;2267136;0;0
L;2268160;0;0
L;2269184;0;0
L;2270208;0;0
L;2271232;0;0
L;2272256;0;0
L;2273280;0;0
L;2274304;0;0
L;2275328;0;0
L;2276352;0;0
L;2277376;0;0
L;2278400;0;0
M29;2279424;1024;0
M29;2280448;1024;0
M29;2281472;1024;0
M29;2282496;1024;0
M29;2283520;1024;0
M29;2284544;1024;0
M29;2285568;1024;0
M29;2286592;1024;0
M29;2287616;1024;0
M29;2288640;1024;0
M29;2289664;1024;0
M29;2290688;1024;0
M29;2291712;1024;0
M29;2292736;1024;0
M29;2293760;1024;0
M29;2294784;1024;0
M29;2295808;1024;0
M29;2296832;1024;0
M29;2297856;1024;0
M29;2298880;1024;0
M29;2299904;1024;0
M29;2300928;1024;0
M29;2301952;131;0
L;2302976;0;0
L;2304000;0;0
L;2305024;0;0
L;2306048;0;0
L;2307072;0;0
L;2308096;0;0
L;2309120;0;0
L;2310144;0;0
L;2311168;0;0
L;2312192;0;0
L;2313216;0;0
L;2314240;0;0
L;2315264;0;0
L;2316288;0;0
L;2317312;0;0
L;2318336;0;0
L;2319360;0;0
L;2320384;0;0
L;2321408;0;0
L;2322432;0;0
L;2323456;0;0
L;2324480;0;0
L;2325504;0;0
L;2326528;0;0
L;2327552;0;0
L;2328576;0;0
L;2329600;0;0
L;2330624;0;0
L;2331648;0;0
L;2332672;0;0
L;2333696;0;0
M43;2334720;1024;0
M43;2335744;1024;0
M43;2336768;1024;0
M43;2337792;1024;0
M43;2338816;1024;0
M43;2339840;1024;0
M43;2340864;1024;0
M43;2341888;1024;0
M43;2342912;1024;0
M43;2343936;1024;0
M43;2344960;1024;0
M43;2345984;1024;0
M43;2347008;1024;0
M43;2348032;1024;0
M43;2349056;1024;0
M43;2350080;1024;0
M43;2351104;1024;0
M43;2352128;1024;0
M43;2353152;1024;0
M43;2354176;1024;0
M43;2355200;1024;0
M43;2356224;1024;0
M43;2357248;1024;0
M43;2358272;1024;0
M43;2359296;1024;0
M43;2360320;704;0
L;2361344;0;0
L;2362368;0;0
L;2363392;0;0
L;2364416;0;0
L;2365440;0;0
L;2366464;0;0
L;2367488;0;0
L;2368512;0;0
L;2369536;0;0
L;2370560;0;0
L;2371584;0;0
L;2372608;0;0
L;2373632;0;0
L;2374656;0;0
L;2375680;0;0
L;2376704;0;0
L;2377728;0;0
L;2378752;0;0
L;2379776;0;0
L;2380800;0;0
L;2381824;0;0
L;2382848;0;0
L;2383872;0;0
L;2384896;0;0
L;2385920;0;0
L;2386944;0;0
L;2387968;0;0
L;2388992;0;0
L;2390016;0;0
L;2391040;0;0
L;2392064;0;0
L;2393088;0;0
L;2394112;0;0
L;2395136;0;0
L;2396160;0;0
L;2397184;0;0
L;2398208;0;0
L;2399232;0;0
L;2400256;0;0
L;2401280;0;0
L;2402304;0;0
L;2403328;0;0
L;2404352;0;0
L;2405376;0;0
L;2406400;0;0
L;2407424;0;0
L;2408448;0;0
L;2409472;0;0
L;2410496;0;0
L;2411520;0;0
L;2412544;0;0
L;2413568;0;0
L;2414592;0;0
L;2415616;0;0
L;2416640;0;0
L;2417664;0;0
L;2418688;0;0
L;2419712;0;0
L;2420736;0;0
L;2421760;0;0
L;2422784;0;0
L;2423808;0;0
L;2424832;0;0
L;2425856;0;0
L;2426880;0;0
L;2427904;0;0
L;2428928;0;0
L;2429952;0;0
M28;2430976;1024;0
M28;2432000;1024;0
M28;2433024;1024;0
M28;2434048;321;0
L;2435072;0;0
L;2436096;0;0
L;2437120;0;0
L;2438144;0;0
L;2439168;0;0
L;2440192;0;0
L;2441216;0;0
L;2442240;0;0
L;2443264;0;0
L;2444288;0;0
L;2445312;0;0
L;2446336;0;0
L;2447360;0;0
L;2448384;0;0
L;2449408;0;0
L;2450432;0;0
L;2451456;0;0
L;2452480;0;0
L;2453504;0;0
L;2454528;0;0
L;2455552;0;0
L;2456576;0;0
L;2457600;0;0
L;2458624;0;0
L;2459648;0;0
L;2460672;0;0
L;2461696;0;0
L;2462720;0;0
L;2463744;0;0
L;2464768;0;0
L;2465792;0;0
L;2466816;0;0
L;2467840;0;0
L;2468864;0;0
L;2469888;0;0
L;2470912;0;0
L;2471936;0;0
L;2472960;0;0
L;2473984;0;0
L;2475008;0;0
L;2476032;0;0
L;2477056;0;0
L;2478080;0;0
L;2479104;0;0
L;2480128;0;0
L;2481152;0;0
L;2482176;0;0
L;2483200;0;0
L;2484224;0;0
L;2485248;0;0
L;2486272;0;0
L;2487296;0;0
L;2488320;0;0
L;2489344;0;0
L;2490368;0;0
L;2491392;0;0
L;2492416;0;0
L;2493440;0;0
M10;2494464;1024;0
M10;2495488;1024;0
M10;2496512;1024;0
M10;2497536;1024;0
M10;2498560;1024;0
M10;2499584;1024;0
M10;2500608;1024;0
M10;2501632;1024;0
M10;2502656;1024;0
M10;2503680;1024;0
M10;2504704;1024;0
M10;2505728;1024;0
M10;2506752;1024;0
M10;2507776;1024;0
M10;2508800;1024;0
M10;2509824;1024;0
M10;2510848;1024;0
M10;2511872;1024;0
M10;2512896;1024;0
M10;2513920;1024;0
M10;2514944;1024;0
M10;2515968;1024;0
M10;2516992;1024;0
M10;2518016;1024;0
M10;2519040;1024;0
M10;2520064;1024;0
M10;2521088;1024;0
M10;2522112;1024;0
M10;2523136;1024;0
M10;2524160;1024;0
M10;2525184;1024;0
M10;2526208;877;0
L;2527232;0;0
L;2528256;0;0
L;2529280;0;0
L;2530304;0;0
L;2531328;0;0
L;2532352;0;0
L;2533376;0;0
L;2534400;0;0
L;2535424;0;0
L;2536448;0;0
L;2537472;0;0
L;2538496;0;0
L;2539520;0;0
L;2540544;0;0
L;2541568;0;0
L;2542592;0;0
M48;2543616;1024;0
M48;2544640;1024;0
M48;2545664;1024;0
M48;2546688;1024;0
M48;2547712;1024;0
M48;2548736;1024;0
M48;2549760;1024;0
M48;2550784;1024;0
M48;2551808;9;0
L;2552832;0;0
L;2553856;0;0
L;2554880;0;0
L;2555904;0;0
L;2556928;0;0
L;2557952;0;0
L;2558976;0;0
