P164;0;1024;0,0378
P164;1024;1024;0,0378
P164;2048;240;0,0378
P165;3072;1024;0,0378
P165;4096;749;0,0378
P166;5120;1024;0,0388
P166;6144;1024;0,0388
P166;7168;796;0,0388
P168;8192;1024;0,0378
P168;9216;1024;0,0378
P168;10240;1024;0,0378
P168;11264;311;0,0378
P169;12288;148;0,0475
P170;13312;1009;0,0378
P171;14336;1024;0,0378
P171;15360;86;0,0378
P172;16384;1024;0,0372
P172;17408;1024;0,0372
P172;18432;1024;0,0372
P172;19456;56;0,0372
P173;20480;1024;0,0372
P173;21504;1024;0,0372
P173;22528;1024;0,0372
P173;23552;1024;0,0372
P173;24576;116;0,0372
P174;25600;1024;0,0372
P174;26624;693;0,0372
P175;27648;1024;0,0378
P175;28672;1024;0,0378
P175;29696;1024;0,0378
P175;30720;276;0,0378
P176;31744;441;0,0372
P182;32768;61;0,0378
M16;33792;1024;0
M16;34816;1024;0
M16;35840;1024;0
M16;36864;1024;0
M16;37888;1024;0
M16;38912;1024;0
M16;39936;1024;0
M16;40960;1024;0
M16;41984;1024;0
M16;43008;1024;0
M16;44032;1024;0
M16;45056;1024;0
M16;46080;1024;0
M16;47104;1024;0
M16;48128;1024;0
M16;49152;1024;0
M16;50176;1024;0
M16;51200;1024;0
M16;52224;1024;0
M16;53248;1024;0
M16;54272;1024;0
M16;55296;1024;0
M16;56320;1024;0
M16;57344;1024;0
M16;58368;1024;0
M16;59392;1024;0
M16;60416;1024;0
M16;61440;1024;0
M16;62464;1024;0
M16;63488;1024;0
M16;64512;1024;0
M16;65536;1024;0
M16;66560;1024;0
M16;67584;1024;0
M16;68608;1024;0
M16;69632;344;0
P5;70656;1024;0,0453
P5;71680;1024;0,0453
P5;72704;864;0,0453
P6;73728;1024;0,0421
P6;74752;1024;0,0421
P6;75776;515;0,0421
P12;76800;1024;0,041
P12;77824;189;0,041
P17;78848;742;0,041
M9;79872;1024;0
M9;80896;1024;0
M9;81920;1024;0
M9;82944;1024;0
M9;83968;1024;0
M9;84992;1024;0
M9;86016;1024;0
M9;87040;1024;0
M9;88064;1024;0
M9;89088;1024;0
M9;90112;1024;0
M9;91136;1024;0
M9;92160;1024;0
M9;93184;1024;0
M9;94208;1024;0
M9;95232;1024;0
M9;96256;1024;0
M9;97280;1024;0
M9;98304;1024;0
M9;99328;1024;0
M9;100352;1024;0
M9;101376;1024;0
M9;102400;1024;0
M9;103424;1024;0
M9;104448;1024;0
M9;105472;1024;0
M9;106496;1024;0
M9;107520;1024;0
M9;108544;1024;0
M9;109568;1024;0
M9;110592;1024;0
M9;111616;1024;0
M9;112640;1024;0
M9;113664;1024;0
M9;114688;1024;0
M9;115712;1024;0
M9;116736;1024;0
M9;117760;583;0
P110;118784;1024;0,0405
P110;119808;1024;0,0405
P110;120832;1024;0,0405
P110;121856;833;0,0405
P112;122880;1024;0,0426
P112;123904;1024;0,0426
P112;124928;1024;0,0426
P112;125952;68;0,0426
P113;126976;1024;0,0421
P113;128000;1024;0,0421
P113;129024;1024;0,0421
P113;130048;707;0,0421
P114;131072;1024;0,0405
P114;132096;635;0,0405
P116;133120;1024;0,0437
P116;134144;1024;0,0437
P116;135168;484;0,0437
P117;136192;1024;0,0399
P117;137216;1024;0,0399
P117;138240;1024;0,0399
P117;139264;838;0,0399
P118;140288;1024;0,0405
P118;141312;1024;0,0405
P118;142336;714;0,0405
P119;143360;1024;0,0399
P119;144384;848;0,0399
M22;145408;1024;0
M22;146432;1024;0
M22;147456;1024;0
M22;148480;1024;0
M22;149504;758;0
P57;150528;1024;0,0415
P57;151552;1024;0,0415
P57;152576;768;0,0415
P59;153600;1024;0,0415
P59;154624;1024;0,0415
P59;155648;1024;0,0415
P59;156672;393;0,0415
P61;157696;1024;0,0415
P61;158720;1024;0,0415
P61;159744;468;0,0415
P62;160768;1024;0,0421
P62;161792;535;0,0421
P63;162816;1024;0,041
P63;163840;1024;0,041
P63;164864;1024;0,041
P63;165888;1024;0,041
P63;166912;293;0,041
P64;167936;1024;0,041
P64;168960;637;0,041
P65;169984;1024;0,041
P65;171008;1024;0,041
P65;172032;408;0,041
M49;173056;1024;0
M49;174080;1024;0
M49;175104;1024;0
M49;176128;1024;0
M49;177152;1024;0
M49;178176;1024;0
M49;179200;1024;0
M49;180224;1024;0
M49;181248;551;0
P90;182272;1024;0,0421
P90;183296;1024;0,0421
P90;184320;1024;0,0421
P90;185344;4;0,0421
P91;186368;559;0,041
P92;187392;1024;0,0415
P92;188416;679;0,0415
P93;189440;1024;0,041
P93;190464;1024;0,041
P93;191488;153;0,041
P94;192512;405;0,0405
P95;193536;1024;0,0405
P95;194560;807;0,0405
P96;195584;1024;0,0415
P96;196608;1024;0,0415
P96;197632;232;0,0415
P97;198656;1024;0,041
P97;199680;509;0,041
P98;200704;1024;0,0415
P98;201728;1024;0,0415
P98;202752;1024;0,0415
P98;203776;866;0,0415
P99;204800;1024;0,041
P99;205824;320;0,041
M0;206848;992;0
P188;207872;1024;0,0415
P188;208896;1024;0,0415
P188;209920;1024;0,0415
P188;210944;228;0,0415
P190;211968;1024;0,0496
P190;212992;1024;0,0496
P190;214016;1024;0,0496
P190;215040;431;0,0496
P191;216064;351;0,041
P192;217088;1024;0,0415
P192;218112;292;0,0415
P193;219136;1024;0,0405
P193;220160;1024;0,0405
P193;221184;1024;0,0405
P193;222208;294;0,0405
P194;223232;896;0,0415
P195;224256;210;0,0405
P196;225280;1024;0,0405
P196;226304;62;0,0405
P197;227328;1024;0,041
P197;228352;1024;0,041
P197;229376;1024;0,041
P197;230400;561;0,041
P198;231424;1024;0,041
P198;232448;1024;0,041
P198;233472;679;0,041
P199;234496;1024;0,041
P199;235520;1024;0,041
P199;236544;1024;0,041
P199;237568;74;0,041
P200;238592;1024;0,0405
P200;239616;998;0,0405
P202;240640;839;0,041
P203;241664;1024;0,041
P203;242688;1024;0,041
P203;243712;124;0,041
M32;244736;1024;0
M32;245760;1024;0
M32;246784;1024;0
M32;247808;1024;0
M32;248832;1024;0
M32;249856;1024;0
M32;250880;1024;0
M32;251904;1024;0
M32;252928;1024;0
M32;253952;1024;0
M32;254976;1024;0
M32;256000;1024;0
M32;257024;1024;0
M32;258048;1024;0
M32;259072;1024;0
M32;260096;1024;0
M32;261120;1024;0
M32;262144;1024;0
M32;263168;1024;0
M32;264192;1024;0
M32;265216;1024;0
M32;266240;457;0
P273;267264;1024;0,0405
P273;268288;1024;0,0405
P273;269312;1024;0,0405
P273;270336;283;0,0405
P275;271360;1024;0,0486
P275;272384;1024;0,0486
P275;273408;922;0,0486
P277;274432;95;0,0405
P278;275456;314;0,041
P279;276480;772;0,0405
P280;277504;1024;0,041
P280;278528;386;0,041
P281;279552;1024;0,0469
P281;280576;1024;0,0469
P281;281600;1024;0,0469
P281;282624;612;0,0469
P282;283648;1024;0,041
P282;284672;789;0,041
P283;285696;83;0,041
P284;286720;903;0,041
P285;287744;1024;0,0415
P285;288768;1024;0,0415
P285;289792;325;0,0415
P286;290816;1024;0,041
P286;291840;987;0,041
P287;292864;1024;0,041
P287;293888;83;0,041
P288;294912;1024;0,0415
P288;295936;1024;0,0415
P288;296960;1024;0,0415
P288;297984;635;0,0415
P289;299008;644;0,041
P290;300032;599;0,0415
P291;301056;1024;0,0421
P291;302080;1024;0,0421
P291;303104;1024;0,0421
P291;304128;26;0,0421
P292;305152;771;0,0421
P293;306176;152;0,0415
P294;307200;27;0,0415
P295;308224;1024;0,0415
P295;309248;1024;0,0415
P295;310272;1024;0,0415
P295;311296;244;0,0415
P296;312320;1024;0,0415
P296;313344;1024;0,0415
P296;314368;295;0,0415
M15;315392;1024;0
M15;316416;1024;0
M15;317440;1024;0
M15;318464;1024;0
M15;319488;1024;0
M15;320512;1024;0
M15;321536;1024;0
M15;322560;1024;0
M15;323584;1024;0
M15;324608;1024;0
M15;325632;1024;0
M15;326656;1024;0
M15;327680;1024;0
M15;328704;1024;0
M15;329728;1024;0
M15;330752;1024;0
M15;331776;1024;0
M15;332800;1024;0
M15;333824;1024;0
M15;334848;1024;0
M15;335872;1024;0
M15;336896;1024;0
M15;337920;1024;0
M15;338944;1024;0
M15;339968;1024;0
M15;340992;1024;0
M15;342016;1024;0
M15;343040;1024;0
M15;344064;1024;0
M15;345088;1024;0
M15;346112;1024;0
M15;347136;1024;0
M15;348160;1024;0
M15;349184;1024;0
M15;350208;1024;0
M15;351232;1024;0
M15;352256;1024;0
M15;353280;1024;0
M15;354304;933;0
P0;355328;1024;11,7862
P0;356352;1024;11,7862
P0;357376;1024;11,7862
P0;358400;695;11,7862
P4;359424;1024;0,048
P4;360448;107;0,048
M46;361472;1024;0
M46;362496;1024;0
M46;363520;1024;0
M46;364544;1024;0
M46;365568;1024;0
M46;366592;1024;0
M46;367616;1024;0
M46;368640;1024;0
M46;369664;1024;0
M46;370688;1024;0
M46;371712;1024;0
M46;372736;1024;0
M46;373760;1024;0
M46;374784;1024;0
M46;375808;1024;0
M46;376832;1024;0
M46;377856;1024;0
M46;378880;1024;0
M46;379904;757;0
P7;380928;1024;0,0464
P7;381952;1024;0,0464
P7;382976;1024;0,0464
P7;384000;1024;0,0464
P7;385024;271;0,0464
P8;386048;1024;0,0594
P8;387072;1024;0,0594
P8;388096;1024;0,0594
P8;389120;882;0,0594
M47;390144;1024;0
M47;391168;1024;0
M47;392192;1024;0
M47;393216;1024;0
M47;394240;1024;0
M47;395264;1024;0
M47;396288;1024;0
M47;397312;1024;0
M47;398336;1024;0
M47;399360;1024;0
M47;400384;1024;0
M47;401408;1024;0
M47;402432;1024;0
M47;403456;1024;0
M47;404480;1024;0
M47;405504;1024;0
M47;406528;1024;0
M47;407552;1024;0
M47;408576;1024;0
M47;409600;1024;0
M47;410624;1024;0
M47;411648;1024;0
M47;412672;1024;0
M47;413696;1024;0
M47;414720;1024;0
M47;415744;999;0
L;416768;0;0
L;417792;0;0
L;418816;0;0
L;419840;0;0
L;420864;0;0
L;421888;0;0
L;422912;0;0
L;423936;0;0
L;424960;0;0
L;425984;0;0
L;427008;0;0
L;428032;0;0
L;429056;0;0
L;430080;0;0
L;431104;0;0
L;432128;0;0
L;433152;0;0
L;434176;0;0
L;435200;0;0
L;436224;0;0
L;437248;0;0
L;438272;0;0
L;439296;0;0
L;440320;0;0
L;441344;0;0
L;442368;0;0
L;443392;0;0
L;444416;0;0
L;445440;0;0
L;446464;0;0
L;447488;0;0
L;448512;0;0
L;449536;0;0
L;450560;0;0
L;451584;0;0
L;452608;0;0
L;453632;0;0
L;454656;0;0
L;455680;0;0
L;456704;0;0
L;457728;0;0
L;458752;0;0
L;459776;0;0
L;460800;0;0
L;461824;0;0
L;462848;0;0
L;463872;0;0
L;464896;0;0
L;465920;0;0
L;466944;0;0
L;467968;0;0
L;468992;0;0
L;470016;0;0
L;471040;0;0
L;472064;0;0
L;473088;0;0
L;474112;0;0
L;475136;0;0
L;476160;0;0
L;477184;0;0
L;478208;0;0
L;479232;0;0
L;480256;0;0
L;481280;0;0
L;482304;0;0
L;483328;0;0
L;484352;0;0
L;485376;0;0
L;486400;0;0
L;487424;0;0
L;488448;0;0
L;489472;0;0
L;490496;0;0
L;491520;0;0
L;492544;0;0
L;493568;0;0
L;494592;0;0
L;495616;0;0
L;496640;0;0
M42;497664;122;0
P218;498688;1024;0,0453
P218;499712;1024;0,0453
P218;500736;630;0,0453
P220;501760;974;0,0453
P221;502784;858;0,0453
P222;503808;618;0,0448
P223;504832;1024;0,0448
P223;505856;1024;0,0448
P223;506880;1024;0,0448
P223;507904;825;0,0448
P224;508928;1024;0,0453
P224;509952;869;0,0453
P225;510976;1024;0,0448
P225;512000;1024;0,0448
P225;513024;442;0,0448
P226;514048;1024;0,0448
P226;515072;1024;0,0448
P226;516096;424;0,0448
P227;517120;1024;0,0459
P227;518144;1024;0,0459
P227;519168;266;0,0459
P228;520192;215;0,0453
P229;521216;1024;0,0453
P229;522240;154;0,0453
P230;523264;1024;0,055
P230;524288;1024;0,055
P230;525312;293;0,055
P231;526336;512;0,0448
P232;527360;1024;0,0448
P232;528384;1024;0,0448
P232;529408;1024;0,0448
P232;530432;796;0,0448
P233;531456;1024;0,0459
P233;532480;63;0,0459
P234;533504;74;0,0453
P236;534528;355;0,0459
P237;535552;371;0,0453
M37;536576;1024;0
M37;537600;1024;0
M37;538624;1024;0
M37;539648;1024;0
M37;540672;1024;0
M37;541696;1024;0
M37;542720;1024;0
M37;543744;1024;0
M37;544768;1024;0
M37;545792;1024;0
M37;546816;1024;0
M37;547840;1024;0
M37;548864;1024;0
M37;549888;1024;0
M37;550912;1024;0
M37;551936;1024;0
M37;552960;1024;0
M37;553984;1024;0
M37;555008;1024;0
M37;556032;1024;0
M37;557056;649;0
P66;558080;1024;0,0491
P66;559104;1024;0,0491
P66;560128;1024;0,0491
P66;561152;218;0,0491
P67;562176;376;0,048
P68;563200;1024;0,0496
P68;564224;1024;0,0496
P68;565248;980;0,0496
P69;566272;1024;0,0491
P69;567296;1024;0,0491
P69;568320;1024;0,0491
P69;569344;1024;0,0491
P69;570368;609;0,0491
P70;571392;1024;0,048
P70;572416;1024;0,048
P70;573440;1024;0,048
P70;574464;837;0,048
P71;575488;1024;0,0491
P71;576512;1024;0,0491
P71;577536;43;0,0491
P73;578560;457;0,0491
P77;579584;941;0,0491
M25;580608;1024;0
M25;581632;1024;0
M25;582656;1024;0
M25;583680;1024;0
M25;584704;1024;0
M25;585728;1024;0
M25;586752;1024;0
M25;587776;1024;0
M25;588800;1024;0
M25;589824;1024;0
M25;590848;1024;0
M25;591872;1024;0
M25;592896;1024;0
M25;593920;1024;0
M25;594944;1024;0
M25;595968;1024;0
M25;596992;1024;0
M25;598016;1024;0
M25;599040;1024;0
M25;600064;1024;0
M25;601088;1024;0
M25;602112;1024;0
M25;603136;1024;0
M25;604160;1024;0
M25;605184;1024;0
M25;606208;1024;0
M25;607232;1024;0
M25;608256;1024;0
M25;609280;1024;0
M25;610304;1024;0
M25;611328;1024;0
M25;612352;1024;0
M25;613376;1024;0
M25;614400;1024;0
M25;615424;1024;0
M25;616448;1024;0
M25;617472;1024;0
M25;618496;1024;0
M25;619520;1024;0
M25;620544;346;0
P2;621568;623;0,0669
M7;622592;1024;0
M7;623616;1024;0
M7;624640;1024;0
M7;625664;1024;0
M7;626688;1024;0
M7;627712;1024;0
M7;628736;1024;0
M7;629760;1024;0
M7;630784;1024;0
M7;631808;1024;0
M7;632832;1024;0
M7;633856;1024;0
M7;634880;923;0
P423;635904;1024;0,0469
P423;636928;989;0,0469
P425;637952;1024;0,0567
P425;638976;390;0,0567
P426;640000;1024;0,0464
P426;641024;1024;0,0464
P426;642048;1024;0,0464
P426;643072;278;0,0464
P427;644096;1024;0,0464
P427;645120;1024;0,0464
P427;646144;152;0,0464
P428;647168;1024;0,0464
P428;648192;516;0,0464
P429;649216;1024;0,0459
P429;650240;901;0,0459
P430;651264;1024;0,0459
P430;652288;1024;0,0459
P430;653312;513;0,0459
P431;654336;1024;0,0464
P431;655360;1024;0,0464
P431;656384;900;0,0464
P432;657408;1024;0,0464
P432;658432;1024;0,0464
P432;659456;544;0,0464
P433;660480;1024;0,048
P433;661504;1024;0,048
P433;662528;203;0,048
P434;663552;1024;0,0459
P434;664576;1024;0,0459
P434;665600;808;0,0459
P435;666624;1024;0,0464
P435;667648;309;0,0464
P436;668672;1024;0,0464
P436;669696;249;0,0464
P437;670720;1024;0,0464
P437;671744;1024;0,0464
P437;672768;1024;0,0464
P437;673792;55;0,0464
P438;674816;1024;0,0469
P438;675840;939;0,0469
P439;676864;1024;0,0469
P439;677888;1024;0,0469
P439;678912;1024;0,0469
P439;679936;15;0,0469
P440;680960;34;0,0469
P441;681984;1024;0,0464
P441;683008;558;0,0464
P442;684032;1024;0,0464
P442;685056;1024;0,0464
P442;686080;1024;0,0464
P442;687104;174;0,0464
P443;688128;1024;0,0475
P443;689152;1024;0,0475
P443;690176;992;0,0475
P444;691200;85;0,0464
P445;692224;1024;0,0464
P445;693248;1024;0,0464
P445;694272;520;0,0464
P446;695296;302;0,0464
P447;696320;532;0,0583
P453;697344;130;0,0475
M33;698368;1024;0
M33;699392;1024;0
M33;700416;1024;0
M33;701440;1024;0
M33;702464;1024;0
M33;703488;1024;0
M33;704512;1024;0
M33;705536;1024;0
M33;706560;1024;0
M33;707584;1024;0
M33;708608;1024;0
M33;709632;1024;0
M33;710656;1024;0
M33;711680;1024;0
M33;712704;1024;0
M33;713728;1024;0
M33;714752;1024;0
M33;715776;1024;0
M33;716800;845;0
P120;717824;1024;0,0507
P120;718848;1024;0,0507
P120;719872;304;0,0507
P121;720896;1024;0,0513
P121;721920;1024;0,0513
P121;722944;1024;0,0513
P121;723968;719;0,0513
P122;724992;1024;0,068
P122;726016;462;0,068
P123;727040;1024;0,0513
P123;728064;1024;0,0513
P123;729088;1024;0,0513
P123;730112;106;0,0513
P124;731136;337;0,0853
P125;732160;1024;0,0685
P125;733184;1024;0,0685
P125;734208;128;0,0685
P126;735232;42;0,0507
P127;736256;202;0,0491
P128;737280;1024;0,0572
P128;738304;286;0,0572
P129;739328;1024;0,0496
P129;740352;698;0,0496
P130;741376;1024;0,0502
P130;742400;556;0,0502
P131;743424;1024;0,0502
P131;744448;972;0,0502
M21;745472;1024;0
M21;746496;1024;0
M21;747520;1024;0
M21;748544;1024;0
M21;749568;1024;0
M21;750592;1024;0
M21;751616;1024;0
M21;752640;1024;0
M21;753664;1024;0
M21;754688;1024;0
M21;755712;1024;0
M21;756736;1024;0
M21;757760;1024;0
M21;758784;1024;0
M21;759808;1024;0
M21;760832;1024;0
M21;761856;1024;0
M21;762880;1024;0
M21;763904;1024;0
M21;764928;1024;0
M21;765952;1024;0
M21;766976;1024;0
M21;768000;1024;0
M21;769024;1024;0
M21;770048;1024;0
M21;771072;1024;0
M21;772096;1024;0
M21;773120;1024;0
M21;774144;1024;0
M21;775168;799;0
P143;776192;1024;0,0502
P143;777216;1024;0,0502
P143;778240;1024;0,0502
P143;779264;418;0,0502
P144;780288;1024;0,0507
P144;781312;173;0,0507
P145;782336;1024;0,0502
P145;783360;319;0,0502
P146;784384;1024;0,0513
P146;785408;1024;0,0513
P146;786432;1024;0,0513
P146;787456;428;0,0513
P147;788480;1024;0,0507
P147;789504;135;0,0507
P149;790528;1024;0,0507
P149;791552;899;0,0507
P150;792576;1024;0,0615
P150;793600;1024;0,0615
P150;794624;1024;0,0615
P150;795648;365;0,0615
P151;796672;1024;0,0513
P151;797696;1024;0,0513
P151;798720;1024;0,0513
P151;799744;1024;0,0513
P151;800768;289;0,0513
P152;801792;1024;0,0513
P152;802816;1024;0,0513
P152;803840;969;0,0513
P153;804864;944;0,061
P160;805888;1024;0,0513
P160;806912;130;0,0513
M31;807936;1024;0
M31;808960;1024;0
M31;809984;1024;0
M31;811008;1024;0
M31;812032;1024;0
M31;813056;1024;0
M31;814080;1024;0
M31;815104;1024;0
M31;816128;1024;0
M31;817152;1024;0
M31;818176;1024;0
M31;819200;1024;0
M31;820224;1024;0
M31;821248;1024;0
M31;822272;1024;0
M31;823296;1024;0
M31;824320;1024;0
M31;825344;1024;0
M31;826368;1024;0
M31;827392;1024;0
M31;828416;81;0
P177;829440;1024;0,0556
P177;830464;1024;0,0556
P177;831488;298;0,0556
P178;832512;1024;0,0507
P178;833536;838;0,0507
P179;834560;1024;0,0507
P179;835584;1024;0,0507
P179;836608;1024;0,0507
P179;837632;247;0,0507
P180;838656;1024;0,0518
P180;839680;1024;0,0518
P180;840704;929;0,0518
P181;841728;1024;0,0507
P181;842752;1024;0,0507
P181;843776;1024;0,0507
P181;844800;132;0,0507
P183;845824;1024;0,0507
P183;846848;1024;0,0507
P183;847872;1024;0,0507
P183;848896;591;0,0507
P184;849920;1024;0,0513
P184;850944;1024;0,0513
P184;851968;539;0,0513
P185;852992;1024;0,0518
P185;854016;508;0,0518
P186;855040;1024;0,0518
P186;856064;1024;0,0518
P186;857088;1024;0,0518
P186;858112;166;0,0518
P187;859136;829;0,0507
P189;860160;1024;0,0513
P189;861184;1024;0,0513
P189;862208;258;0,0513
M6;863232;1024;0
M6;864256;1024;0
M6;865280;1024;0
M6;866304;1024;0
M6;867328;1024;0
M6;868352;1024;0
M6;869376;1024;0
M6;870400;1024;0
M6;871424;1024;0
M6;872448;1024;0
M6;873472;1024;0
M6;874496;1024;0
M6;875520;1024;0
M6;876544;1024;0
M6;877568;1024;0
M6;878592;1024;0
M6;879616;1024;0
M6;880640;1024;0
M6;881664;1024;0
M6;882688;1024;0
M6;883712;1024;0
M6;884736;1024;0
M6;885760;1024;0
M6;886784;1024;0
M6;887808;1024;0
M6;888832;1024;0
M6;889856;1024;0
M6;890880;1024;0
M6;891904;1024;0
M6;892928;1024;0
M6;893952;1024;0
M6;894976;1024;0
M6;896000;581;0
P357;897024;1024;0,0507
P357;898048;92;0,0507
P358;899072;1024;0,0513
P358;900096;214;0,0513
P359;901120;1024;0,0513
P359;902144;1024;0,0513
P359;903168;1024;0,0513
P359;904192;143;0,0513
P360;905216;1024;0,0513
P360;906240;1024;0,0513
P360;907264;1024;0,0513
P360;908288;230;0,0513
P361;909312;723;0,0594
P362;910336;1024;0,0513
P362;911360;1024;0,0513
P362;912384;127;0,0513
P363;913408;17;0,0502
P364;914432;619;0,0502
P365;915456;1024;0,0502
P365;916480;40;0,0502
P366;917504;1024;0,0513
P366;918528;1024;0,0513
P366;919552;255;0,0513
P367;920576;1024;0,0513
P367;921600;143;0,0513
P368;922624;765;0,0507
P369;923648;1024;0,0604
P369;924672;271;0,0604
P370;925696;622;0,0507
P371;926720;1024;0,0507
P371;927744;708;0,0507
P372;928768;1024;0,0513
P372;929792;1024;0,0513
P372;930816;427;0,0513
P373;931840;1024;0,0523
P373;932864;1024;0,0523
P373;933888;1024;0,0523
P373;934912;310;0,0523
P374;935936;173;0,0513
P375;936960;1024;0,0513
P375;937984;1024;0,0513
P375;939008;1024;0,0513
P375;940032;353;0,0513
P376;941056;1024;0,0518
P376;942080;1024;0,0518
P376;943104;739;0,0518
P377;944128;1024;0,0507
P377;945152;469;0,0507
P379;946176;1024;0,0518
P379;947200;548;0,0518
P381;948224;543;0,0513
M4;949248;1024;0
M4;950272;1024;0
M4;951296;1024;0
M4;952320;1024;0
M4;953344;1024;0
M4;954368;1024;0
M4;955392;1024;0
M4;956416;1024;0
M4;957440;1024;0
M4;958464;1024;0
M4;959488;1024;0
M4;960512;1024;0
M4;961536;1024;0
M4;962560;28;0
P21;963584;1024;0,0556
P21;964608;1024;0,0556
P21;965632;1024;0,0556
P21;966656;1024;0,0556
P21;967680;708;0,0556
P22;968704;1024;0,0567
P22;969728;956;0,0567
P23;970752;1024;0,0653
P23;971776;1024;0,0653
P23;972800;639;0,0653
P24;973824;1024;0,0567
P24;974848;726;0,0567
P25;975872;1024;0,0556
P25;976896;1024;0,0556
P25;977920;455;0,0556
P26;978944;1024;0,0561
P26;979968;768;0,0561
M13;980992;1024;0
M13;982016;924;0
P43;983040;959;0,0567
P44;984064;1024;0,0567
P44;985088;1024;0,0567
P44;986112;1024;0,0567
P44;987136;857;0,0567
P45;988160;1024;0,0561
P45;989184;512;0,0561
P46;990208;1024;0,0556
P46;991232;1024;0,0556
P46;992256;229;0,0556
P47;993280;1024;0,0567
P47;994304;1024;0,0567
P47;995328;1024;0,0567
P47;996352;1024;0,0567
P47;997376;647;0,0567
P48;998400;1024;0,0561
P48;999424;1024;0,0561
P48;1000448;1024;0,0561
P48;1001472;909;0,0561
P49;1002496;1024;0,0583
P49;1003520;266;0,0583
M11;1004544;1024;0
M11;1005568;1024;0
M11;1006592;1024;0
M11;1007616;1024;0
M11;1008640;1024;0
M11;1009664;1024;0
M11;1010688;1024;0
M11;1011712;1024;0
M11;1012736;1024;0
M11;1013760;1024;0
M11;1014784;1024;0
M11;1015808;1024;0
M11;1016832;1024;0
M11;1017856;1024;0
M11;1018880;1024;0
M11;1019904;1024;0
M11;1020928;1024;0
M11;1021952;986;0
P378;1022976;1024;0,0529
P378;1024000;1024;0,0529
P378;1025024;1024;0,0529
P378;1026048;457;0,0529
P380;1027072;1024;0,0631
P380;1028096;1024;0,0631
P380;1029120;715;0,0631
P382;1030144;1024;0,0529
P382;1031168;349;0,0529
P383;1032192;1024;0,0534
P383;1033216;1024;0,0534
P383;1034240;50;0,0534
P384;1035264;1024;0,0529
P384;1036288;1024;0,0529
P384;1037312;1024;0,0529
P384;1038336;319;0,0529
P385;1039360;1024;0,0529
P385;1040384;1024;0,0529
P385;1041408;688;0,0529
P386;1042432;1024;0,0529
P386;1043456;1024;0,0529
P386;1044480;206;0,0529
P387;1045504;284;0,0534
P388;1046528;56;0,0534
P389;1047552;1024;0,0529
P389;1048576;661;0,0529
P390;1049600;1024;0,0534
P390;1050624;1024;0,0534
P390;1051648;36;0,0534
P391;1052672;1024;0,0534
P391;1053696;1024;0,0534
P391;1054720;1024;0,0534
P391;1055744;125;0,0534
P392;1056768;1024;0,0534
P392;1057792;1024;0,0534
P392;1058816;1024;0,0534
P392;1059840;249;0,0534
P393;1060864;1024;0,0529
P393;1061888;382;0,0529
P394;1062912;1024;0,0534
P394;1063936;247;0,0534
P395;1064960;1024;0,0534
P395;1065984;1024;0,0534
P395;1067008;214;0,0534
P396;1068032;1024;0,0529
P396;1069056;222;0,0529
P397;1070080;1024;0,0529
P397;1071104;484;0,0529
P398;1072128;88;0,0534
P399;1073152;1024;0,0637
P399;1074176;836;0,0637
M41;1075200;1024;0
M41;1076224;1024;0
M41;1077248;1024;0
M41;1078272;408;0
P10;1079296;1024;0,0588
P10;1080320;1024;0,0588
P10;1081344;1024;0,0588
P10;1082368;935;0,0588
P11;1083392;1024;0,0583
P11;1084416;1024;0,0583
P11;1085440;1024;0,0583
P11;1086464;305;0,0583
P13;1087488;1024;0,0583
P13;1088512;43;0,0583
P14;1089536;1024;0,0583
P14;1090560;1024;0,0583
P14;1091584;1024;0,0583
P14;1092608;578;0,0583
M18;1093632;1024;0
M18;1094656;1024;0
M18;1095680;126;0
L;1096704;0;0
L;1097728;0;0
L;1098752;0;0
L;1099776;0;0
L;1100800;0;0
L;1101824;0;0
L;1102848;0;0
L;1103872;0;0
L;1104896;0;0
L;1105920;0;0
L;1106944;0;0
L;1107968;0;0
L;1108992;0;0
L;1110016;0;0
L;1111040;0;0
L;1112064;0;0
L;1113088;0;0
L;1114112;0;0
L;1115136;0;0
L;1116160;0;0
L;1117184;0;0
L;1118208;0;0
L;1119232;0;0
L;1120256;0;0
L;1121280;0;0
L;1122304;0;0
L;1123328;0;0
L;1124352;0;0
L;1125376;0;0
L;1126400;0;0
L;1127424;0;0
L;1128448;0;0
L;1129472;0;0
L;1130496;0;0
L;1131520;0;0
L;1132544;0;0
L;1133568;0;0
L;1134592;0;0
L;1135616;0;0
L;1136640;0;0
L;1137664;0;0
L;1138688;0;0
L;1139712;0;0
L;1140736;0;0
L;1141760;0;0
L;1142784;0;0
L;1143808;0;0
L;1144832;0;0
L;1145856;0;0
L;1146880;0;0
L;1147904;0;0
L;1148928;0;0
L;1149952;0;0
L;1150976;0;0
L;1152000;0;0
L;1153024;0;0
L;1154048;0;0
L;1155072;0;0
L;1156096;0;0
L;1157120;0;0
L;1158144;0;0
L;1159168;0;0
L;1160192;0;0
L;1161216;0;0
L;1162240;0;0
L;1163264;0;0
L;1164288;0;0
L;1165312;0;0
L;1166336;0;0
L;1167360;0;0
L;1168384;0;0
L;1169408;0;0
L;1170432;0;0
L;1171456;0;0
L;1172480;0;0
L;1173504;0;0
L;1174528;0;0
L;1175552;0;0
L;1176576;0;0
L;1177600;0;0
L;1178624;0;0
L;1179648;0;0
L;1180672;0;0
L;1181696;0;0
L;1182720;0;0
L;1183744;0;0
L;1184768;0;0
L;1185792;0;0
M23;1186816;1024;0
M23;1187840;1024;0
M23;1188864;515;0
P36;1189888;1024;0,0594
P36;1190912;1024;0,0594
P36;1191936;1024;0,0594
P36;1192960;397;0,0594
P38;1193984;948;0,0712
P39;1195008;1024;0,0588
P39;1196032;444;0,0588
P40;1197056;1024;0,0594
P40;1198080;1024;0,0594
P40;1199104;1024;0,0594
P40;1200128;1024;0,0594
P40;1201152;408;0,0594
P41;1202176;1024;0,0583
P41;1203200;1024;0,0583
P41;1204224;1024;0,0583
P41;1205248;923;0,0583
P42;1206272;1024;0,0594
P42;1207296;178;0,0594
M5;1208320;1024;0
M5;1209344;1024;0
M5;1210368;1024;0
M5;1211392;1024;0
M5;1212416;1024;0
M5;1213440;1024;0
M5;1214464;1024;0
M5;1215488;1024;0
M5;1216512;1024;0
M5;1217536;1024;0
M5;1218560;1024;0
M5;1219584;1024;0
M5;1220608;1024;0
M5;1221632;1024;0
M5;1222656;1024;0
M5;1223680;1024;0
M5;1224704;1024;0
M5;1225728;1024;0
M5;1226752;1024;0
M5;1227776;1024;0
M5;1228800;1024;0
M5;1229824;1024;0
M5;1230848;1024;0
M5;1231872;1024;0
M5;1232896;1024;0
M5;1233920;1024;0
M5;1234944;1024;0
M5;1235968;1024;0
M5;1236992;1024;0
M5;1238016;1024;0
M5;1239040;1024;0
M5;1240064;1024;0
M5;1241088;1024;0
M5;1242112;1024;0
M5;1243136;1024;0
M5;1244160;1024;0
M5;1245184;1024;0
M5;1246208;1024;0
M5;1247232;1024;0
M5;1248256;154;0
P201;1249280;1024;0,0572
P201;1250304;1024;0,0572
P201;1251328;1024;0,0572
P201;1252352;1024;0,0572
P201;1253376;83;0,0572
P204;1254400;1024;0,0583
P204;1255424;97;0,0583
P205;1256448;1024;0,0626
P205;1257472;1024;0,0626
P205;1258496;914;0,0626
P206;1259520;1024;0,0567
P206;1260544;1024;0,0567
P206;1261568;1024;0,0567
P206;1262592;334;0,0567
P207;1263616;388;0,0577
P208;1264640;1024;0,0577
P208;1265664;644;0,0577
P209;1266688;1024;0,0572
P209;1267712;1024;0,0572
P209;1268736;1024;0,0572
P209;1269760;915;0,0572
P210;1270784;1024;0,0583
P210;1271808;255;0,0583
P211;1272832;890;0,0864
P212;1273856;739;0,0583
P213;1274880;1024;0,0583
P213;1275904;1024;0,0583
P213;1276928;92;0,0583
P214;1277952;844;0,0583
P215;1278976;1024;0,0577
P215;1280000;1024;0,0577
P215;1281024;736;0,0577
P216;1282048;319;0,0577
P217;1283072;686;0,0583
P219;1284096;1024;0,0577
P219;1285120;873;0,0577
M44;1286144;1024;0
M44;1287168;1024;0
M44;1288192;1024;0
M44;1289216;1024;0
M44;1290240;225;0
P297;1291264;1024;0,0577
P297;1292288;552;0,0577
P298;1293312;1024;0,0723
P298;1294336;1008;0,0723
P299;1295360;1024;0,0577
P299;1296384;1024;0,0577
P299;1297408;1024;0,0577
P299;1298432;733;0,0577
P300;1299456;64;0,0583
P301;1300480;1024;0,0588
P301;1301504;1024;0,0588
P301;1302528;337;0,0588
P302;1303552;416;0,0588
P303;1304576;1024;0,0583
P303;1305600;1024;0,0583
P303;1306624;1024;0,0583
P303;1307648;416;0,0583
P304;1308672;585;0,0588
P305;1309696;1024;0,0583
P305;1310720;700;0,0583
P306;1311744;1024;0,0583
P306;1312768;1024;0,0583
P306;1313792;551;0,0583
P307;1314816;1024;0,0577
P307;1315840;1024;0,0577
P307;1316864;735;0,0577
P308;1317888;1024;0,0588
P308;1318912;632;0,0588
P309;1319936;1024;0,0599
P309;1320960;315;0,0599
P310;1321984;779;0,0599
P311;1323008;1024;0,0599
P311;1324032;907;0,0599
P312;1325056;1024;0,0599
P312;1326080;1;0,0599
P313;1327104;1024;0,0583
P313;1328128;786;0,0583
P314;1329152;1024;0,0583
P314;1330176;417;0,0583
P315;1331200;581;0,0702
P316;1332224;1024;0,0583
P316;1333248;1024;0,0583
P316;1334272;888;0,0583
P317;1335296;868;0,0577
P319;1336320;1024;0,0577
P319;1337344;534;0,0577
P326;1338368;534;0,0583
M30;1339392;1024;0
M30;1340416;1024;0
M30;1341440;1024;0
M30;1342464;1024;0
M30;1343488;1024;0
M30;1344512;1024;0
M30;1345536;1024;0
M30;1346560;1024;0
M30;1347584;1024;0
M30;1348608;1024;0
M30;1349632;1024;0
M30;1350656;1024;0
M30;1351680;1024;0
M30;1352704;1024;0
M30;1353728;1024;0
M30;1354752;1024;0
M30;1355776;1024;0
M30;1356800;1024;0
M30;1357824;1024;0
M30;1358848;1024;0
M30;1359872;1024;0
M30;1360896;1024;0
M30;1361920;1024;0
M30;1362944;1024;0
M30;1363968;1024;0
M30;1364992;1024;0
M30;1366016;1024;0
M30;1367040;1024;0
M30;1368064;1024;0
M30;1369088;195;0
P477;1370112;1024;0,0577
P477;1371136;1024;0,0577
P477;1372160;5;0,0577
P478;1373184;1024;0,0653
P478;1374208;1024;0,0653
P478;1375232;814;0,0653
P479;1376256;1024;0,0588
P479;1377280;533;0,0588
P480;1378304;1024;0,0577
P480;1379328;919;0,0577
P481;1380352;1024;0,0577
P481;1381376;1024;0,0577
P481;1382400;593;0,0577
P482;1383424;267;0,0572
P483;1384448;925;0,0583
P484;1385472;25;0,0594
P485;1386496;1024;0,0583
P485;1387520;1024;0,0583
P485;1388544;272;0,0583
P486;1389568;1024;0,0583
P486;1390592;1024;0,0583
P486;1391616;332;0,0583
P487;1392640;1024;0,0577
P487;1393664;1024;0,0577
P487;1394688;528;0,0577
P488;1395712;848;0,0583
P489;1396736;1024;0,0664
P489;1397760;1024;0,0664
P489;1398784;118;0,0664
P490;1399808;1024;0,0577
P490;1400832;1024;0,0577
P490;1401856;819;0,0577
P491;1402880;1024;0,0583
P491;1403904;792;0,0583
P492;1404928;973;0,0577
P493;1405952;1024;0,0588
P493;1406976;52;0,0588
P494;1408000;499;0,0599
P495;1409024;1024;0,0594
P495;1410048;1024;0,0594
P495;1411072;978;0,0594
P496;1412096;1024;0,0583
P496;1413120;298;0,0583
P497;1414144;459;0,0583
P498;1415168;1024;0,0588
P498;1416192;720;0,0588
P499;1417216;1024;0,0594
P499;1418240;1024;0,0594
P499;1419264;1024;0,0594
P499;1420288;21;0,0594
L;1421312;0;0
L;1422336;0;0
L;1423360;0;0
L;1424384;0;0
L;1425408;0;0
L;1426432;0;0
L;1427456;0;0
L;1428480;0;0
L;1429504;0;0
L;1430528;0;0
L;1431552;0;0
L;1432576;0;0
L;1433600;0;0
L;1434624;0;0
L;1435648;0;0
L;1436672;0;0
L;1437696;0;0
L;1438720;0;0
L;1439744;0;0
L;1440768;0;0
M34;1441792;1024;0
M34;1442816;1024;0
M34;1443840;1024;0
M34;1444864;1024;0
M34;1445888;1024;0
M34;1446912;1024;0
M34;1447936;1024;0
M34;1448960;1024;0
M34;1449984;1024;0
M34;1451008;1024;0
M34;1452032;1024;0
M34;1453056;635;0
P338;1454080;1024;0,0626
P338;1455104;1024;0,0626
P338;1456128;1024;0,0626
P338;1457152;169;0,0626
P339;1458176;1024;0,0604
P339;1459200;1024;0,0604
P339;1460224;889;0,0604
P340;1461248;1024;0,0599
P340;1462272;1024;0,0599
P340;1463296;1024;0,0599
P340;1464320;92;0,0599
P341;1465344;1024;0,061
P341;1466368;1024;0,061
P341;1467392;175;0,061
P342;1468416;1024;0,0599
P342;1469440;1024;0,0599
P342;1470464;1024;0,0599
P342;1471488;491;0,0599
P343;1472512;1024;0,0594
P343;1473536;1024;0,0594
P343;1474560;352;0,0594
P344;1475584;1024;0,075
P344;1476608;922;0,075
P345;1477632;1024;0,0621
P345;1478656;1024;0,0621
P345;1479680;625;0,0621
P346;1480704;1024;0,061
P346;1481728;1024;0,061
P346;1482752;1024;0,061
P346;1483776;77;0,061
P348;1484800;1024;0,061
P348;1485824;356;0,061
P349;1486848;1024;0,0599
P349;1487872;634;0,0599
P350;1488896;418;0,0599
P351;1489920;1024;0,061
P351;1490944;837;0,061
P352;1491968;825;0,061
P353;1492992;1024;0,0621
P353;1494016;1024;0,0621
P353;1495040;1024;0,0621
P353;1496064;481;0,0621
P354;1497088;704;0,0604
P355;1498112;1024;0,061
P355;1499136;722;0,061
P356;1500160;1024;0,061
P356;1501184;1024;0,061
P356;1502208;1024;0,061
P356;1503232;45;0,061
M36;1504256;1024;0
M36;1505280;1024;0
M36;1506304;1024;0
M36;1507328;138;0
P9;1508352;737;0,0653
M8;1509376;1024;0
M8;1510400;1024;0
M8;1511424;1024;0
M8;1512448;1024;0
M8;1513472;1024;0
M8;1514496;1024;0
M8;1515520;1024;0
M8;1516544;1024;0
M8;1517568;1024;0
M8;1518592;1024;0
M8;1519616;1024;0
M8;1520640;1024;0
M8;1521664;1024;0
M8;1522688;1024;0
M8;1523712;1024;0
M8;1524736;230;0
L;1525760;0;0
L;1526784;0;0
L;1527808;0;0
M38;1528832;1024;0
M38;1529856;1024;0
M38;1530880;1024;0
M38;1531904;1024;0
M38;1532928;1024;0
M38;1533952;1024;0
M38;1534976;1024;0
M38;1536000;1024;0
M38;1537024;1024;0
M38;1538048;1024;0
M38;1539072;1024;0
M38;1540096;1024;0
M38;1541120;1024;0
M38;1542144;1024;0
M38;1543168;1024;0
M38;1544192;1024;0
M38;1545216;1024;0
M38;1546240;1024;0
M38;1547264;1024;0
M38;1548288;1024;0
M38;1549312;1024;0
M38;1550336;1024;0
M38;1551360;1024;0
M38;1552384;1024;0
M38;1553408;1024;0
M38;1554432;1024;0
M38;1555456;1024;0
M38;1556480;1024;0
M38;1557504;1024;0
M38;1558528;1024;0
M38;1559552;1024;0
M38;1560576;563;0
P72;1561600;1024;0,0718
P72;1562624;1024;0,0718
P72;1563648;1024;0,0718
P72;1564672;1024;0,0718
P72;1565696;431;0,0718
P74;1566720;1024;0,0637
P74;1567744;1024;0,0637
P74;1568768;28;0,0637
P75;1569792;1024;0,0718
P75;1570816;1024;0,0718
P75;1571840;1024;0,0718
P75;1572864;621;0,0718
P76;1573888;1024;0,0648
P76;1574912;1024;0,0648
P76;1575936;1024;0,0648
P76;1576960;291;0,0648
P78;1577984;1024;0,0658
P78;1579008;1024;0,0658
P78;1580032;1024;0,0658
P78;1581056;385;0,0658
P79;1582080;166;0,0648
P80;1583104;162;0,0642
P82;1584128;754;0,0637
M1;1585152;1024;0
M1;1586176;1024;0
M1;1587200;1024;0
M1;1588224;1024;0
M1;1589248;1024;0
M1;1590272;1024;0
M1;1591296;1024;0
M1;1592320;1024;0
M1;1593344;1024;0
M1;1594368;1024;0
M1;1595392;1024;0
M1;1596416;1024;0
M1;1597440;1024;0
M1;1598464;1024;0
M1;1599488;1024;0
M1;1600512;1024;0
M1;1601536;1024;0
M1;1602560;1024;0
M1;1603584;1024;0
M1;1604608;1024;0
M1;1605632;1024;0
M1;1606656;1024;0
M1;1607680;1024;0
M1;1608704;1024;0
M1;1609728;1024;0
M1;1610752;1024;0
M1;1611776;1024;0
M1;1612800;1024;0
M1;1613824;1024;0
M1;1614848;1024;0
M1;1615872;1024;0
M1;1616896;1024;0
M1;1617920;1024;0
M1;1618944;1024;0
M1;1619968;1024;0
M1;1620992;1024;0
M1;1622016;1024;0
M1;1623040;765;0
P318;1624064;1024;0,0637
P318;1625088;1024;0,0637
P318;1626112;1024;0,0637
P318;1627136;564;0,0637
P320;1628160;1024;0,0626
P320;1629184;783;0,0626
P321;1630208;1024;0,0637
P321;1631232;1024;0,0637
P321;1632256;953;0,0637
P322;1633280;1024;0,0631
P322;1634304;1024;0,0631
P322;1635328;404;0,0631
P323;1636352;1024;0,0626
P323;1637376;1024;0,0626
P323;1638400;1024;0,0626
P323;1639424;389;0,0626
P324;1640448;1024;0,0723
P324;1641472;586;0,0723
P325;1642496;1024;0,0631
P325;1643520;102;0,0631
P327;1644544;1024;0,0626
P327;1645568;241;0,0626
P328;1646592;1024;0,0637
P328;1647616;1024;0,0637
P328;1648640;1024;0,0637
P328;1649664;98;0,0637
P329;1650688;1024;0,0637
P329;1651712;944;0,0637
P330;1652736;563;0,0723
P331;1653760;1024;0,0642
P331;1654784;1024;0,0642
P331;1655808;219;0,0642
P332;1656832;1024;0,0642
P332;1657856;850;0,0642
P333;1658880;363;0,0712
P334;1659904;673;0,0993
P335;1660928;1024;0,1274
P335;1661952;1024;0,1274
P335;1662976;727;0,1274
P336;1664000;1024;0,0718
P336;1665024;1024;0,0718
P336;1666048;1024;0,0718
P336;1667072;28;0,0718
P337;1668096;1024;0,0664
P337;1669120;1024;0,0664
P337;1670144;34;0,0664
P347;1671168;305;0,0631
M45;1672192;1024;0
M45;1673216;1024;0
M45;1674240;1024;0
M45;1675264;1024;0
M45;1676288;296;0
L;1677312;0;0
L;1678336;0;0
L;1679360;0;0
L;1680384;0;0
L;1681408;0;0
L;1682432;0;0
L;1683456;0;0
L;1684480;0;0
L;1685504;0;0
L;1686528;0;0
L;1687552;0;0
L;1688576;0;0
L;1689600;0;0
L;1690624;0;0
L;1691648;0;0
L;1692672;0;0
L;1693696;0;0
L;1694720;0;0
L;1695744;0;0
L;1696768;0;0
L;1697792;0;0
L;1698816;0;0
L;1699840;0;0
L;1700864;0;0
L;1701888;0;0
L;1702912;0;0
L;1703936;0;0
L;1704960;0;0
L;1705984;0;0
L;1707008;0;0
L;1708032;0;0
L;1709056;0;0
L;1710080;0;0
L;1711104;0;0
L;1712128;0;0
L;1713152;0;0
L;1714176;0;0
L;1715200;0;0
L;1716224;0;0
L;1717248;0;0
L;1718272;0;0
L;1719296;0;0
L;1720320;0;0
L;1721344;0;0
L;1722368;0;0
L;1723392;0;0
L;1724416;0;0
L;1725440;0;0
L;1726464;0;0
L;1727488;0;0
L;1728512;0;0
L;1729536;0;0
L;1730560;0;0
L;1731584;0;0
L;1732608;0;0
L;1733632;0;0
L;1734656;0;0
L;1735680;0;0
L;1736704;0;0
L;1737728;0;0
L;1738752;0;0
L;1739776;0;0
L;1740800;0;0
L;1741824;0;0
L;1742848;0;0
L;1743872;0;0
L;1744896;0;0
L;1745920;0;0
L;1746944;0;0
L;1747968;0;0
L;1748992;0;0
L;1750016;0;0
L;1751040;0;0
L;1752064;0;0
L;1753088;0;0
L;1754112;0;0
L;1755136;0;0
L;1756160;0;0
L;1757184;0;0
L;1758208;0;0
L;1759232;0;0
L;1760256;0;0
L;1761280;0;0
M35;1762304;1024;0
M35;1763328;1024;0
M35;1764352;1024;0
M35;1765376;1024;0
M35;1766400;1024;0
M35;1767424;685;0
P1;1768448;1024;0,1117
P1;1769472;1024;0,1117
P1;1770496;363;0,1117
P3;1771520;1024;0,0723
P3;1772544;1024;0,0723
P3;1773568;247;0,0723
M17;1774592;1024;0
M17;1775616;1024;0
M17;1776640;1024;0
M17;1777664;1024;0
M17;1778688;1024;0
M17;1779712;1024;0
M17;1780736;1024;0
M17;1781760;1024;0
M17;1782784;993;0
L;1783808;0;0
L;1784832;0;0
L;1785856;0;0
L;1786880;0;0
L;1787904;0;0
L;1788928;0;0
L;1789952;0;0
L;1790976;0;0
L;1792000;0;0
L;1793024;0;0
L;1794048;0;0
L;1795072;0;0
L;1796096;0;0
L;1797120;0;0
L;1798144;0;0
L;1799168;0;0
L;1800192;0;0
L;1801216;0;0
L;1802240;0;0
L;1803264;0;0
L;1804288;0;0
L;1805312;0;0
L;1806336;0;0
L;1807360;0;0
L;1808384;0;0
L;1809408;0;0
L;1810432;0;0
L;1811456;0;0
L;1812480;0;0
L;1813504;0;0
L;1814528;0;0
L;1815552;0;0
L;1816576;0;0
L;1817600;0;0
L;1818624;0;0
L;1819648;0;0
L;1820672;0;0
L;1821696;0;0
L;1822720;0;0
L;1823744;0;0
L;1824768;0;0
L;1825792;0;0
L;1826816;0;0
L;1827840;0;0
L;1828864;0;0
L;1829888;0;0
L;1830912;0;0
L;1831936;0;0
L;1832960;0;0
L;1833984;0;0
L;1835008;0;0
L;1836032;0;0
L;1837056;0;0
L;1838080;0;0
L;1839104;0;0
L;1840128;0;0
L;1841152;0;0
L;1842176;0;0
L;1843200;0;0
L;1844224;0;0
L;1845248;0;0
L;1846272;0;0
L;1847296;0;0
L;1848320;0;0
L;1849344;0;0
L;1850368;0;0
L;1851392;0;0
L;1852416;0;0
L;1853440;0;0
L;1854464;0;0
L;1855488;0;0
L;1856512;0;0
L;1857536;0;0
L;1858560;0;0
L;1859584;0;0
L;1860608;0;0
L;1861632;0;0
L;1862656;0;0
L;1863680;0;0
L;1864704;0;0
L;1865728;0;0
L;1866752;0;0
L;1867776;0;0
M24;1868800;1024;0
M24;1869824;1024;0
M24;1870848;1024;0
M24;1871872;1024;0
M24;1872896;1024;0
M24;1873920;1024;0
M24;1874944;1024;0
M24;1875968;1024;0
M24;1876992;1024;0
M24;1878016;1024;0
M24;1879040;1024;0
M24;1880064;1024;0
M24;1881088;1024;0
M24;1882112;1024;0
M24;1883136;1024;0
M24;1884160;1024;0
M24;1885184;1024;0
M24;1886208;1024;0
M24;1887232;1024;0
M24;1888256;1024;0
M24;1889280;1024;0
M24;1890304;1024;0
M24;1891328;1024;0
M24;1892352;1024;0
M24;1893376;1024;0
M24;1894400;1024;0
M24;1895424;1024;0
M24;1896448;1024;0
M24;1897472;1024;0
M24;1898496;1024;0
M24;1899520;1024;0
M24;1900544;1024;0
M24;1901568;1024;0
M24;1902592;1024;0
M24;1903616;1024;0
M24;1904640;1024;0
M24;1905664;1024;0
M24;1906688;1024;0
M24;1907712;558;0
P235;1908736;1024;0,0669
P235;1909760;1024;0,0669
P235;1910784;627;0,0669
P238;1911808;1024;0,068
P238;1912832;518;0,068
P239;1913856;1024;0,068
P239;1914880;1024;0,068
P239;1915904;728;0,068
P240;1916928;579;0,0734
P241;1917952;1024;0,068
P241;1918976;1024;0,068
P241;1920000;1024;0,068
P241;1921024;453;0,068
P242;1922048;1024;0,068
P242;1923072;1024;0,068
P242;1924096;1024;0,068
P242;1925120;69;0,068
P243;1926144;390;0,0685
P244;1927168;340;0,068
P245;1928192;1024;0,0675
P245;1929216;1024;0,0675
P245;1930240;1024;0,0675
P245;1931264;376;0,0675
P246;1932288;1024;0,0685
P246;1933312;1024;0,0685
P246;1934336;342;0,0685
P247;1935360;1024;0,102
P247;1936384;1024;0,102
P247;1937408;131;0,102
P248;1938432;1024;0,0685
P248;1939456;1024;0,0685
P248;1940480;1024;0,0685
P248;1941504;847;0,0685
P249;1942528;367;0,0685
P250;1943552;756;0,0685
P251;1944576;1024;0,068
P251;1945600;923;0,068
P252;1946624;985;0,0685
P256;1947648;410;0,0685
P257;1948672;854;0,0691
M12;1949696;1024;0
M12;1950720;1024;0
M12;1951744;1024;0
M12;1952768;1024;0
M12;1953792;1024;0
M12;1954816;1024;0
M12;1955840;1024;0
M12;1956864;1024;0
M12;1957888;1024;0
M12;1958912;1024;0
M12;1959936;1024;0
M12;1960960;1024;0
M12;1961984;1024;0
M12;1963008;1024;0
M12;1964032;1024;0
M12;1965056;1024;0
M12;1966080;1024;0
M12;1967104;1024;0
M12;1968128;1024;0
M12;1969152;1024;0
M12;1970176;1024;0
M12;1971200;1024;0
M12;1972224;1024;0
M12;1973248;1024;0
M12;1974272;1024;0
M12;1975296;1024;0
M12;1976320;1024;0
M12;1977344;1024;0
M12;1978368;1024;0
M12;1979392;1024;0
M12;1980416;1024;0
M12;1981440;1024;0
M12;1982464;1024;0
M12;1983488;713;0
P27;1984512;1024;0,0729
P27;1985536;1024;0,0729
P27;1986560;1024;0,0729
P27;1987584;1024;0,0729
P27;1988608;784;0,0729
P28;1989632;1024;0,0772
P28;1990656;1024;0,0772
P28;1991680;605;0,0772
P29;1992704;1024;0,0729
P29;1993728;1024;0,0729
P29;1994752;1024;0,0729
P29;1995776;1024;0,0729
P29;1996800;191;0,0729
P30;1997824;1024;0,0734
P30;1998848;1024;0,0734
P30;1999872;1024;0,0734
P30;2000896;886;0,0734
M19;2001920;1024;0
M19;2002944;1024;0
M19;2003968;1024;0
M19;2004992;1024;0
M19;2006016;1024;0
M19;2007040;1024;0
M19;2008064;1024;0
M19;2009088;1024;0
M19;2010112;1024;0
M19;2011136;1024;0
M19;2012160;1024;0
M19;2013184;1024;0
M19;2014208;715;0
P81;2015232;1024;0,0718
P81;2016256;790;0,0718
P83;2017280;1024;0,0712
P83;2018304;234;0,0712
P84;2019328;1024;0,0718
P84;2020352;669;0,0718
P85;2021376;1024;0,0718
P85;2022400;1024;0,0718
P85;2023424;249;0,0718
P86;2024448;1024;0,0707
P86;2025472;1024;0,0707
P86;2026496;1024;0,0707
P86;2027520;1024;0,0707
P86;2028544;155;0,0707
P87;2029568;1024;0,088
P87;2030592;272;0,088
P88;2031616;1024;0,0712
P88;2032640;1024;0,0712
P88;2033664;575;0,0712
P89;2034688;1024;0,0718
P89;2035712;1024;0,0718
P89;2036736;1024;0,0718
P89;2037760;661;0,0718
M40;2038784;1024;0
M40;2039808;1024;0
M40;2040832;1024;0
M40;2041856;1024;0
M40;2042880;1024;0
M40;2043904;1024;0
M40;2044928;1024;0
M40;2045952;1024;0
M40;2046976;1024;0
M40;2048000;1024;0
M40;2049024;1024;0
M40;2050048;1024;0
M40;2051072;1024;0
M40;2052096;1024;0
M40;2053120;1024;0
M40;2054144;1024;0
M40;2055168;1024;0
M40;2056192;1024;0
M40;2057216;1024;0
M40;2058240;1024;0
M40;2059264;1024;0
M40;2060288;1024;0
M40;2061312;1024;0
M40;2062336;1024;0
M40;2063360;1024;0
M40;2064384;1024;0
M40;2065408;1024;0
M40;2066432;1024;0
M40;2067456;291;0
P253;2068480;1024;0,0696
P253;2069504;1024;0,0696
P253;2070528;1024;0,0696
P253;2071552;89;0,0696
P254;2072576;1024;0,0696
P254;2073600;1024;0,0696
P254;2074624;250;0,0696
P255;2075648;1024;0,0707
P255;2076672;1024;0,0707
P255;2077696;1024;0,0707
P255;2078720;162;0,0707
P258;2079744;1024;0,0707
P258;2080768;1024;0,0707
P258;2081792;64;0,0707
P259;2082816;1024;0,0707
P259;2083840;363;0,0707
P260;2084864;1024;0,0702
P260;2085888;1024;0,0702
P260;2086912;623;0,0702
P261;2087936;1024;0,0799
P261;2088960;1024;0,0799
P261;2089984;881;0,0799
P262;2091008;920;0,0712
P263;2092032;990;0,0712
P264;2093056;736;0,0696
P265;2094080;63;0,0712
P266;2095104;296;0,0707
P267;2096128;1024;0,0707
P267;2097152;1024;0,0707
P267;2098176;318;0,0707
P268;2099200;318;0,0707
P269;2100224;1024;0,0707
P269;2101248;1024;0,0707
P269;2102272;252;0,0707
P270;2103296;369;0,0707
P271;2104320;1024;0,0712
P271;2105344;322;0,0712
P272;2106368;1024;0,0707
P272;2107392;459;0,0707
P274;2108416;1024;0,0707
P274;2109440;460;0,0707
P276;2110464;40;0,0707
M3;2111488;43;0
P31;2112512;1024;0,0756
P31;2113536;346;0,0756
P32;2114560;1024;0,0734
P32;2115584;1024;0,0734
P32;2116608;1024;0,0734
P32;2117632;1024;0,0734
P32;2118656;746;0,0734
P34;2119680;1024;0,0745
P34;2120704;1024;0,0745
P34;2121728;797;0,0745
P35;2122752;1024;0,0729
P35;2123776;1024;0,0729
P35;2124800;1024;0,0729
P35;2125824;553;0,0729
P37;2126848;1024;0,0739
P37;2127872;1024;0,0739
P37;2128896;238;0,0739
M20;2129920;1024;0
M20;2130944;1024;0
M20;2131968;1024;0
M20;2132992;1024;0
M20;2134016;1024;0
M20;2135040;1024;0
M20;2136064;1024;0
M20;2137088;1024;0
M20;2138112;1024;0
M20;2139136;1024;0
M20;2140160;1024;0
M20;2141184;1024;0
M20;2142208;1024;0
M20;2143232;1024;0
M20;2144256;1024;0
M20;2145280;1024;0
M20;2146304;1024;0
M20;2147328;1024;0
M20;2148352;1024;0
M20;2149376;1024;0
M20;2150400;1024;0
M20;2151424;1024;0
M20;2152448;1024;0
M20;2153472;1024;0
M20;2154496;1024;0
M20;2155520;1024;0
M20;2156544;1024;0
M20;2157568;1024;0
M20;2158592;1024;0
M20;2159616;1024;0
M20;2160640;1024;0
M20;2161664;1024;0
M20;2162688;1024;0
M20;2163712;1024;0
M20;2164736;1024;0
M20;2165760;1024;0
M20;2166784;1024;0
M20;2167808;1024;0
M20;2168832;1024;0
M20;2169856;1024;0
M20;2170880;1024;0
M20;2171904;642;0
L;2172928;0;0
L;2173952;0;0
L;2174976;0;0
L;2176000;0;0
P50;2177024;1024;0,0783
P50;2178048;1024;0,0783
P50;2179072;389;0,0783
P51;2180096;1024;0,0842
P51;2181120;472;0,0842
P52;2182144;1024;0,075
P52;2183168;769;0,075
P53;2184192;1024;0,0858
P53;2185216;1024;0,0858
P53;2186240;1024;0,0858
P53;2187264;323;0,0858
P54;2188288;1024;0,0745
P54;2189312;1024;0,0745
P54;2190336;853;0,0745
P55;2191360;1024;0,0745
P55;2192384;1024;0,0745
P55;2193408;1024;0,0745
P55;2194432;681;0,0745
P56;2195456;365;0,0766
P58;2196480;477;0,0739
P60;2197504;1017;0,0761
M14;2198528;1024;0
M14;2199552;1024;0
M14;2200576;1024;0
M14;2201600;1024;0
M14;2202624;1024;0
M14;2203648;1024;0
M14;2204672;1024;0
M14;2205696;1024;0
M14;2206720;1024;0
M14;2207744;1024;0
M14;2208768;1024;0
M14;2209792;1024;0
M14;2210816;1024;0
M14;2211840;1024;0
M14;2212864;163;0
P100;2213888;1024;0,0799
P100;2214912;1024;0,0799
P100;2215936;850;0,0799
P101;2216960;1024;0,0734
P101;2217984;770;0,0734
P102;2219008;1024;0,0739
P102;2220032;542;0,0739
P103;2221056;1024;0,0739
P103;2222080;1024;0,0739
P103;2223104;1024;0,0739
P103;2224128;765;0,0739
P104;2225152;1024;0,0864
P104;2226176;1019;0,0864
P105;2227200;285;0,075
P106;2228224;1024;0,0756
P106;2229248;607;0,0756
P107;2230272;1024;0,0761
P107;2231296;185;0,0761
P108;2232320;300;0,0745
P109;2233344;1024;0,0745
P109;2234368;1024;0,0745
P109;2235392;1024;0,0745
P109;2236416;956;0,0745
P111;2237440;292;0,0761
P115;2238464;261;0,0804
M2;2239488;1024;0
M2;2240512;1024;0
M2;2241536;1024;0
M2;2242560;1024;0
M2;2243584;1024;0
M2;2244608;1024;0
M2;2245632;1024;0
M2;2246656;1024;0
M2;2247680;1024;0
M2;2248704;1024;0
M2;2249728;451;0
P132;2250752;1024;0,0745
P132;2251776;818;0,0745
P133;2252800;1024;0,0745
P133;2253824;1024;0,0745
P133;2254848;858;0,0745
P134;2255872;209;0,0739
P135;2256896;1024;0,0739
P135;2257920;453;0,0739
P136;2258944;1024;0,0745
P136;2259968;1024;0,0745
P136;2260992;1024;0,0745
P136;2262016;627;0,0745
P137;2263040;1024;0,108
P137;2264064;313;0,108
P138;2265088;604;0,0777
P139;2266112;1024;0,075
P139;2267136;1024;0,075
P139;2268160;784;0,075
P140;2269184;62;0,0745
P141;2270208;1024;0,0745
P141;2271232;1024;0,0745
P141;2272256;1024;0,0745
P141;2273280;242;0,0745
P142;2274304;1024;0,0745
P142;2275328;1024;0,0745
P142;2276352;1024;0,0745
P142;2277376;201;0,0745
P148;2278400;135;0,075
M29;2279424;1024;0
M29;2280448;1024;0
M29;2281472;1024;0
M29;2282496;1024;0
M29;2283520;1024;0
M29;2284544;1024;0
M29;2285568;1024;0
M29;2286592;1024;0
M29;2287616;1024;0
M29;2288640;1024;0
M29;2289664;1024;0
M29;2290688;1024;0
M29;2291712;1024;0
M29;2292736;1024;0
M29;2293760;1024;0
M29;2294784;1024;0
M29;2295808;1024;0
M29;2296832;1024;0
M29;2297856;1024;0
M29;2298880;1024;0
M29;2299904;1024;0
M29;2300928;1024;0
M29;2301952;131;0
P154;2302976;1024;0,075
P154;2304000;1024;0,075
P154;2305024;1024;0,075
P154;2306048;764;0,075
P155;2307072;1024;0,075
P155;2308096;1024;0,075
P155;2309120;166;0,075
P156;2310144;1024;0,0745
P156;2311168;1024;0,0745
P156;2312192;163;0,0745
P157;2313216;1024;0,075
P157;2314240;1024;0,075
P157;2315264;1024;0,075
P157;2316288;183;0,075
P158;2317312;1024;0,075
P158;2318336;1024;0,075
P158;2319360;1024;0,075
P158;2320384;1024;0,075
P158;2321408;234;0,075
P159;2322432;1024;0,0766
P159;2323456;1024;0,0766
P159;2324480;1024;0,0766
P159;2325504;747;0,0766
P161;2326528;952;0,0761
P162;2327552;1024;0,075
P162;2328576;1024;0,075
P162;2329600;261;0,075
P163;2330624;1024;0,0756
P163;2331648;1024;0,0756
P163;2332672;932;0,0756
P167;2333696;171;0,0756
M43;2334720;1024;0
M43;2335744;1024;0
M43;2336768;1024;0
M43;2337792;1024;0
M43;2338816;1024;0
M43;2339840;1024;0
M43;2340864;1024;0
M43;2341888;1024;0
M43;2342912;1024;0
M43;2343936;1024;0
M43;2344960;1024;0
M43;2345984;1024;0
M43;2347008;1024;0
M43;2348032;1024;0
M43;2349056;1024;0
M43;2350080;1024;0
M43;2351104;1024;0
M43;2352128;1024;0
M43;2353152;1024;0
M43;2354176;1024;0
M43;2355200;1024;0
M43;2356224;1024;0
M43;2357248;1024;0
M43;2358272;1024;0
M43;2359296;1024;0
M43;2360320;704;0
P448;2361344;1024;0,0745
P448;2362368;1024;0,0745
P448;2363392;749;0,0745
P449;2364416;1024;0,0734
P449;2365440;1024;0,0734
P449;2366464;395;0,0734
P450;2367488;1024;0,0739
P450;2368512;1024;0,0739
P450;2369536;174;0,0739
P451;2370560;1024;0,0734
P451;2371584;895;0,0734
P452;2372608;1024;0,0734
P452;2373632;1024;0,0734
P452;2374656;400;0,0734
P454;2375680;946;0,0739
P455;2376704;1024;0,075
P455;2377728;1024;0,075
P455;2378752;77;0,075
P456;2379776;1024;0,0734
P456;2380800;835;0,0734
P457;2381824;1024;0,0739
P457;2382848;1024;0,0739
P457;2383872;132;0,0739
P458;2384896;1024;0,0739
P458;2385920;1024;0,0739
P458;2386944;902;0,0739
P459;2387968;54;0,075
P460;2388992;1024;0,0739
P460;2390016;415;0,0739
P461;2391040;1024;0,0853
P461;2392064;1024;0,0853
P461;2393088;883;0,0853
P462;2394112;1024;0,1252
P462;2395136;1024;0,1252
P462;2396160;121;0,1252
P463;2397184;1024;0,082
P463;2398208;1024;0,082
P463;2399232;769;0,082
P464;2400256;1024;0,0745
P464;2401280;1024;0,0745
P464;2402304;585;0,0745
P465;2403328;1024;0,0739
P465;2404352;1024;0,0739
P465;2405376;122;0,0739
P466;2406400;46;0,0739
P467;2407424;934;0,0761
P468;2408448;1024;0,075
P468;2409472;1024;0,075
P468;2410496;381;0,075
P469;2411520;1024;0,0745
P469;2412544;295;0,0745
P470;2413568;349;0,0756
P471;2414592;1024;0,0739
P471;2415616;1024;0,0739
P471;2416640;1024;0,0739
P471;2417664;41;0,0739
P472;2418688;1024;0,0745
P472;2419712;1024;0,0745
P472;2420736;431;0,0745
P473;2421760;1024;0,0891
P473;2422784;653;0,0891
P474;2423808;1024;0,075
P474;2424832;1024;0,075
P474;2425856;111;0,075
P475;2426880;1024;0,075
P475;2427904;1024;0,075
P475;2428928;120;0,075
P476;2429952;343;0,0745
M28;2430976;1024;0
M28;2432000;1024;0
M28;2433024;1024;0
M28;2434048;321;0
P400;2435072;1024;0,0853
P400;2436096;1024;0,0853
P400;2437120;997;0,0853
P401;2438144;58;0,0766
P402;2439168;972;0,075
P403;2440192;1024;0,075
P403;2441216;1024;0,075
P403;2442240;812;0,075
P404;2443264;993;0,075
P405;2444288;1024;0,0761
P405;2445312;1024;0,0761
P405;2446336;1024;0,0761
P405;2447360;134;0,0761
P406;2448384;1024;0,075
P406;2449408;1024;0,075
P406;2450432;383;0,075
P407;2451456;283;0,075
P408;2452480;1024;0,0745
P408;2453504;1024;0,0745
P408;2454528;1024;0,0745
P408;2455552;10;0,0745
P409;2456576;1024;0,0766
P409;2457600;1024;0,0766
P409;2458624;1024;0,0766
P409;2459648;29;0,0766
P410;2460672;1024;0,0761
P410;2461696;593;0,0761
P411;2462720;1024;0,0766
P411;2463744;441;0,0766
P412;2464768;1024;0,0831
P412;2465792;517;0,0831
P413;2466816;1024;0,0761
P413;2467840;1024;0,0761
P413;2468864;84;0,0761
P414;2469888;1024;0,075
P414;2470912;976;0,075
P415;2471936;1024;0,0756
P415;2472960;142;0,0756
P416;2473984;1024;0,0826
P416;2475008;1024;0,0826
P416;2476032;310;0,0826
P417;2477056;450;0,0766
P418;2478080;1024;0,0756
P418;2479104;151;0,0756
P419;2480128;1024;0,0756
P419;2481152;1024;0,0756
P419;2482176;1002;0,0756
P420;2483200;1024;0,0766
P420;2484224;1024;0,0766
P420;2485248;622;0,0766
P421;2486272;1024;0,0756
P421;2487296;1024;0,0756
P421;2488320;1024;0,0756
P421;2489344;333;0,0756
P422;2490368;1024;0,0766
P422;2491392;1024;0,0766
P422;2492416;162;0,0766
P424;2493440;452;0,0761
M10;2494464;1024;0
M10;2495488;1024;0
M10;2496512;1024;0
M10;2497536;1024;0
M10;2498560;1024;0
M10;2499584;1024;0
M10;2500608;1024;0
M10;2501632;1024;0
M10;2502656;1024;0
M10;2503680;1024;0
M10;2504704;1024;0
M10;2505728;1024;0
M10;2506752;1024;0
M10;2507776;1024;0
M10;2508800;1024;0
M10;2509824;1024;0
M10;2510848;1024;0
M10;2511872;1024;0
M10;2512896;1024;0
M10;2513920;1024;0
M10;2514944;1024;0
M10;2515968;1024;0
M10;2516992;1024;0
M10;2518016;1024;0
M10;2519040;1024;0
M10;2520064;1024;0
M10;2521088;1024;0
M10;2522112;1024;0
M10;2523136;1024;0
M10;2524160;1024;0
M10;2525184;1024;0
M10;2526208;877;0
P15;2527232;1024;0,0864
P15;2528256;1024;0,0864
P15;2529280;608;0,0864
P16;2530304;1024;0,082
P16;2531328;1024;0,082
P16;2532352;1024;0,082
P16;2533376;1024;0,082
P16;2534400;465;0,082
P18;2535424;1024;0,081
P18;2536448;965;0,081
P19;2537472;1024;0,081
P19;2538496;766;0,081
P20;2539520;1024;0,081
P20;2540544;1024;0,081
P20;2541568;947;0,081
P33;2542592;796;0,0815
M48;2543616;1024;0
M48;2544640;1024;0
M48;2545664;1024;0
M48;2546688;1024;0
M48;2547712;1024;0
M48;2548736;1024;0
M48;2549760;1024;0
M48;2550784;1024;0
M48;2551808;9;0
L;2552832;0;0
L;2553856;0;0
L;2554880;0;0
L;2555904;0;0
L;2556928;0;0
L;2557952;0;0
L;2558976;0;0
