P167;0;171;0,061
P177;1024;1024;0,061
P177;2048;1024;0,061
P177;3072;298;0,061
P203;4096;1024;0,0615
P203;5120;1024;0,0615
P203;6144;124;0,0615
P236;7168;355;0,081
P246;8192;1024;0,0691
P246;9216;1024;0,0691
P246;10240;342;0,0691
P288;11264;1024;0,061
P288;12288;1024;0,061
P288;13312;1024;0,061
P288;14336;635;0,061
P353;15360;1024;0,1015
P353;16384;1024;0,1015
P353;17408;1024;0,1015
P353;18432;481;0,1015
P415;19456;1024;0,0966
P415;20480;142;0,0966
P447;21504;532;0,1161
P463;22528;1024;0,0999
P463;23552;1024;0,0999
P463;24576;769;0,0999
L;25600;0;0
L;26624;0;0
L;27648;0;0
L;28672;0;0
L;29696;0;0
L;30720;0;0
L;31744;0;0
L;32768;0;0
M16;33792;1024;0
M16;34816;1024;0
M16;35840;1024;0
M16;36864;1024;0
M16;37888;1024;0
M16;38912;1024;0
M16;39936;1024;0
M16;40960;1024;0
M16;41984;1024;0
M16;43008;1024;0
M16;44032;1024;0
M16;45056;1024;0
M16;46080;1024;0
M16;47104;1024;0
M16;48128;1024;0
M16;49152;1024;0
M16;50176;1024;0
M16;51200;1024;0
M16;52224;1024;0
M16;53248;1024;0
M16;54272;1024;0
M16;55296;1024;0
M16;56320;1024;0
M16;57344;1024;0
M16;58368;1024;0
M16;59392;1024;0
M16;60416;1024;0
M16;61440;1024;0
M16;62464;1024;0
M16;63488;1024;0
M16;64512;1024;0
M16;65536;1024;0
M16;66560;1024;0
M16;67584;1024;0
M16;68608;1024;0
M16;69632;344;0
P496;70656;1024;0,1377
P496;71680;298;0,1377
L;72704;0;0
L;73728;0;0
L;74752;0;0
L;75776;0;0
L;76800;0;0
L;77824;0;0
L;78848;0;0
M9;79872;1024;0
M9;80896;1024;0
M9;81920;1024;0
M9;82944;1024;0
M9;83968;1024;0
M9;84992;1024;0
M9;86016;1024;0
M9;87040;1024;0
M9;88064;1024;0
M9;89088;1024;0
M9;90112;1024;0
M9;91136;1024;0
M9;92160;1024;0
M9;93184;1024;0
M9;94208;1024;0
M9;95232;1024;0
M9;96256;1024;0
M9;97280;1024;0
M9;98304;1024;0
M9;99328;1024;0
M9;100352;1024;0
M9;101376;1024;0
M9;102400;1024;0
M9;103424;1024;0
M9;104448;1024;0
M9;105472;1024;0
M9;106496;1024;0
M9;107520;1024;0
M9;108544;1024;0
M9;109568;1024;0
M9;110592;1024;0
M9;111616;1024;0
M9;112640;1024;0
M9;113664;1024;0
M9;114688;1024;0
M9;115712;1024;0
M9;116736;1024;0
M9;117760;583;0
P237;118784;371;0,061
P247;119808;1024;0,0626
P247;120832;1024;0,0626
P247;121856;131;0,0626
P289;122880;644;0,0626
P307;123904;1024;0,1026
P307;124928;1024;0,1026
P307;125952;735;0,1026
P354;126976;704;0,0907
P369;128000;1024;0,0891
P369;129024;271;0,0891
P400;130048;1024;0,0977
P400;131072;1024;0,0977
P400;132096;997;0,0977
P448;133120;1024;0,1047
P448;134144;1024;0,1047
P448;135168;749;0,1047
P497;136192;459;0,1571
L;137216;0;0
L;138240;0;0
L;139264;0;0
L;140288;0;0
L;141312;0;0
L;142336;0;0
L;143360;0;0
L;144384;0;0
M22;145408;1024;0
M22;146432;1024;0
M22;147456;1024;0
M22;148480;1024;0
M22;149504;758;0
P290;150528;599;0,061
P308;151552;1024;0,0707
P308;152576;632;0,0707
P335;153600;1024;0,1393
P335;154624;1024;0,1393
P335;155648;727;0,1393
P384;156672;1024;0,0955
P384;157696;1024;0,0955
P384;158720;1024;0,0955
P384;159744;319;0,0955
P449;160768;1024;0,1042
P449;161792;1024;0,1042
P449;162816;395;0,1042
P498;163840;1024;0,1733
P498;164864;720;0,1733
L;165888;0;0
L;166912;0;0
L;167936;0;0
L;168960;0;0
L;169984;0;0
L;171008;0;0
L;172032;0;0
M49;173056;1024;0
M49;174080;1024;0
M49;175104;1024;0
M49;176128;1024;0
M49;177152;1024;0
M49;178176;1024;0
M49;179200;1024;0
M49;180224;1024;0
M49;181248;551;0
P262;182272;920;0,0631
P274;183296;1024;0,0621
P274;184320;460;0,0621
P309;185344;1024;0,0615
P309;186368;315;0,0615
P336;187392;1024;0,1015
P336;188416;1024;0,1015
P336;189440;1024;0,1015
P336;190464;28;0,1015
P401;191488;58;0,0982
P416;192512;1024;0,0972
P416;193536;1024;0,0972
P416;194560;310;0,0972
P464;195584;1024;0,0907
P464;196608;1024;0,0907
P464;197632;585;0,0907
L;198656;0;0
L;199680;0;0
L;200704;0;0
L;201728;0;0
L;202752;0;0
L;203776;0;0
L;204800;0;0
L;205824;0;0
M0;206848;992;0
P150;207872;1024;0,0604
P150;208896;1024;0,0604
P150;209920;1024;0,0604
P150;210944;365;0,0604
P178;211968;1024;0,0621
P178;212992;838;0,0621
P197;214016;1024;0,061
P197;215040;1024;0,061
P197;216064;1024;0,061
P197;217088;561;0,061
P238;218112;1024;0,0615
P238;219136;518;0,0615
P263;220160;990;0,0631
P275;221184;1024;0,061
P275;222208;1024;0,061
P275;223232;922;0,061
P326;224256;534;0,0637
P337;225280;1024;0,0945
P337;226304;1024;0,0945
P337;227328;34;0,0945
P385;228352;1024;0,1004
P385;229376;1024;0,1004
P385;230400;688;0,1004
P434;231424;1024;0,1063
P434;232448;1024;0,1063
P434;233472;808;0,1063
P483;234496;925;0,1463
P499;235520;1024;0,1463
P499;236544;1024;0,1463
P499;237568;1024;0,1463
P499;238592;21;0,1463
L;239616;0;0
L;240640;0;0
L;241664;0;0
L;242688;0;0
L;243712;0;0
M32;244736;1024;0
M32;245760;1024;0
M32;246784;1024;0
M32;247808;1024;0
M32;248832;1024;0
M32;249856;1024;0
M32;250880;1024;0
M32;251904;1024;0
M32;252928;1024;0
M32;253952;1024;0
M32;254976;1024;0
M32;256000;1024;0
M32;257024;1024;0
M32;258048;1024;0
M32;259072;1024;0
M32;260096;1024;0
M32;261120;1024;0
M32;262144;1024;0
M32;263168;1024;0
M32;264192;1024;0
M32;265216;1024;0
M32;266240;457;0
P79;267264;166;0,0631
P86;268288;1024;0,061
P86;269312;1024;0,061
P86;270336;1024;0,061
P86;271360;1024;0,061
P86;272384;155;0,061
P116;273408;1024;0,0615
P116;274432;1024;0,0615
P116;275456;484;0,0615
P132;276480;1024;0,1026
P132;277504;818;0,1026
P151;278528;1024;0,0615
P151;279552;1024;0,0615
P151;280576;1024;0,0615
P151;281600;1024;0,0615
P151;282624;289;0,0615
P188;283648;1024;0,061
P188;284672;1024;0,061
P188;285696;1024;0,061
P188;286720;228;0,061
P222;287744;618;0,0604
P239;288768;1024;0,061
P239;289792;1024;0,061
P239;290816;728;0,061
P276;291840;40;0,0615
P291;292864;1024;0,061
P291;293888;1024;0,061
P291;294912;1024;0,061
P291;295936;26;0,061
P355;296960;1024;0,0896
P355;297984;722;0,0896
P386;299008;1024;0,0961
P386;300032;1024;0,0961
P386;301056;206;0,0961
P435;302080;1024;0,1036
P435;303104;309;0,1036
P465;304128;1024;0,0901
P465;305152;1024;0,0901
P465;306176;122;0,0901
L;307200;0;0
L;308224;0;0
L;309248;0;0
L;310272;0;0
L;311296;0;0
L;312320;0;0
L;313344;0;0
L;314368;0;0
M15;315392;1024;0
M15;316416;1024;0
M15;317440;1024;0
M15;318464;1024;0
M15;319488;1024;0
M15;320512;1024;0
M15;321536;1024;0
M15;322560;1024;0
M15;323584;1024;0
M15;324608;1024;0
M15;325632;1024;0
M15;326656;1024;0
M15;327680;1024;0
M15;328704;1024;0
M15;329728;1024;0
M15;330752;1024;0
M15;331776;1024;0
M15;332800;1024;0
M15;333824;1024;0
M15;334848;1024;0
M15;335872;1024;0
M15;336896;1024;0
M15;337920;1024;0
M15;338944;1024;0
M15;339968;1024;0
M15;340992;1024;0
M15;342016;1024;0
M15;343040;1024;0
M15;344064;1024;0
M15;345088;1024;0
M15;346112;1024;0
M15;347136;1024;0
M15;348160;1024;0
M15;349184;1024;0
M15;350208;1024;0
M15;351232;1024;0
M15;352256;1024;0
M15;353280;1024;0
M15;354304;933;0
L;355328;0;0
L;356352;0;0
L;357376;0;0
L;358400;0;0
L;359424;0;0
L;360448;0;0
M46;361472;1024;0
M46;362496;1024;0
M46;363520;1024;0
M46;364544;1024;0
M46;365568;1024;0
M46;366592;1024;0
M46;367616;1024;0
M46;368640;1024;0
M46;369664;1024;0
M46;370688;1024;0
M46;371712;1024;0
M46;372736;1024;0
M46;373760;1024;0
M46;374784;1024;0
M46;375808;1024;0
M46;376832;1024;0
M46;377856;1024;0
M46;378880;1024;0
M46;379904;757;0
L;380928;0;0
L;381952;0;0
L;382976;0;0
L;384000;0;0
L;385024;0;0
L;386048;0;0
L;387072;0;0
L;388096;0;0
L;389120;0;0
M47;390144;1024;0
M47;391168;1024;0
M47;392192;1024;0
M47;393216;1024;0
M47;394240;1024;0
M47;395264;1024;0
M47;396288;1024;0
M47;397312;1024;0
M47;398336;1024;0
M47;399360;1024;0
M47;400384;1024;0
M47;401408;1024;0
M47;402432;1024;0
M47;403456;1024;0
M47;404480;1024;0
M47;405504;1024;0
M47;406528;1024;0
M47;407552;1024;0
M47;408576;1024;0
M47;409600;1024;0
M47;410624;1024;0
M47;411648;1024;0
M47;412672;1024;0
M47;413696;1024;0
M47;414720;1024;0
M47;415744;999;0
P8;416768;1024;0,0691
P8;417792;1024;0,0691
P8;418816;1024;0,0691
P8;419840;882;0,0691
P12;420864;1024;0,0615
P12;421888;189;0,0615
P14;422912;1024;0,0615
P14;423936;1024;0,0615
P14;424960;1024;0,0615
P14;425984;578;0,0615
P22;427008;1024;0,061
P22;428032;956;0,061
P26;429056;1024;0,061
P26;430080;768;0,061
P29;431104;1024;0,061
P29;432128;1024;0,061
P29;433152;1024;0,061
P29;434176;1024;0,061
P29;435200;191;0,061
P39;436224;1024;0,061
P39;437248;444;0,061
P43;438272;959;0,061
P49;439296;1024;0,061
P49;440320;266;0,061
P52;441344;1024;0,061
P52;442368;769;0,061
P58;443392;477;0,0604
P62;444416;1024;0,061
P62;445440;535;0,061
P69;446464;1024;0,0669
P69;447488;1024;0,0669
P69;448512;1024;0,0669
P69;449536;1024;0,0669
P69;450560;609;0,0669
P91;451584;559;0,0626
P98;452608;1024;0,0793
P98;453632;1024;0,0793
P98;454656;1024;0,0793
P98;455680;866;0,0793
P123;456704;1024;0,0999
P123;457728;1024;0,0999
P123;458752;1024;0,0999
P123;459776;106;0,0999
P152;460800;1024;0,061
P152;461824;1024;0,061
P152;462848;969;0,061
P168;463872;1024;0,0626
P168;464896;1024;0,0626
P168;465920;1024;0,0626
P168;466944;311;0,0626
P204;467968;1024;0,0626
P204;468992;97;0,0626
P223;470016;1024;0,0615
P223;471040;1024;0,0615
P223;472064;1024;0,0615
P223;473088;825;0,0615
P277;474112;95;0,0621
P292;475136;771;0,0637
P310;476160;779;0,0615
P327;477184;1024;0,0615
P327;478208;241;0,0615
P356;479232;1024;0,0901
P356;480256;1024;0,0901
P356;481280;1024;0,0901
P356;482304;45;0,0901
P417;483328;450;0,0999
P436;484352;1024;0,0999
P436;485376;249;0,0999
P466;486400;46;0,0928
P484;487424;25;0,1469
L;488448;0;0
L;489472;0;0
L;490496;0;0
L;491520;0;0
L;492544;0;0
L;493568;0;0
L;494592;0;0
L;495616;0;0
L;496640;0;0
M42;497664;122;0
P140;498688;62;0,0621
P153;499712;944;0,0615
P158;500736;1024;0,0707
P158;501760;1024;0,0707
P158;502784;1024;0,0707
P158;503808;1024;0,0707
P158;504832;234;0,0707
P198;505856;1024;0,0621
P198;506880;1024;0,0621
P198;507904;679;0,0621
P224;508928;1024;0,061
P224;509952;869;0,061
P248;510976;1024;0,0664
P248;512000;1024;0,0664
P248;513024;1024;0,0664
P248;514048;847;0,0664
P311;515072;1024;0,0621
P311;516096;907;0,0621
P338;517120;1024;0,1182
P338;518144;1024;0,1182
P338;519168;1024;0,1182
P338;520192;169;0,1182
P402;521216;972;0,1026
P418;522240;1024;0,095
P418;523264;151;0,095
P450;524288;1024;0,0977
P450;525312;1024;0,0977
P450;526336;174;0,0977
L;527360;0;0
L;528384;0;0
L;529408;0;0
L;530432;0;0
L;531456;0;0
L;532480;0;0
L;533504;0;0
L;534528;0;0
L;535552;0;0
M37;536576;1024;0
M37;537600;1024;0
M37;538624;1024;0
M37;539648;1024;0
M37;540672;1024;0
M37;541696;1024;0
M37;542720;1024;0
M37;543744;1024;0
M37;544768;1024;0
M37;545792;1024;0
M37;546816;1024;0
M37;547840;1024;0
M37;548864;1024;0
M37;549888;1024;0
M37;550912;1024;0
M37;551936;1024;0
M37;552960;1024;0
M37;553984;1024;0
M37;555008;1024;0
M37;556032;1024;0
M37;557056;649;0
P293;558080;152;0,0847
P312;559104;1024;0,0615
P312;560128;1;0,0615
P339;561152;1024;0,1036
P339;562176;1024;0,1036
P339;563200;889;0,1036
P387;564224;284;0,0966
P403;565248;1024;0,0955
P403;566272;1024;0,0955
P403;567296;812;0,0955
P451;568320;1024;0,0972
P451;569344;895;0,0972
P485;570368;1024;0,1463
P485;571392;1024;0,1463
P485;572416;272;0,1463
L;573440;0;0
L;574464;0;0
L;575488;0;0
L;576512;0;0
L;577536;0;0
L;578560;0;0
L;579584;0;0
M25;580608;1024;0
M25;581632;1024;0
M25;582656;1024;0
M25;583680;1024;0
M25;584704;1024;0
M25;585728;1024;0
M25;586752;1024;0
M25;587776;1024;0
M25;588800;1024;0
M25;589824;1024;0
M25;590848;1024;0
M25;591872;1024;0
M25;592896;1024;0
M25;593920;1024;0
M25;594944;1024;0
M25;595968;1024;0
M25;596992;1024;0
M25;598016;1024;0
M25;599040;1024;0
M25;600064;1024;0
M25;601088;1024;0
M25;602112;1024;0
M25;603136;1024;0
M25;604160;1024;0
M25;605184;1024;0
M25;606208;1024;0
M25;607232;1024;0
M25;608256;1024;0
M25;609280;1024;0
M25;610304;1024;0
M25;611328;1024;0
M25;612352;1024;0
M25;613376;1024;0
M25;614400;1024;0
M25;615424;1024;0
M25;616448;1024;0
M25;617472;1024;0
M25;618496;1024;0
M25;619520;1024;0
M25;620544;346;0
L;621568;0;0
M7;622592;1024;0
M7;623616;1024;0
M7;624640;1024;0
M7;625664;1024;0
M7;626688;1024;0
M7;627712;1024;0
M7;628736;1024;0
M7;629760;1024;0
M7;630784;1024;0
M7;631808;1024;0
M7;632832;1024;0
M7;633856;1024;0
M7;634880;923;0
P37;635904;1024;0,061
P37;636928;1024;0,061
P37;637952;238;0,061
P44;638976;1024;0,0615
P44;640000;1024;0,0615
P44;641024;1024;0,0615
P44;642048;857;0,0615
P55;643072;1024;0,0615
P55;644096;1024;0,0615
P55;645120;1024;0,0615
P55;646144;681;0,0615
P70;647168;1024;0,0615
P70;648192;1024;0,0615
P70;649216;1024;0,0615
P70;650240;837;0,0615
P87;651264;1024;0,0739
P87;652288;272;0,0739
P99;653312;1024;0,0621
P99;654336;320;0,0621
P107;655360;1024;0,068
P107;656384;185;0,068
P124;657408;337;0,0988
P127;658432;202;0,0972
P133;659456;1024;0,1463
P133;660480;1024;0,1463
P133;661504;858;0,1463
P159;662528;1024;0,0864
P159;663552;1024;0,0864
P159;664576;1024;0,0864
P159;665600;747;0,0864
P189;666624;1024;0,0621
P189;667648;1024;0,0621
P189;668672;258;0,0621
P212;669696;739;0,0615
P225;670720;1024;0,061
P225;671744;1024;0,061
P225;672768;442;0,061
P264;673792;736;0,0691
P278;674816;314;0,0615
P294;675840;27;0,1161
P313;676864;1024;0,061
P313;677888;786;0,061
P340;678912;1024;0,2284
P340;679936;1024;0,2284
P340;680960;1024;0,2284
P340;681984;92;0,2284
P404;683008;993;0,0977
P419;684032;1024;0,0999
P419;685056;1024;0,0999
P419;686080;1002;0,0999
P467;687104;934;0,0896
P486;688128;1024;0,1517
P486;689152;1024;0,1517
P486;690176;332;0,1517
L;691200;0;0
L;692224;0;0
L;693248;0;0
L;694272;0;0
L;695296;0;0
L;696320;0;0
L;697344;0;0
M33;698368;1024;0
M33;699392;1024;0
M33;700416;1024;0
M33;701440;1024;0
M33;702464;1024;0
M33;703488;1024;0
M33;704512;1024;0
M33;705536;1024;0
M33;706560;1024;0
M33;707584;1024;0
M33;708608;1024;0
M33;709632;1024;0
M33;710656;1024;0
M33;711680;1024;0
M33;712704;1024;0
M33;713728;1024;0
M33;714752;1024;0
M33;715776;1024;0
M33;716800;845;0
P226;717824;1024;0,0804
P226;718848;1024;0,0804
P226;719872;424;0,0804
P265;720896;63;0,0621
P279;721920;772;0,0631
P295;722944;1024;0,1836
P295;723968;1024;0,1836
P295;724992;1024;0,1836
P295;726016;244;0,1836
P357;727040;1024;0,0907
P357;728064;92;0,0907
P388;729088;56;0,0982
P405;730112;1024;0,0966
P405;731136;1024;0,0966
P405;732160;1024;0,0966
P405;733184;134;0,0966
P468;734208;1024;0,0907
P468;735232;1024;0,0907
P468;736256;381;0,0907
L;737280;0;0
L;738304;0;0
L;739328;0;0
L;740352;0;0
L;741376;0;0
L;742400;0;0
L;743424;0;0
L;744448;0;0
M21;745472;1024;0
M21;746496;1024;0
M21;747520;1024;0
M21;748544;1024;0
M21;749568;1024;0
M21;750592;1024;0
M21;751616;1024;0
M21;752640;1024;0
M21;753664;1024;0
M21;754688;1024;0
M21;755712;1024;0
M21;756736;1024;0
M21;757760;1024;0
M21;758784;1024;0
M21;759808;1024;0
M21;760832;1024;0
M21;761856;1024;0
M21;762880;1024;0
M21;763904;1024;0
M21;764928;1024;0
M21;765952;1024;0
M21;766976;1024;0
M21;768000;1024;0
M21;769024;1024;0
M21;770048;1024;0
M21;771072;1024;0
M21;772096;1024;0
M21;773120;1024;0
M21;774144;1024;0
M21;775168;799;0
P190;776192;1024;0,0615
P190;777216;1024;0,0615
P190;778240;1024;0,0615
P190;779264;431;0,0615
P227;780288;1024;0,0934
P227;781312;1024;0,0934
P227;782336;266;0,0934
P266;783360;296;0,0637
P280;784384;1024;0,0874
P280;785408;386;0,0874
P314;786432;1024;0,0658
P314;787456;417;0,0658
P341;788480;1024;0,479
P341;789504;1024;0,479
P341;790528;175;0,479
P389;791552;1024;0,0966
P389;792576;661;0,0966
P420;793600;1024;0,0977
P420;794624;1024;0,0977
P420;795648;622;0,0977
P469;796672;1024;0,0939
P469;797696;295;0,0939
L;798720;0;0
L;799744;0;0
L;800768;0;0
L;801792;0;0
L;802816;0;0
L;803840;0;0
L;804864;0;0
L;805888;0;0
L;806912;0;0
M31;807936;1024;0
M31;808960;1024;0
M31;809984;1024;0
M31;811008;1024;0
M31;812032;1024;0
M31;813056;1024;0
M31;814080;1024;0
M31;815104;1024;0
M31;816128;1024;0
M31;817152;1024;0
M31;818176;1024;0
M31;819200;1024;0
M31;820224;1024;0
M31;821248;1024;0
M31;822272;1024;0
M31;823296;1024;0
M31;824320;1024;0
M31;825344;1024;0
M31;826368;1024;0
M31;827392;1024;0
M31;828416;81;0
P169;829440;148;0,061
P179;830464;1024;0,0615
P179;831488;1024;0,0615
P179;832512;1024;0,0615
P179;833536;247;0,0615
P213;834560;1024;0,0696
P213;835584;1024;0,0696
P213;836608;92;0,0696
P249;837632;367;0,0723
P267;838656;1024;0,0615
P267;839680;1024;0,0615
P267;840704;318;0,0615
P315;841728;581;0,0907
P328;842752;1024;0,0756
P328;843776;1024;0,0756
P328;844800;1024;0,0756
P328;845824;98;0,0756
P390;846848;1024;0,0982
P390;847872;1024;0,0982
P390;848896;36;0,0982
P437;849920;1024;0,0982
P437;850944;1024;0,0982
P437;851968;1024;0,0982
P437;852992;55;0,0982
L;854016;0;0
L;855040;0;0
L;856064;0;0
L;857088;0;0
L;858112;0;0
L;859136;0;0
L;860160;0;0
L;861184;0;0
L;862208;0;0
M6;863232;1024;0
M6;864256;1024;0
M6;865280;1024;0
M6;866304;1024;0
M6;867328;1024;0
M6;868352;1024;0
M6;869376;1024;0
M6;870400;1024;0
M6;871424;1024;0
M6;872448;1024;0
M6;873472;1024;0
M6;874496;1024;0
M6;875520;1024;0
M6;876544;1024;0
M6;877568;1024;0
M6;878592;1024;0
M6;879616;1024;0
M6;880640;1024;0
M6;881664;1024;0
M6;882688;1024;0
M6;883712;1024;0
M6;884736;1024;0
M6;885760;1024;0
M6;886784;1024;0
M6;887808;1024;0
M6;888832;1024;0
M6;889856;1024;0
M6;890880;1024;0
M6;891904;1024;0
M6;892928;1024;0
M6;893952;1024;0
M6;894976;1024;0
M6;896000;581;0
P65;897024;1024;0,0621
P65;898048;1024;0,0621
P65;899072;408;0,0621
P77;900096;941;0,0621
P80;901120;162;0,0815
P88;902144;1024;0,061
P88;903168;1024;0,061
P88;904192;575;0,061
P103;905216;1024;0,0772
P103;906240;1024;0,0772
P103;907264;1024;0,0772
P103;908288;765;0,0772
P128;909312;1024;0,0977
P128;910336;286;0,0977
P141;911360;1024;0,0664
P141;912384;1024;0,0664
P141;913408;1024;0,0664
P141;914432;242;0,0664
P170;915456;1009;0,0626
P180;916480;1024;0,0621
P180;917504;1024;0,0621
P180;918528;929;0,0621
P205;919552;1024;0,0615
P205;920576;1024;0,0615
P205;921600;914;0,0615
P240;922624;579;0,0615
P250;923648;756;0,0615
P268;924672;318;0,075
P281;925696;1024;0,0626
P281;926720;1024;0,0626
P281;927744;1024;0,0626
P281;928768;612;0,0626
P342;929792;1024;0,2419
P342;930816;1024;0,2419
P342;931840;1024;0,2419
P342;932864;491;0,2419
P406;933888;1024;0,1015
P406;934912;1024;0,1015
P406;935936;383;0,1015
P452;936960;1024;0,1015
P452;937984;1024;0,1015
P452;939008;400;0,1015
L;940032;0;0
L;941056;0;0
L;942080;0;0
L;943104;0;0
L;944128;0;0
L;945152;0;0
L;946176;0;0
L;947200;0;0
L;948224;0;0
M4;949248;1024;0
M4;950272;1024;0
M4;951296;1024;0
M4;952320;1024;0
M4;953344;1024;0
M4;954368;1024;0
M4;955392;1024;0
M4;956416;1024;0
M4;957440;1024;0
M4;958464;1024;0
M4;959488;1024;0
M4;960512;1024;0
M4;961536;1024;0
M4;962560;28;0
P370;963584;622;0,1225
P391;964608;1024;0,0982
P391;965632;1024;0,0982
P391;966656;1024;0,0982
P391;967680;125;0,0982
P453;968704;130;0,0901
P470;969728;349;0,0907
P487;970752;1024;0,1566
P487;971776;1024;0,1566
P487;972800;528;0,1566
L;973824;0;0
L;974848;0;0
L;975872;0;0
L;976896;0;0
L;977920;0;0
L;978944;0;0
L;979968;0;0
M13;980992;1024;0
M13;982016;924;0
P316;983040;1024;0,0869
P316;984064;1024;0,0869
P316;985088;888;0,0869
P358;986112;1024;0,0901
P358;987136;214;0,0901
P392;988160;1024;0,1009
P392;989184;1024;0,1009
P392;990208;1024;0,1009
P392;991232;249;0,1009
P454;992256;946;0,0928
P471;993280;1024;0,0928
P471;994304;1024;0,0928
P471;995328;1024;0,0928
P471;996352;41;0,0928
L;997376;0;0
L;998400;0;0
L;999424;0;0
L;1000448;0;0
L;1001472;0;0
L;1002496;0;0
L;1003520;0;0
M11;1004544;1024;0
M11;1005568;1024;0
M11;1006592;1024;0
M11;1007616;1024;0
M11;1008640;1024;0
M11;1009664;1024;0
M11;1010688;1024;0
M11;1011712;1024;0
M11;1012736;1024;0
M11;1013760;1024;0
M11;1014784;1024;0
M11;1015808;1024;0
M11;1016832;1024;0
M11;1017856;1024;0
M11;1018880;1024;0
M11;1019904;1024;0
M11;1020928;1024;0
M11;1021952;986;0
P66;1022976;1024;0,0604
P66;1024000;1024;0,0604
P66;1025024;1024;0,0604
P66;1026048;218;0,0604
P81;1027072;1024;0,0621
P81;1028096;790;0,0621
P92;1029120;1024;0,0621
P92;1030144;679;0,0621
P104;1031168;1024;0,0626
P104;1032192;1019;0,0626
P117;1033216;1024;0,0621
P117;1034240;1024;0,0621
P117;1035264;1024;0,0621
P117;1036288;838;0,0621
P142;1037312;1024;0,0615
P142;1038336;1024;0,0615
P142;1039360;1024;0,0615
P142;1040384;201;0,0615
P171;1041408;1024;0,0615
P171;1042432;86;0,0615
P191;1043456;351;0,0745
P199;1044480;1024;0,0615
P199;1045504;1024;0,0615
P199;1046528;1024;0,0615
P199;1047552;74;0,0615
P241;1048576;1024;0,061
P241;1049600;1024;0,061
P241;1050624;1024;0,061
P241;1051648;453;0,061
P296;1052672;1024;0,0993
P296;1053696;1024;0,0993
P296;1054720;295;0,0993
P343;1055744;1024;0,1009
P343;1056768;1024;0,1009
P343;1057792;352;0,1009
P393;1058816;1024;0,0961
P393;1059840;382;0,0961
P421;1060864;1024;0,0999
P421;1061888;1024;0,0999
P421;1062912;1024;0,0999
P421;1063936;333;0,0999
P488;1064960;848;0,1555
L;1065984;0;0
L;1067008;0;0
L;1068032;0;0
L;1069056;0;0
L;1070080;0;0
L;1071104;0;0
L;1072128;0;0
L;1073152;0;0
L;1074176;0;0
M41;1075200;1024;0
M41;1076224;1024;0
M41;1077248;1024;0
M41;1078272;408;0
P422;1079296;1024;0,1182
P422;1080320;1024;0,1182
P422;1081344;162;0,1182
P472;1082368;1024;0,0912
P472;1083392;1024;0,0912
P472;1084416;431;0,0912
L;1085440;0;0
L;1086464;0;0
L;1087488;0;0
L;1088512;0;0
L;1089536;0;0
L;1090560;0;0
L;1091584;0;0
L;1092608;0;0
M18;1093632;1024;0
M18;1094656;1024;0
M18;1095680;126;0
P0;1096704;1024;1,2967
P0;1097728;1024;1,2967
P0;1098752;1024;1,2967
P0;1099776;695;1,2967
P1;1100800;1024;0,0664
P1;1101824;1024;0,0664
P1;1102848;363;0,0664
P5;1103872;1024;0,0604
P5;1104896;1024;0,0604
P5;1105920;864;0,0604
P9;1106944;737;0,061
P10;1107968;1024;0,0615
P10;1108992;1024;0,0615
P10;1110016;1024;0,0615
P10;1111040;935;0,0615
P15;1112064;1024;0,0648
P15;1113088;1024;0,0648
P15;1114112;608;0,0648
P19;1115136;1024;0,061
P19;1116160;766;0,061
P23;1117184;1024;0,0615
P23;1118208;1024;0,0615
P23;1119232;639;0,0615
P30;1120256;1024;0,061
P30;1121280;1024;0,061
P30;1122304;1024;0,061
P30;1123328;886;0,061
P38;1124352;948;0,0615
P40;1125376;1024;0,0615
P40;1126400;1024;0,0615
P40;1127424;1024;0,0615
P40;1128448;1024;0,0615
P40;1129472;408;0,0615
P53;1130496;1024;0,061
P53;1131520;1024;0,061
P53;1132544;1024;0,061
P53;1133568;323;0,061
P67;1134592;376;0,061
P71;1135616;1024;0,0621
P71;1136640;1024;0,0621
P71;1137664;43;0,0621
P82;1138688;754;0,0621
P89;1139712;1024;0,0621
P89;1140736;1024;0,0621
P89;1141760;1024;0,0621
P89;1142784;661;0,0621
P108;1143808;300;0,0621
P118;1144832;1024;0,061
P118;1145856;1024;0,061
P118;1146880;714;0,061
P134;1147904;209;0,1101
P143;1148928;1024;0,061
P143;1149952;1024;0,061
P143;1150976;1024;0,061
P143;1152000;418;0,061
P172;1153024;1024;0,0955
P172;1154048;1024;0,0955
P172;1155072;1024;0,0955
P172;1156096;56;0,0955
P206;1157120;1024;0,0615
P206;1158144;1024;0,0615
P206;1159168;1024;0,0615
P206;1160192;334;0,0615
P251;1161216;1024;0,0615
P251;1162240;923;0,0615
P282;1163264;1024;0,0621
P282;1164288;789;0,0621
P317;1165312;868;0,0955
P329;1166336;1024;0,061
P329;1167360;944;0,061
P359;1168384;1024;0,0907
P359;1169408;1024;0,0907
P359;1170432;1024;0,0907
P359;1171456;143;0,0907
P423;1172480;1024;0,0977
P423;1173504;989;0,0977
P455;1174528;1024;0,0901
P455;1175552;1024;0,0901
P455;1176576;77;0,0901
L;1177600;0;0
L;1178624;0;0
L;1179648;0;0
L;1180672;0;0
L;1181696;0;0
L;1182720;0;0
L;1183744;0;0
L;1184768;0;0
L;1185792;0;0
M23;1186816;1024;0
M23;1187840;1024;0
M23;1188864;515;0
P360;1189888;1024;0,0912
P360;1190912;1024;0,0912
P360;1191936;1024;0,0912
P360;1192960;230;0,0912
P424;1193984;452;0,0982
P438;1195008;1024;0,0993
P438;1196032;939;0,0993
P473;1197056;1024;0,1231
P473;1198080;653;0,1231
L;1199104;0;0
L;1200128;0;0
L;1201152;0;0
L;1202176;0;0
L;1203200;0;0
L;1204224;0;0
L;1205248;0;0
L;1206272;0;0
L;1207296;0;0
M5;1208320;1024;0
M5;1209344;1024;0
M5;1210368;1024;0
M5;1211392;1024;0
M5;1212416;1024;0
M5;1213440;1024;0
M5;1214464;1024;0
M5;1215488;1024;0
M5;1216512;1024;0
M5;1217536;1024;0
M5;1218560;1024;0
M5;1219584;1024;0
M5;1220608;1024;0
M5;1221632;1024;0
M5;1222656;1024;0
M5;1223680;1024;0
M5;1224704;1024;0
M5;1225728;1024;0
M5;1226752;1024;0
M5;1227776;1024;0
M5;1228800;1024;0
M5;1229824;1024;0
M5;1230848;1024;0
M5;1231872;1024;0
M5;1232896;1024;0
M5;1233920;1024;0
M5;1234944;1024;0
M5;1235968;1024;0
M5;1236992;1024;0
M5;1238016;1024;0
M5;1239040;1024;0
M5;1240064;1024;0
M5;1241088;1024;0
M5;1242112;1024;0
M5;1243136;1024;0
M5;1244160;1024;0
M5;1245184;1024;0
M5;1246208;1024;0
M5;1247232;1024;0
M5;1248256;154;0
P154;1249280;1024;0,061
P154;1250304;1024;0,061
P154;1251328;1024;0,061
P154;1252352;764;0,061
P181;1253376;1024;0,0621
P181;1254400;1024;0,0621
P181;1255424;1024;0,0621
P181;1256448;132;0,0621
P214;1257472;844;0,0615
P228;1258496;215;0,0696
P242;1259520;1024;0,0793
P242;1260544;1024;0,0793
P242;1261568;1024;0,0793
P242;1262592;69;0,0793
P297;1263616;1024;0,1047
P297;1264640;552;0,1047
P330;1265664;563;0,0631
P344;1266688;1024;0,0977
P344;1267712;922;0,0977
P371;1268736;1024;0,109
P371;1269760;708;0,109
P407;1270784;283;0,1009
P425;1271808;1024;0,0972
P425;1272832;390;0,0972
P456;1273856;1024;0,0934
P456;1274880;835;0,0934
P489;1275904;1024;0,1463
P489;1276928;1024;0,1463
P489;1277952;118;0,1463
L;1278976;0;0
L;1280000;0;0
L;1281024;0;0
L;1282048;0;0
L;1283072;0;0
L;1284096;0;0
L;1285120;0;0
M44;1286144;1024;0
M44;1287168;1024;0
M44;1288192;1024;0
M44;1289216;1024;0
M44;1290240;225;0
P83;1291264;1024;0,061
P83;1292288;234;0,061
P93;1293312;1024;0,0675
P93;1294336;1024;0,0675
P93;1295360;153;0,0675
P109;1296384;1024;0,0615
P109;1297408;1024;0,0615
P109;1298432;1024;0,0615
P109;1299456;956;0,0615
P135;1300480;1024;0,1107
P135;1301504;453;0,1107
P155;1302528;1024;0,0615
P155;1303552;1024;0,0615
P155;1304576;166;0,0615
P173;1305600;1024;0,0901
P173;1306624;1024;0,0901
P173;1307648;1024;0,0901
P173;1308672;1024;0,0901
P173;1309696;116;0,0901
P215;1310720;1024;0,0621
P215;1311744;1024;0,0621
P215;1312768;736;0,0621
P252;1313792;985;0,061
P269;1314816;1024;0,0615
P269;1315840;1024;0,0615
P269;1316864;252;0,0615
P318;1317888;1024;0,0837
P318;1318912;1024;0,0837
P318;1319936;1024;0,0837
P318;1320960;564;0,0837
P372;1321984;1024;0,1096
P372;1323008;1024;0,1096
P372;1324032;427;0,1096
P426;1325056;1024;0,0993
P426;1326080;1024;0,0993
P426;1327104;1024;0,0993
P426;1328128;278;0,0993
P490;1329152;1024;0,1479
P490;1330176;1024;0,1479
P490;1331200;819;0,1479
L;1332224;0;0
L;1333248;0;0
L;1334272;0;0
L;1335296;0;0
L;1336320;0;0
L;1337344;0;0
L;1338368;0;0
M30;1339392;1024;0
M30;1340416;1024;0
M30;1341440;1024;0
M30;1342464;1024;0
M30;1343488;1024;0
M30;1344512;1024;0
M30;1345536;1024;0
M30;1346560;1024;0
M30;1347584;1024;0
M30;1348608;1024;0
M30;1349632;1024;0
M30;1350656;1024;0
M30;1351680;1024;0
M30;1352704;1024;0
M30;1353728;1024;0
M30;1354752;1024;0
M30;1355776;1024;0
M30;1356800;1024;0
M30;1357824;1024;0
M30;1358848;1024;0
M30;1359872;1024;0
M30;1360896;1024;0
M30;1361920;1024;0
M30;1362944;1024;0
M30;1363968;1024;0
M30;1364992;1024;0
M30;1366016;1024;0
M30;1367040;1024;0
M30;1368064;1024;0
M30;1369088;195;0
P20;1370112;1024;0,0604
P20;1371136;1024;0,0604
P20;1372160;947;0,0604
P27;1373184;1024;0,061
P27;1374208;1024;0,061
P27;1375232;1024;0,061
P27;1376256;1024;0,061
P27;1377280;784;0,061
P35;1378304;1024;0,0604
P35;1379328;1024;0,0604
P35;1380352;1024;0,0604
P35;1381376;553;0,0604
P45;1382400;1024;0,061
P45;1383424;512;0,061
P50;1384448;1024;0,061
P50;1385472;1024;0,061
P50;1386496;389;0,061
P59;1387520;1024;0,061
P59;1388544;1024;0,061
P59;1389568;1024;0,061
P59;1390592;393;0,061
P74;1391616;1024;0,0626
P74;1392640;1024;0,0626
P74;1393664;28;0,0626
P90;1394688;1024;0,061
P90;1395712;1024;0,061
P90;1396736;1024;0,061
P90;1397760;4;0,061
P110;1398784;1024;0,061
P110;1399808;1024;0,061
P110;1400832;1024;0,061
P110;1401856;833;0,061
P136;1402880;1024;0,1069
P136;1403904;1024;0,1069
P136;1404928;1024;0,1069
P136;1405952;627;0,1069
P165;1406976;1024;0,061
P165;1408000;749;0,061
P182;1409024;61;0,061
P192;1410048;1024;0,0615
P192;1411072;292;0,0615
P207;1412096;388;0,061
P216;1413120;319;0,061
P229;1414144;1024;0,0615
P229;1415168;154;0,0615
P253;1416192;1024;0,0615
P253;1417216;1024;0,0615
P253;1418240;1024;0,0615
P253;1419264;89;0,0615
P319;1420288;1024;0,081
P319;1421312;534;0,081
P345;1422336;1024;0,1204
P345;1423360;1024;0,1204
P345;1424384;625;0,1204
P394;1425408;1024;0,0972
P394;1426432;247;0,0972
P427;1427456;1024;0,0993
P427;1428480;1024;0,0993
P427;1429504;152;0,0993
P474;1430528;1024;0,0907
P474;1431552;1024;0,0907
P474;1432576;111;0,0907
L;1433600;0;0
L;1434624;0;0
L;1435648;0;0
L;1436672;0;0
L;1437696;0;0
L;1438720;0;0
L;1439744;0;0
L;1440768;0;0
M34;1441792;1024;0
M34;1442816;1024;0
M34;1443840;1024;0
M34;1444864;1024;0
M34;1445888;1024;0
M34;1446912;1024;0
M34;1447936;1024;0
M34;1448960;1024;0
M34;1449984;1024;0
M34;1451008;1024;0
M34;1452032;1024;0
M34;1453056;635;0
P75;1454080;1024;0,0615
P75;1455104;1024;0,0615
P75;1456128;1024;0,0615
P75;1457152;621;0,0615
P94;1458176;405;0,0675
P100;1459200;1024;0,0631
P100;1460224;1024;0,0631
P100;1461248;850;0,0631
P119;1462272;1024;0,0631
P119;1463296;848;0,0631
P129;1464320;1024;0,0982
P129;1465344;698;0,0982
P144;1466368;1024;0,0615
P144;1467392;173;0,0615
P160;1468416;1024;0,0912
P160;1469440;130;0,0912
P174;1470464;1024;0,0615
P174;1471488;693;0,0615
P193;1472512;1024;0,0626
P193;1473536;1024;0,0626
P193;1474560;1024;0,0626
P193;1475584;294;0,0626
P230;1476608;1024;0,0626
P230;1477632;1024;0,0626
P230;1478656;293;0,0626
P270;1479680;369;0,0621
P283;1480704;83;0,0621
P298;1481728;1024;0,1026
P298;1482752;1008;0,1026
P331;1483776;1024;0,0615
P331;1484800;1024;0,0615
P331;1485824;219;0,0615
P373;1486848;1024;0,1674
P373;1487872;1024;0,1674
P373;1488896;1024;0,1674
P373;1489920;310;0,1674
P439;1490944;1024;0,1015
P439;1491968;1024;0,1015
P439;1492992;1024;0,1015
P439;1494016;15;0,1015
L;1495040;0;0
L;1496064;0;0
L;1497088;0;0
L;1498112;0;0
L;1499136;0;0
L;1500160;0;0
L;1501184;0;0
L;1502208;0;0
L;1503232;0;0
M36;1504256;1024;0
M36;1505280;1024;0
M36;1506304;1024;0
M36;1507328;138;0
L;1508352;0;0
M8;1509376;1024;0
M8;1510400;1024;0
M8;1511424;1024;0
M8;1512448;1024;0
M8;1513472;1024;0
M8;1514496;1024;0
M8;1515520;1024;0
M8;1516544;1024;0
M8;1517568;1024;0
M8;1518592;1024;0
M8;1519616;1024;0
M8;1520640;1024;0
M8;1521664;1024;0
M8;1522688;1024;0
M8;1523712;1024;0
M8;1524736;230;0
L;1525760;0;0
L;1526784;0;0
L;1527808;0;0
M38;1528832;1024;0
M38;1529856;1024;0
M38;1530880;1024;0
M38;1531904;1024;0
M38;1532928;1024;0
M38;1533952;1024;0
M38;1534976;1024;0
M38;1536000;1024;0
M38;1537024;1024;0
M38;1538048;1024;0
M38;1539072;1024;0
M38;1540096;1024;0
M38;1541120;1024;0
M38;1542144;1024;0
M38;1543168;1024;0
M38;1544192;1024;0
M38;1545216;1024;0
M38;1546240;1024;0
M38;1547264;1024;0
M38;1548288;1024;0
M38;1549312;1024;0
M38;1550336;1024;0
M38;1551360;1024;0
M38;1552384;1024;0
M38;1553408;1024;0
M38;1554432;1024;0
M38;1555456;1024;0
M38;1556480;1024;0
M38;1557504;1024;0
M38;1558528;1024;0
M38;1559552;1024;0
M38;1560576;563;0
P284;1561600;903;0,061
P299;1562624;1024;0,0988
P299;1563648;1024;0,0988
P299;1564672;1024;0,0988
P299;1565696;733;0,0988
P361;1566720;723;0,0912
P374;1567744;173;0,1204
P395;1568768;1024;0,0966
P395;1569792;1024;0,0966
P395;1570816;214;0,0966
P440;1571840;34;0,0982
P457;1572864;1024;0,0923
P457;1573888;1024;0,0923
P457;1574912;132;0,0923
L;1575936;0;0
L;1576960;0;0
L;1577984;0;0
L;1579008;0;0
L;1580032;0;0
L;1581056;0;0
L;1582080;0;0
L;1583104;0;0
L;1584128;0;0
M1;1585152;1024;0
M1;1586176;1024;0
M1;1587200;1024;0
M1;1588224;1024;0
M1;1589248;1024;0
M1;1590272;1024;0
M1;1591296;1024;0
M1;1592320;1024;0
M1;1593344;1024;0
M1;1594368;1024;0
M1;1595392;1024;0
M1;1596416;1024;0
M1;1597440;1024;0
M1;1598464;1024;0
M1;1599488;1024;0
M1;1600512;1024;0
M1;1601536;1024;0
M1;1602560;1024;0
M1;1603584;1024;0
M1;1604608;1024;0
M1;1605632;1024;0
M1;1606656;1024;0
M1;1607680;1024;0
M1;1608704;1024;0
M1;1609728;1024;0
M1;1610752;1024;0
M1;1611776;1024;0
M1;1612800;1024;0
M1;1613824;1024;0
M1;1614848;1024;0
M1;1615872;1024;0
M1;1616896;1024;0
M1;1617920;1024;0
M1;1618944;1024;0
M1;1619968;1024;0
M1;1620992;1024;0
M1;1622016;1024;0
M1;1623040;765;0
P84;1624064;1024;0,0615
P84;1625088;669;0,0615
P95;1626112;1024;0,1204
P95;1627136;807;0,1204
P105;1628160;285;0,0621
P111;1629184;292;0,061
P120;1630208;1024;0,0615
P120;1631232;1024;0,0615
P120;1632256;304;0,0615
P137;1633280;1024;0,1107
P137;1634304;313;0,1107
P156;1635328;1024;0,0615
P156;1636352;1024;0,0615
P156;1637376;163;0,0615
P175;1638400;1024;0,0604
P175;1639424;1024;0,0604
P175;1640448;1024;0,0604
P175;1641472;276;0,0604
P208;1642496;1024;0,0615
P208;1643520;644;0,0615
P231;1644544;512;0,0615
P243;1645568;390;0,0615
P254;1646592;1024;0,0615
P254;1647616;1024;0,0615
P254;1648640;250;0,0615
P300;1649664;64;0,1112
P320;1650688;1024;0,061
P320;1651712;783;0,061
P346;1652736;1024;0,0955
P346;1653760;1024;0,0955
P346;1654784;1024;0,0955
P346;1655808;77;0,0955
P408;1656832;1024;0,095
P408;1657856;1024;0,095
P408;1658880;1024;0,095
P408;1659904;10;0,095
P475;1660928;1024;0,0901
P475;1661952;1024;0,0901
P475;1662976;120;0,0901
L;1664000;0;0
L;1665024;0;0
L;1666048;0;0
L;1667072;0;0
L;1668096;0;0
L;1669120;0;0
L;1670144;0;0
L;1671168;0;0
M45;1672192;1024;0
M45;1673216;1024;0
M45;1674240;1024;0
M45;1675264;1024;0
M45;1676288;296;0
P2;1677312;623;0,061
P4;1678336;1024;0,0615
P4;1679360;107;0,0615
P6;1680384;1024;0,061
P6;1681408;1024;0,061
P6;1682432;515;0,061
P11;1683456;1024;0,0604
P11;1684480;1024;0,0604
P11;1685504;1024;0,0604
P11;1686528;305;0,0604
P16;1687552;1024;0,0615
P16;1688576;1024;0,0615
P16;1689600;1024;0,0615
P16;1690624;1024;0,0615
P16;1691648;465;0,0615
P24;1692672;1024;0,061
P24;1693696;726;0,061
P28;1694720;1024;0,0604
P28;1695744;1024;0,0604
P28;1696768;605;0,0604
P33;1697792;796;0,0658
P36;1698816;1024;0,0615
P36;1699840;1024;0,0615
P36;1700864;1024;0,0615
P36;1701888;397;0,0615
P46;1702912;1024;0,0615
P46;1703936;1024;0,0615
P46;1704960;229;0,0615
P54;1705984;1024;0,0604
P54;1707008;1024;0,0604
P54;1708032;853;0,0604
P63;1709056;1024;0,0637
P63;1710080;1024;0,0637
P63;1711104;1024;0,0637
P63;1712128;1024;0,0637
P63;1713152;293;0,0637
P85;1714176;1024;0,0615
P85;1715200;1024;0,0615
P85;1716224;249;0,0615
P101;1717248;1024;0,0615
P101;1718272;770;0,0615
P112;1719296;1024;0,0804
P112;1720320;1024;0,0804
P112;1721344;1024;0,0804
P112;1722368;68;0,0804
P138;1723392;604;0,1544
P145;1724416;1024;0,0615
P145;1725440;319;0,0615
P161;1726464;952;0,0853
P166;1727488;1024;0,0615
P166;1728512;1024;0,0615
P166;1729536;796;0,0615
P194;1730560;896;0,061
P200;1731584;1024;0,0615
P200;1732608;998;0,0615
P217;1733632;686;0,0707
P232;1734656;1024;0,0626
P232;1735680;1024;0,0626
P232;1736704;1024;0,0626
P232;1737728;796;0,0626
P285;1738752;1024;0,0615
P285;1739776;1024;0,0615
P285;1740800;325;0,0615
P332;1741824;1024;0,0702
P332;1742848;850;0,0702
P362;1743872;1024;0,0912
P362;1744896;1024;0,0912
P362;1745920;127;0,0912
P409;1746944;1024;0,0982
P409;1747968;1024;0,0982
P409;1748992;1024;0,0982
P409;1750016;29;0,0982
P476;1751040;343;0,0907
P491;1752064;1024;0,1474
P491;1753088;792;0,1474
L;1754112;0;0
L;1755136;0;0
L;1756160;0;0
L;1757184;0;0
L;1758208;0;0
L;1759232;0;0
L;1760256;0;0
L;1761280;0;0
M35;1762304;1024;0
M35;1763328;1024;0
M35;1764352;1024;0
M35;1765376;1024;0
M35;1766400;1024;0
M35;1767424;685;0
L;1768448;0;0
L;1769472;0;0
L;1770496;0;0
L;1771520;0;0
L;1772544;0;0
L;1773568;0;0
M17;1774592;1024;0
M17;1775616;1024;0
M17;1776640;1024;0
M17;1777664;1024;0
M17;1778688;1024;0
M17;1779712;1024;0
M17;1780736;1024;0
M17;1781760;1024;0
M17;1782784;993;0
P3;1783808;1024;0,061
P3;1784832;1024;0,061
P3;1785856;247;0,061
P7;1786880;1024;0,061
P7;1787904;1024;0,061
P7;1788928;1024;0,061
P7;1789952;1024;0,061
P7;1790976;271;0,061
P13;1792000;1024;0,061
P13;1793024;43;0,061
P17;1794048;742;0,0604
P18;1795072;1024;0,061
P18;1796096;965;0,061
P21;1797120;1024;0,061
P21;1798144;1024;0,061
P21;1799168;1024;0,061
P21;1800192;1024;0,061
P21;1801216;708;0,061
P31;1802240;1024;0,0658
P31;1803264;346;0,0658
P34;1804288;1024;0,061
P34;1805312;1024;0,061
P34;1806336;797;0,061
P41;1807360;1024;0,0604
P41;1808384;1024;0,0604
P41;1809408;1024;0,0604
P41;1810432;923;0,0604
P51;1811456;1024;0,0604
P51;1812480;472;0,0604
P56;1813504;365;0,061
P60;1814528;1017;0,0604
P64;1815552;1024;0,0793
P64;1816576;637;0,0793
P72;1817600;1024;0,0626
P72;1818624;1024;0,0626
P72;1819648;1024;0,0626
P72;1820672;1024;0,0626
P72;1821696;431;0,0626
P96;1822720;1024;0,0901
P96;1823744;1024;0,0901
P96;1824768;232;0,0901
P113;1825792;1024;0,0615
P113;1826816;1024;0,0615
P113;1827840;1024;0,0615
P113;1828864;707;0,0615
P139;1829888;1024;0,0745
P139;1830912;1024;0,0745
P139;1831936;784;0,0745
P162;1832960;1024;0,061
P162;1833984;1024;0,061
P162;1835008;261;0,061
P183;1836032;1024;0,0621
P183;1837056;1024;0,0621
P183;1838080;1024;0,0621
P183;1839104;591;0,0621
P218;1840128;1024;0,0642
P218;1841152;1024;0,0642
P218;1842176;630;0,0642
P255;1843200;1024;0,0615
P255;1844224;1024;0,0615
P255;1845248;1024;0,0615
P255;1846272;162;0,0615
P321;1847296;1024;0,0615
P321;1848320;1024;0,0615
P321;1849344;953;0,0615
P363;1850368;17;0,0955
P375;1851392;1024;0,1069
P375;1852416;1024;0,1069
P375;1853440;1024;0,1069
P375;1854464;353;0,1069
P441;1855488;1024;0,0999
P441;1856512;558;0,0999
P477;1857536;1024;0,0939
P477;1858560;1024;0,0939
P477;1859584;5;0,0939
L;1860608;0;0
L;1861632;0;0
L;1862656;0;0
L;1863680;0;0
L;1864704;0;0
L;1865728;0;0
L;1866752;0;0
L;1867776;0;0
M24;1868800;1024;0
M24;1869824;1024;0
M24;1870848;1024;0
M24;1871872;1024;0
M24;1872896;1024;0
M24;1873920;1024;0
M24;1874944;1024;0
M24;1875968;1024;0
M24;1876992;1024;0
M24;1878016;1024;0
M24;1879040;1024;0
M24;1880064;1024;0
M24;1881088;1024;0
M24;1882112;1024;0
M24;1883136;1024;0
M24;1884160;1024;0
M24;1885184;1024;0
M24;1886208;1024;0
M24;1887232;1024;0
M24;1888256;1024;0
M24;1889280;1024;0
M24;1890304;1024;0
M24;1891328;1024;0
M24;1892352;1024;0
M24;1893376;1024;0
M24;1894400;1024;0
M24;1895424;1024;0
M24;1896448;1024;0
M24;1897472;1024;0
M24;1898496;1024;0
M24;1899520;1024;0
M24;1900544;1024;0
M24;1901568;1024;0
M24;1902592;1024;0
M24;1903616;1024;0
M24;1904640;1024;0
M24;1905664;1024;0
M24;1906688;1024;0
M24;1907712;558;0
P125;1908736;1024;0,0988
P125;1909760;1024;0,0988
P125;1910784;128;0,0988
P146;1911808;1024;0,0615
P146;1912832;1024;0,0615
P146;1913856;1024;0,0615
P146;1914880;428;0,0615
P176;1915904;441;0,0621
P184;1916928;1024;0,0621
P184;1917952;1024;0,0621
P184;1918976;539;0,0621
P209;1920000;1024;0,0615
P209;1921024;1024;0,0615
P209;1922048;1024;0,0615
P209;1923072;915;0,0615
P256;1924096;410;0,0615
P271;1925120;1024;0,0615
P271;1926144;322;0,0615
P301;1927168;1024;0,1177
P301;1928192;1024;0,1177
P301;1929216;337;0,1177
P347;1930240;305;0,095
P364;1931264;619;0,0901
P376;1932288;1024;0,1036
P376;1933312;1024;0,1036
P376;1934336;739;0,1036
P428;1935360;1024;0,095
P428;1936384;516;0,095
P458;1937408;1024;0,0972
P458;1938432;1024;0,0972
P458;1939456;902;0,0972
L;1940480;0;0
L;1941504;0;0
L;1942528;0;0
L;1943552;0;0
L;1944576;0;0
L;1945600;0;0
L;1946624;0;0
L;1947648;0;0
L;1948672;0;0
M12;1949696;1024;0
M12;1950720;1024;0
M12;1951744;1024;0
M12;1952768;1024;0
M12;1953792;1024;0
M12;1954816;1024;0
M12;1955840;1024;0
M12;1956864;1024;0
M12;1957888;1024;0
M12;1958912;1024;0
M12;1959936;1024;0
M12;1960960;1024;0
M12;1961984;1024;0
M12;1963008;1024;0
M12;1964032;1024;0
M12;1965056;1024;0
M12;1966080;1024;0
M12;1967104;1024;0
M12;1968128;1024;0
M12;1969152;1024;0
M12;1970176;1024;0
M12;1971200;1024;0
M12;1972224;1024;0
M12;1973248;1024;0
M12;1974272;1024;0
M12;1975296;1024;0
M12;1976320;1024;0
M12;1977344;1024;0
M12;1978368;1024;0
M12;1979392;1024;0
M12;1980416;1024;0
M12;1981440;1024;0
M12;1982464;1024;0
M12;1983488;713;0
P377;1984512;1024;0,1036
P377;1985536;469;0,1036
P410;1986560;1024;0,0966
P410;1987584;593;0,0966
P442;1988608;1024;0,1015
P442;1989632;1024;0,1015
P442;1990656;1024;0,1015
P442;1991680;174;0,1015
L;1992704;0;0
L;1993728;0;0
L;1994752;0;0
L;1995776;0;0
L;1996800;0;0
L;1997824;0;0
L;1998848;0;0
L;1999872;0;0
L;2000896;0;0
M19;2001920;1024;0
M19;2002944;1024;0
M19;2003968;1024;0
M19;2004992;1024;0
M19;2006016;1024;0
M19;2007040;1024;0
M19;2008064;1024;0
M19;2009088;1024;0
M19;2010112;1024;0
M19;2011136;1024;0
M19;2012160;1024;0
M19;2013184;1024;0
M19;2014208;715;0
P286;2015232;1024;0,0615
P286;2016256;987;0,0615
P322;2017280;1024;0,0626
P322;2018304;1024;0,0626
P322;2019328;404;0,0626
P365;2020352;1024;0,0912
P365;2021376;40;0,0912
P396;2022400;1024;0,1215
P396;2023424;222;0,1215
P429;2024448;1024;0,0966
P429;2025472;901;0,0966
P459;2026496;54;0,0923
P478;2027520;1024;0,1409
P478;2028544;1024;0,1409
P478;2029568;814;0,1409
L;2030592;0;0
L;2031616;0;0
L;2032640;0;0
L;2033664;0;0
L;2034688;0;0
L;2035712;0;0
L;2036736;0;0
L;2037760;0;0
M40;2038784;1024;0
M40;2039808;1024;0
M40;2040832;1024;0
M40;2041856;1024;0
M40;2042880;1024;0
M40;2043904;1024;0
M40;2044928;1024;0
M40;2045952;1024;0
M40;2046976;1024;0
M40;2048000;1024;0
M40;2049024;1024;0
M40;2050048;1024;0
M40;2051072;1024;0
M40;2052096;1024;0
M40;2053120;1024;0
M40;2054144;1024;0
M40;2055168;1024;0
M40;2056192;1024;0
M40;2057216;1024;0
M40;2058240;1024;0
M40;2059264;1024;0
M40;2060288;1024;0
M40;2061312;1024;0
M40;2062336;1024;0
M40;2063360;1024;0
M40;2064384;1024;0
M40;2065408;1024;0
M40;2066432;1024;0
M40;2067456;291;0
P114;2068480;1024;0,0621
P114;2069504;635;0,0621
P126;2070528;42;0,0977
P130;2071552;1024;0,0999
P130;2072576;556;0,0999
P147;2073600;1024;0,0718
P147;2074624;135;0,0718
P163;2075648;1024;0,0631
P163;2076672;1024;0,0631
P163;2077696;932;0,0631
P185;2078720;1024;0,0691
P185;2079744;508;0,0691
P201;2080768;1024;0,061
P201;2081792;1024;0,061
P201;2082816;1024;0,061
P201;2083840;1024;0,061
P201;2084864;83;0,061
P257;2085888;854;0,0621
P272;2086912;1024;0,0626
P272;2087936;459;0,0626
P302;2088960;416;0,1242
P323;2089984;1024;0,061
P323;2091008;1024;0,061
P323;2092032;1024;0,061
P323;2093056;389;0,061
P378;2094080;1024;0,0977
P378;2095104;1024;0,0977
P378;2096128;1024;0,0977
P378;2097152;457;0,0977
P443;2098176;1024;0,0977
P443;2099200;1024;0,0977
P443;2100224;992;0,0977
P492;2101248;973;0,1501
L;2102272;0;0
L;2103296;0;0
L;2104320;0;0
L;2105344;0;0
L;2106368;0;0
L;2107392;0;0
L;2108416;0;0
L;2109440;0;0
L;2110464;0;0
M3;2111488;43;0
P379;2112512;1024;0,0988
P379;2113536;548;0,0988
P411;2114560;1024;0,0977
P411;2115584;441;0,0977
P444;2116608;85;0,095
P460;2117632;1024;0,0934
P460;2118656;415;0,0934
P493;2119680;1024;0,1479
P493;2120704;52;0,1479
L;2121728;0;0
L;2122752;0;0
L;2123776;0;0
L;2124800;0;0
L;2125824;0;0
L;2126848;0;0
L;2127872;0;0
L;2128896;0;0
M20;2129920;1024;0
M20;2130944;1024;0
M20;2131968;1024;0
M20;2132992;1024;0
M20;2134016;1024;0
M20;2135040;1024;0
M20;2136064;1024;0
M20;2137088;1024;0
M20;2138112;1024;0
M20;2139136;1024;0
M20;2140160;1024;0
M20;2141184;1024;0
M20;2142208;1024;0
M20;2143232;1024;0
M20;2144256;1024;0
M20;2145280;1024;0
M20;2146304;1024;0
M20;2147328;1024;0
M20;2148352;1024;0
M20;2149376;1024;0
M20;2150400;1024;0
M20;2151424;1024;0
M20;2152448;1024;0
M20;2153472;1024;0
M20;2154496;1024;0
M20;2155520;1024;0
M20;2156544;1024;0
M20;2157568;1024;0
M20;2158592;1024;0
M20;2159616;1024;0
M20;2160640;1024;0
M20;2161664;1024;0
M20;2162688;1024;0
M20;2163712;1024;0
M20;2164736;1024;0
M20;2165760;1024;0
M20;2166784;1024;0
M20;2167808;1024;0
M20;2168832;1024;0
M20;2169856;1024;0
M20;2170880;1024;0
M20;2171904;642;0
P258;2172928;1024;0,0621
P258;2173952;1024;0,0621
P258;2174976;64;0,0621
P303;2176000;1024;0,1555
P303;2177024;1024;0,1555
P303;2178048;1024;0,1555
P303;2179072;416;0,1555
P366;2180096;1024;0,0923
P366;2181120;1024;0,0923
P366;2182144;255;0,0923
P412;2183168;1024;0,0999
P412;2184192;517;0,0999
P445;2185216;1024;0,0999
P445;2186240;1024;0,0999
P445;2187264;520;0,0999
P494;2188288;499;0,149
L;2189312;0;0
L;2190336;0;0
L;2191360;0;0
L;2192384;0;0
L;2193408;0;0
L;2194432;0;0
L;2195456;0;0
L;2196480;0;0
L;2197504;0;0
M14;2198528;1024;0
M14;2199552;1024;0
M14;2200576;1024;0
M14;2201600;1024;0
M14;2202624;1024;0
M14;2203648;1024;0
M14;2204672;1024;0
M14;2205696;1024;0
M14;2206720;1024;0
M14;2207744;1024;0
M14;2208768;1024;0
M14;2209792;1024;0
M14;2210816;1024;0
M14;2211840;1024;0
M14;2212864;163;0
P259;2213888;1024;0,0615
P259;2214912;363;0,0615
P287;2215936;1024;0,061
P287;2216960;83;0,061
P324;2217984;1024;0,0901
P324;2219008;586;0,0901
P348;2220032;1024;0,0928
P348;2221056;356;0,0928
P380;2222080;1024;0,0977
P380;2223104;1024;0,0977
P380;2224128;715;0,0977
P430;2225152;1024;0,1031
P430;2226176;1024;0,1031
P430;2227200;513;0,1031
P479;2228224;1024;0,1463
P479;2229248;533;0,1463
L;2230272;0;0
L;2231296;0;0
L;2232320;0;0
L;2233344;0;0
L;2234368;0;0
L;2235392;0;0
L;2236416;0;0
L;2237440;0;0
L;2238464;0;0
M2;2239488;1024;0
M2;2240512;1024;0
M2;2241536;1024;0
M2;2242560;1024;0
M2;2243584;1024;0
M2;2244608;1024;0
M2;2245632;1024;0
M2;2246656;1024;0
M2;2247680;1024;0
M2;2248704;1024;0
M2;2249728;451;0
P219;2250752;1024;0,0615
P219;2251776;873;0,0615
P244;2252800;340;0,061
P260;2253824;1024;0,0621
P260;2254848;1024;0,0621
P260;2255872;623;0,0621
P304;2256896;585;0,1204
P325;2257920;1024;0,0615
P325;2258944;102;0,0615
P349;2259968;1024;0,1031
P349;2260992;634;0,1031
P381;2262016;543;0,1015
P397;2263040;1024;0,0961
P397;2264064;484;0,0961
P431;2265088;1024;0,0977
P431;2266112;1024;0,0977
P431;2267136;900;0,0977
P480;2268160;1024;0,1452
P480;2269184;919;0,1452
L;2270208;0;0
L;2271232;0;0
L;2272256;0;0
L;2273280;0;0
L;2274304;0;0
L;2275328;0;0
L;2276352;0;0
L;2277376;0;0
L;2278400;0;0
M29;2279424;1024;0
M29;2280448;1024;0
M29;2281472;1024;0
M29;2282496;1024;0
M29;2283520;1024;0
M29;2284544;1024;0
M29;2285568;1024;0
M29;2286592;1024;0
M29;2287616;1024;0
M29;2288640;1024;0
M29;2289664;1024;0
M29;2290688;1024;0
M29;2291712;1024;0
M29;2292736;1024;0
M29;2293760;1024;0
M29;2294784;1024;0
M29;2295808;1024;0
M29;2296832;1024;0
M29;2297856;1024;0
M29;2298880;1024;0
M29;2299904;1024;0
M29;2300928;1024;0
M29;2301952;131;0
P195;2302976;210;0,0604
P202;2304000;839;0,0658
P210;2305024;1024;0,0615
P210;2306048;255;0,0615
P233;2307072;1024;0,061
P233;2308096;63;0,061
P261;2309120;1024;0,0621
P261;2310144;1024;0,0621
P261;2311168;881;0,0621
P305;2312192;1024;0,1128
P305;2313216;700;0,1128
P333;2314240;363;0,1107
P350;2315264;418;0,102
P367;2316288;1024;0,0896
P367;2317312;143;0,0896
P398;2318336;88;0,0982
P413;2319360;1024;0,0972
P413;2320384;1024;0,0972
P413;2321408;84;0,0972
P461;2322432;1024;0,0891
P461;2323456;1024;0,0891
P461;2324480;883;0,0891
L;2325504;0;0
L;2326528;0;0
L;2327552;0;0
L;2328576;0;0
L;2329600;0;0
L;2330624;0;0
L;2331648;0;0
L;2332672;0;0
L;2333696;0;0
M43;2334720;1024;0
M43;2335744;1024;0
M43;2336768;1024;0
M43;2337792;1024;0
M43;2338816;1024;0
M43;2339840;1024;0
M43;2340864;1024;0
M43;2341888;1024;0
M43;2342912;1024;0
M43;2343936;1024;0
M43;2344960;1024;0
M43;2345984;1024;0
M43;2347008;1024;0
M43;2348032;1024;0
M43;2349056;1024;0
M43;2350080;1024;0
M43;2351104;1024;0
M43;2352128;1024;0
M43;2353152;1024;0
M43;2354176;1024;0
M43;2355200;1024;0
M43;2356224;1024;0
M43;2357248;1024;0
M43;2358272;1024;0
M43;2359296;1024;0
M43;2360320;704;0
P25;2361344;1024;0,061
P25;2362368;1024;0,061
P25;2363392;455;0,061
P32;2364416;1024;0,068
P32;2365440;1024;0,068
P32;2366464;1024;0,068
P32;2367488;1024;0,068
P32;2368512;746;0,068
P42;2369536;1024;0,061
P42;2370560;178;0,061
P47;2371584;1024;0,0637
P47;2372608;1024;0,0637
P47;2373632;1024;0,0637
P47;2374656;1024;0,0637
P47;2375680;647;0,0637
P61;2376704;1024;0,0642
P61;2377728;1024;0,0642
P61;2378752;468;0,0642
P73;2379776;457;0,0621
P76;2380800;1024;0,0766
P76;2381824;1024;0,0766
P76;2382848;1024;0,0766
P76;2383872;291;0,0766
P97;2384896;1024;0,0831
P97;2385920;509;0,0831
P106;2386944;1024;0,088
P106;2387968;607;0,088
P121;2388992;1024;0,0939
P121;2390016;1024;0,0939
P121;2391040;1024;0,0939
P121;2392064;719;0,0939
P148;2393088;135;0,061
P157;2394112;1024;0,0729
P157;2395136;1024;0,0729
P157;2396160;1024;0,0729
P157;2397184;183;0,0729
P186;2398208;1024;0,0615
P186;2399232;1024;0,0615
P186;2400256;1024;0,0615
P186;2401280;166;0,0615
P220;2402304;974;0,061
P234;2403328;74;0,0815
P245;2404352;1024;0,0615
P245;2405376;1024;0,0615
P245;2406400;1024;0,0615
P245;2407424;376;0,0615
P306;2408448;1024;0,1177
P306;2409472;1024;0,1177
P306;2410496;551;0,1177
P351;2411520;1024;0,0869
P351;2412544;837;0,0869
P382;2413568;1024;0,1015
P382;2414592;349;0,1015
P414;2415616;1024;0,0977
P414;2416640;976;0,0977
P446;2417664;302;0,0966
P462;2418688;1024;0,0955
P462;2419712;1024;0,0955
P462;2420736;121;0,0955
L;2421760;0;0
L;2422784;0;0
L;2423808;0;0
L;2424832;0;0
L;2425856;0;0
L;2426880;0;0
L;2427904;0;0
L;2428928;0;0
L;2429952;0;0
M28;2430976;1024;0
M28;2432000;1024;0
M28;2433024;1024;0
M28;2434048;321;0
P48;2435072;1024;0,0615
P48;2436096;1024;0,0615
P48;2437120;1024;0,0615
P48;2438144;909;0,0615
P57;2439168;1024;0,061
P57;2440192;1024;0,061
P57;2441216;768;0,061
P68;2442240;1024;0,0615
P68;2443264;1024;0,0615
P68;2444288;980;0,0615
P78;2445312;1024;0,0669
P78;2446336;1024;0,0669
P78;2447360;1024;0,0669
P78;2448384;385;0,0669
P102;2449408;1024;0,0804
P102;2450432;542;0,0804
P115;2451456;261;0,0615
P122;2452480;1024;0,1015
P122;2453504;462;0,1015
P131;2454528;1024;0,1036
P131;2455552;972;0,1036
P149;2456576;1024;0,0621
P149;2457600;899;0,0621
P164;2458624;1024;0,0761
P164;2459648;1024;0,0761
P164;2460672;240;0,0761
P187;2461696;829;0,0653
P196;2462720;1024;0,0621
P196;2463744;62;0,0621
P211;2464768;890;0,0604
P221;2465792;858;0,061
P235;2466816;1024;0,082
P235;2467840;1024;0,082
P235;2468864;627;0,082
P273;2469888;1024;0,061
P273;2470912;1024;0,061
P273;2471936;1024;0,061
P273;2472960;283;0,061
P334;2473984;673;0,0999
P352;2475008;825;0,0896
P368;2476032;765;0,1042
P383;2477056;1024;0,0982
P383;2478080;1024;0,0982
P383;2479104;50;0,0982
P432;2480128;1024;0,1042
P432;2481152;1024;0,1042
P432;2482176;544;0,1042
P481;2483200;1024;0,1485
P481;2484224;1024;0,1485
P481;2485248;593;0,1485
L;2486272;0;0
L;2487296;0;0
L;2488320;0;0
L;2489344;0;0
L;2490368;0;0
L;2491392;0;0
L;2492416;0;0
L;2493440;0;0
M10;2494464;1024;0
M10;2495488;1024;0
M10;2496512;1024;0
M10;2497536;1024;0
M10;2498560;1024;0
M10;2499584;1024;0
M10;2500608;1024;0
M10;2501632;1024;0
M10;2502656;1024;0
M10;2503680;1024;0
M10;2504704;1024;0
M10;2505728;1024;0
M10;2506752;1024;0
M10;2507776;1024;0
M10;2508800;1024;0
M10;2509824;1024;0
M10;2510848;1024;0
M10;2511872;1024;0
M10;2512896;1024;0
M10;2513920;1024;0
M10;2514944;1024;0
M10;2515968;1024;0
M10;2516992;1024;0
M10;2518016;1024;0
M10;2519040;1024;0
M10;2520064;1024;0
M10;2521088;1024;0
M10;2522112;1024;0
M10;2523136;1024;0
M10;2524160;1024;0
M10;2525184;1024;0
M10;2526208;877;0
P399;2527232;1024;0,0961
P399;2528256;836;0,0961
P433;2529280;1024;0,1053
P433;2530304;1024;0,1053
P433;2531328;203;0,1053
P482;2532352;267;0,1625
P495;2533376;1024;0,1523
P495;2534400;1024;0,1523
P495;2535424;978;0,1523
L;2536448;0;0
L;2537472;0;0
L;2538496;0;0
L;2539520;0;0
L;2540544;0;0
L;2541568;0;0
L;2542592;0;0
M48;2543616;1024;0
M48;2544640;1024;0
M48;2545664;1024;0
M48;2546688;1024;0
M48;2547712;1024;0
M48;2548736;1024;0
M48;2549760;1024;0
M48;2550784;1024;0
M48;2551808;9;0
L;2552832;0;0
L;2553856;0;0
L;2554880;0;0
L;2555904;0;0
L;2556928;0;0
L;2557952;0;0
L;2558976;0;0
